case,profile,method,phase,population,operations,universe,trace_digest,columns,secondary_references,stable_ids,payload_bytes,key_bytes,routing_bytes,reference_bytes,summary_entries,pages,nodes,payload_moved,key_moved,relabelled,references_repaired,summary_adjustments,splits,page_relabels,largest_move,correct
d05,keys,natural,points,3277,2048,65536,5532782773955584576,0,0,0,0,67008,63552,0,0,256,257,0,0,0,0,0,0,0,0,1
d05,keys,natural,scan256_after,3277,256,65536,5532782773955584576,0,0,0,0,69472,63552,0,0,256,257,0,0,0,0,0,0,0,0,1
d05,keys,natural,churn,3277,512,65536,5532782773955584576,0,0,0,0,69472,63552,0,0,256,257,0,109536,0,0,0,0,0,0,1
d05,keys,gapped,points,3277,2048,65536,5532782773955584576,0,0,0,0,73728,3904,0,0,18,0,0,0,0,0,0,0,0,0,1
d05,keys,gapped,scan256_after,3277,256,65536,5532782773955584576,0,0,0,0,73728,3904,0,0,18,0,0,0,0,0,0,0,0,0,1
d05,keys,gapped,churn,3277,512,65536,5532782773955584576,0,0,0,0,73728,3904,0,0,18,0,0,8640,540,0,0,0,0,0,1
d05,keys,ranked,points,3277,2048,65536,5532782773955584576,0,0,0,0,73728,3904,0,0,18,0,0,0,0,0,0,0,0,0,1
d05,keys,ranked,scan256_after,3277,256,65536,5532782773955584576,0,0,0,0,73728,3904,0,0,18,0,0,0,0,0,0,0,0,0,1
d05,keys,ranked,churn,3277,512,65536,5532782773955584576,0,0,0,0,73728,3904,0,0,18,0,0,8640,540,0,0,0,0,0,1
d05,keys,blocked,points,3277,2048,65536,5532782773955584576,0,0,0,0,73728,22336,0,0,18,0,0,0,0,0,0,0,0,0,1
d05,keys,blocked,scan256_after,3277,256,65536,5532782773955584576,0,0,0,0,73728,22336,0,0,18,0,0,0,0,0,0,0,0,0,1
d05,keys,blocked,churn,3277,512,65536,5532782773955584576,0,0,0,0,73728,22336,0,0,18,0,0,397528,0,0,0,0,0,0,1
d05,keys,indirect,points,3277,2048,65536,5532782773955584576,0,0,0,0,126160,22336,0,0,18,0,0,0,0,0,0,0,0,0,1
d05,keys,indirect,scan256_after,3277,256,65536,5532782773955584576,0,0,0,0,126160,22340,0,0,18,0,0,0,0,0,0,0,0,0,1
d05,keys,indirect,churn,3277,512,65536,5532782773955584576,0,0,0,0,126160,22340,0,0,18,0,0,1987640,0,0,0,0,0,0,1
d05,deps,natural,points,3277,2048,65536,5532782773955584576,16,4,0,536064,67008,161856,121248,257,256,257,0,0,0,0,0,0,0,0,1
d05,deps,natural,scan256_after,3277,256,65536,5532782773955584576,16,4,0,555776,69472,161856,121248,257,256,257,0,0,0,0,0,0,0,0,1
d05,deps,natural,churn,3277,512,65536,5532782773955584576,16,4,0,555776,69472,161856,121248,257,256,257,876288,109536,0,0,2048,0,0,0,1
d05,deps,gapped,points,3277,2048,65536,5532782773955584576,16,4,0,589824,73728,10816,121248,19,18,0,0,0,0,0,0,0,0,0,1
d05,deps,gapped,scan256_after,3277,256,65536,5532782773955584576,16,4,0,589824,73728,10816,121248,19,18,0,0,0,0,0,0,0,0,0,1
d05,deps,gapped,churn,3277,512,65536,5532782773955584576,16,4,0,589824,73728,10816,121248,19,18,0,69120,8640,540,2160,2048,0,0,0,1
d05,deps,ranked,points,3277,2048,65536,5532782773955584576,16,4,0,589824,73728,10816,121248,19,18,0,0,0,0,0,0,0,0,0,1
d05,deps,ranked,scan256_after,3277,256,65536,5532782773955584576,16,4,0,589824,73728,10816,121248,19,18,0,0,0,0,0,0,0,0,0,1
d05,deps,ranked,churn,3277,512,65536,5532782773955584576,16,4,0,589824,73728,10816,121248,19,18,0,12720896,8640,540,2160,2048,0,0,0,1
d05,deps,blocked,points,3277,2048,65536,5532782773955584576,16,4,0,589824,73728,29248,121248,19,18,0,0,0,0,0,0,0,0,0,1
d05,deps,blocked,scan256_after,3277,256,65536,5532782773955584576,16,4,0,589824,73728,29248,121248,19,18,0,0,0,0,0,0,0,0,0,1
d05,deps,blocked,churn,3277,512,65536,5532782773955584576,16,4,0,589824,73728,29248,121248,19,18,0,0,397528,0,0,2048,0,0,0,1
d05,deps,indirect,points,3277,2048,65536,5532782773955584576,16,4,0,419456,126160,22336,121248,19,18,0,0,0,0,0,0,0,0,0,1
d05,deps,indirect,scan256_after,3277,256,65536,5532782773955584576,16,4,0,419456,126160,22340,121248,19,18,0,0,0,0,0,0,0,0,0,1
d05,deps,indirect,churn,3277,512,65536,5532782773955584576,16,4,0,419456,126160,22340,121248,19,18,0,0,1987640,0,0,2048,0,0,0,1
d20,keys,natural,points,13107,2048,65536,10126532683383999592,0,0,0,0,263632,63552,0,0,256,257,0,0,0,0,0,0,0,0,1
d20,keys,natural,scan256_after,13107,256,65536,10126532683383999592,0,0,0,0,263632,63552,0,0,256,257,0,0,0,0,0,0,0,0,1
d20,keys,natural,churn,13107,512,65536,10126532683383999592,0,0,0,0,263632,63552,0,0,256,257,0,426864,0,0,0,0,0,0,1
d20,keys,gapped,points,13107,2048,65536,10126532683383999592,0,0,0,0,282624,15136,0,0,69,0,0,0,0,0,0,0,0,0,1
d20,keys,gapped,scan256_after,13107,256,65536,10126532683383999592,0,0,0,0,282624,15136,0,0,69,0,0,0,0,0,0,0,0,0,1
d20,keys,gapped,churn,13107,512,65536,10126532683383999592,0,0,0,0,282624,15136,0,0,69,0,0,6448,403,0,0,0,0,0,1
d20,keys,ranked,points,13107,2048,65536,10126532683383999592,0,0,0,0,282624,15136,0,0,69,0,0,0,0,0,0,0,0,0,1
d20,keys,ranked,scan256_after,13107,256,65536,10126532683383999592,0,0,0,0,282624,15136,0,0,69,0,0,0,0,0,0,0,0,0,1
d20,keys,ranked,churn,13107,512,65536,10126532683383999592,0,0,0,0,282624,15136,0,0,69,0,0,6448,403,0,0,0,0,0,1
d20,keys,blocked,points,13107,2048,65536,10126532683383999592,0,0,0,0,282624,85792,0,0,69,0,0,0,0,0,0,0,0,0,1
d20,keys,blocked,scan256_after,13107,256,65536,10126532683383999592,0,0,0,0,282624,85792,0,0,69,0,0,0,0,0,0,0,0,0,1
d20,keys,blocked,churn,13107,512,65536,10126532683383999592,0,0,0,0,282624,85792,0,0,69,0,0,387348,0,0,0,0,0,0,1
d20,keys,indirect,points,13107,2048,65536,10126532683383999592,0,0,0,0,492336,85792,0,0,69,0,0,0,0,0,0,0,0,0,1
d20,keys,indirect,scan256_after,13107,256,65536,10126532683383999592,0,0,0,0,492336,85796,0,0,69,0,0,0,0,0,0,0,0,0,1
d20,keys,indirect,churn,13107,512,65536,10126532683383999592,0,0,0,0,492336,85796,0,0,69,0,0,1936740,0,0,0,0,0,0,1
d20,deps,natural,points,13107,2048,65536,10126532683383999592,16,4,0,2109056,263632,161856,435808,257,256,257,0,0,0,0,0,0,0,0,1
d20,deps,natural,scan256_after,13107,256,65536,10126532683383999592,16,4,0,2109056,263632,161856,435808,257,256,257,0,0,0,0,0,0,0,0,1
d20,deps,natural,churn,13107,512,65536,10126532683383999592,16,4,0,2109056,263632,161856,435808,257,256,257,3414912,426864,0,0,2048,0,0,0,1
d20,deps,gapped,points,13107,2048,65536,10126532683383999592,16,4,0,2260992,282624,41632,435808,70,69,0,0,0,0,0,0,0,0,0,1
d20,deps,gapped,scan256_after,13107,256,65536,10126532683383999592,16,4,0,2260992,282624,41632,435808,70,69,0,0,0,0,0,0,0,0,0,1
d20,deps,gapped,churn,13107,512,65536,10126532683383999592,16,4,0,2260992,282624,41632,435808,70,69,0,51584,6448,403,1612,2048,0,0,0,1
d20,deps,ranked,points,13107,2048,65536,10126532683383999592,16,4,0,2260992,282624,41632,435808,70,69,0,0,0,0,0,0,0,0,0,1
d20,deps,ranked,scan256_after,13107,256,65536,10126532683383999592,16,4,0,2260992,282624,41632,435808,70,69,0,0,0,0,0,0,0,0,0,1
d20,deps,ranked,churn,13107,512,65536,10126532683383999592,16,4,0,2260992,282624,41632,435808,70,69,0,12395136,6448,403,1612,2048,0,0,0,1
d20,deps,blocked,points,13107,2048,65536,10126532683383999592,16,4,0,2260992,282624,112288,435808,70,69,0,0,0,0,0,0,0,0,0,1
d20,deps,blocked,scan256_after,13107,256,65536,10126532683383999592,16,4,0,2260992,282624,112288,435808,70,69,0,0,0,0,0,0,0,0,0,1
d20,deps,blocked,churn,13107,512,65536,10126532683383999592,16,4,0,2260992,282624,112288,435808,70,69,0,0,387348,0,0,2048,0,0,0,1
d20,deps,indirect,points,13107,2048,65536,10126532683383999592,16,4,0,1677696,492336,85792,435808,70,69,0,0,0,0,0,0,0,0,0,1
d20,deps,indirect,scan256_after,13107,256,65536,10126532683383999592,16,4,0,1677696,492336,85796,435808,70,69,0,0,0,0,0,0,0,0,0,1
d20,deps,indirect,churn,13107,512,65536,10126532683383999592,16,4,0,1677696,492336,85796,435808,70,69,0,0,1936740,0,0,2048,0,0,0,1
collision,deps,natural,points,4096,2048,0,7489257858394937713,16,4,0,856192,107024,1670112,147456,2584,2583,2600,0,0,0,0,0,0,0,0,1
collision,deps,natural,secondary,4096,2048,0,7489257858394937713,16,4,0,856192,107024,1670112,147456,2584,2583,2600,0,0,0,0,0,0,0,0,1
collision,deps,natural,scan256_after,4096,256,0,7489257858394937713,16,4,0,863616,107952,1681664,147456,2603,2602,2619,0,0,0,0,0,0,0,0,1
collision,deps,natural,churn,4096,512,0,7489257858394937713,16,4,0,863616,107952,1681664,147456,2603,2602,2619,70528,8816,0,0,2048,0,0,0,1
collision,deps,natural,rebuild,4096,4096,0,7489257858394937713,16,4,0,856192,107024,1670112,147456,2584,2583,2600,0,0,0,0,0,0,0,0,1
collision,deps,natural1024,points,4096,2048,0,7489257858394937713,16,4,0,656128,82016,10048,147456,17,16,17,0,0,0,0,0,0,0,0,1
collision,deps,natural1024,secondary,4096,2048,0,7489257858394937713,16,4,0,656128,82016,10048,147456,17,16,17,0,0,0,0,0,0,0,0,1
collision,deps,natural1024,scan256_after,4096,256,0,7489257858394937713,16,4,0,656128,82016,10048,147456,17,16,17,0,0,0,0,0,0,0,0,1
collision,deps,natural1024,churn,4096,512,0,7489257858394937713,16,4,0,656128,82016,10048,147456,17,16,17,17143040,2142880,0,0,2048,0,0,0,1
collision,deps,natural1024,rebuild,4096,4096,0,7489257858394937713,16,4,0,656128,82016,10048,147456,17,16,17,0,0,0,0,0,0,0,0,1
collision,deps,gapped,points,4096,2048,0,7489257858394937713,16,4,0,720896,90112,12992,147456,23,22,0,0,0,0,0,0,0,0,0,1
collision,deps,gapped,secondary,4096,2048,0,7489257858394937713,16,4,0,720896,90112,12992,147456,23,22,0,0,0,0,0,0,0,0,0,1
collision,deps,gapped,scan256_after,4096,256,0,7489257858394937713,16,4,0,720896,90112,12992,147456,23,22,0,0,0,0,0,0,0,0,0,1
collision,deps,gapped,churn,4096,512,0,7489257858394937713,16,4,0,720896,90112,12992,147456,23,22,0,77184,9648,603,2412,2048,0,0,0,1
collision,deps,gapped,rebuild,4096,4096,0,7489257858394937713,16,4,0,720896,90112,12992,147456,23,22,0,0,0,0,0,0,0,0,0,1
collision,deps,blocked,points,4096,2048,0,7489257858394937713,16,4,0,720896,90112,35520,147456,23,22,0,0,0,0,0,0,0,0,0,1
collision,deps,blocked,secondary,4096,2048,0,7489257858394937713,16,4,0,720896,90112,35520,147456,23,22,0,0,0,0,0,0,0,0,0,1
collision,deps,blocked,scan256_after,4096,256,0,7489257858394937713,16,4,0,720896,90112,35520,147456,23,22,0,0,0,0,0,0,0,0,0,1
collision,deps,blocked,churn,4096,512,0,7489257858394937713,16,4,0,720896,90112,35520,147456,23,22,0,0,379512,0,0,2048,0,0,0,1
collision,deps,blocked,rebuild,4096,4096,0,7489257858394937713,16,4,0,720896,90112,35520,147456,23,22,0,0,0,0,0,0,0,0,0,1
collision,deps,indirect,points,4096,2048,0,7489257858394937713,16,4,0,524288,155648,27072,147456,23,22,0,0,0,0,0,0,0,0,0,1
collision,deps,indirect,secondary,4096,2048,0,7489257858394937713,16,4,0,524288,155648,27072,147456,23,22,0,0,0,0,0,0,0,0,0,1
collision,deps,indirect,scan256_after,4096,256,0,7489257858394937713,16,4,0,524288,155648,27076,147456,23,22,0,0,0,0,0,0,0,0,0,1
collision,deps,indirect,churn,4096,512,0,7489257858394937713,16,4,0,524288,155648,27076,147456,23,22,0,0,1897560,0,0,2048,0,0,0,1
collision,deps,indirect,rebuild,4096,4096,0,7489257858394937713,16,4,0,524288,155648,27072,147456,23,22,0,0,0,0,0,0,0,0,0,1
collision,ids,natural,points,4096,2048,0,7489257858394937713,16,4,1,856192,107024,1670112,184320,2584,2583,2600,0,0,0,0,0,0,0,0,1
collision,ids,natural,secondary,4096,2048,0,7489257858394937713,16,4,1,856192,107024,1670112,184320,2584,2583,2600,0,0,0,0,0,0,0,0,1
collision,ids,natural,scan256_after,4096,256,0,7489257858394937713,16,4,1,863616,107952,1681664,184320,2603,2602,2619,0,0,0,0,0,0,0,0,1
collision,ids,natural,churn,4096,512,0,7489257858394937713,16,4,1,863616,107952,1681664,184320,2603,2602,2619,70528,8816,0,0,2048,0,0,0,1
collision,ids,natural,rebuild,4096,4096,0,7489257858394937713,16,4,1,856192,107024,1670112,184320,2584,2583,2600,0,0,0,0,0,0,0,0,1
collision,ids,natural1024,points,4096,2048,0,7489257858394937713,16,4,1,656128,82016,10048,184320,17,16,17,0,0,0,0,0,0,0,0,1
collision,ids,natural1024,secondary,4096,2048,0,7489257858394937713,16,4,1,656128,82016,10048,184320,17,16,17,0,0,0,0,0,0,0,0,1
collision,ids,natural1024,scan256_after,4096,256,0,7489257858394937713,16,4,1,656128,82016,10048,184320,17,16,17,0,0,0,0,0,0,0,0,1
collision,ids,natural1024,churn,4096,512,0,7489257858394937713,16,4,1,656128,82016,10048,184320,17,16,17,17143040,2142880,0,0,2048,0,0,0,1
collision,ids,natural1024,rebuild,4096,4096,0,7489257858394937713,16,4,1,656128,82016,10048,184320,17,16,17,0,0,0,0,0,0,0,0,1
collision,ids,gapped,points,4096,2048,0,7489257858394937713,16,4,1,720896,90112,12992,184320,23,22,0,0,0,0,0,0,0,0,0,1
collision,ids,gapped,secondary,4096,2048,0,7489257858394937713,16,4,1,720896,90112,12992,184320,23,22,0,0,0,0,0,0,0,0,0,1
collision,ids,gapped,scan256_after,4096,256,0,7489257858394937713,16,4,1,720896,90112,12992,184320,23,22,0,0,0,0,0,0,0,0,0,1
collision,ids,gapped,churn,4096,512,0,7489257858394937713,16,4,1,720896,90112,12992,184320,23,22,0,77184,9648,603,603,2048,0,0,0,1
collision,ids,gapped,rebuild,4096,4096,0,7489257858394937713,16,4,1,720896,90112,12992,184320,23,22,0,0,0,0,0,0,0,0,0,1
collision,ids,blocked,points,4096,2048,0,7489257858394937713,16,4,1,720896,90112,35520,184320,23,22,0,0,0,0,0,0,0,0,0,1
collision,ids,blocked,secondary,4096,2048,0,7489257858394937713,16,4,1,720896,90112,35520,184320,23,22,0,0,0,0,0,0,0,0,0,1
collision,ids,blocked,scan256_after,4096,256,0,7489257858394937713,16,4,1,720896,90112,35520,184320,23,22,0,0,0,0,0,0,0,0,0,1
collision,ids,blocked,churn,4096,512,0,7489257858394937713,16,4,1,720896,90112,35520,184320,23,22,0,0,379512,0,0,2048,0,0,0,1
collision,ids,blocked,rebuild,4096,4096,0,7489257858394937713,16,4,1,720896,90112,35520,184320,23,22,0,0,0,0,0,0,0,0,0,1
collision,ids,indirect,points,4096,2048,0,7489257858394937713,16,4,1,524288,155648,27072,184320,23,22,0,0,0,0,0,0,0,0,0,1
collision,ids,indirect,secondary,4096,2048,0,7489257858394937713,16,4,1,524288,155648,27072,184320,23,22,0,0,0,0,0,0,0,0,0,1
collision,ids,indirect,scan256_after,4096,256,0,7489257858394937713,16,4,1,524288,155648,27076,184320,23,22,0,0,0,0,0,0,0,0,0,1
collision,ids,indirect,churn,4096,512,0,7489257858394937713,16,4,1,524288,155648,27076,184320,23,22,0,0,1897560,0,0,2048,0,0,0,1
collision,ids,indirect,rebuild,4096,4096,0,7489257858394937713,16,4,1,524288,155648,27072,184320,23,22,0,0,0,0,0,0,0,0,0,1
hot,deps,natural,points,4096,2048,65536,12968327528492108309,16,4,0,668032,83504,161856,196608,257,256,257,0,0,0,0,0,0,0,0,1
hot,deps,natural,secondary,4096,2048,65536,12968327528492108309,16,4,0,668032,83504,161856,196608,257,256,257,0,0,0,0,0,0,0,0,1
hot,deps,natural,scan256_after,4096,256,65536,12968327528492108309,16,4,0,975360,121920,161856,196608,257,256,257,0,0,0,0,0,0,0,0,1
hot,deps,natural,churn,4096,2048,65536,12968327528492108309,16,4,0,975360,121920,161856,196608,257,256,257,13191936,1648992,0,0,8192,0,0,0,1
hot,deps,natural,rebuild,4096,4096,65536,12968327528492108309,16,4,0,668032,83504,161856,196608,257,256,257,0,0,0,0,0,0,0,0,1
hot,deps,natural1024,points,4096,2048,65536,12968327528492108309,16,4,0,668032,83504,161856,196608,257,256,257,0,0,0,0,0,0,0,0,1
hot,deps,natural1024,secondary,4096,2048,65536,12968327528492108309,16,4,0,668032,83504,161856,196608,257,256,257,0,0,0,0,0,0,0,0,1
hot,deps,natural1024,scan256_after,4096,256,65536,12968327528492108309,16,4,0,975360,121920,161856,196608,257,256,257,0,0,0,0,0,0,0,0,1
hot,deps,natural1024,churn,4096,2048,65536,12968327528492108309,16,4,0,975360,121920,161856,196608,257,256,257,13191936,1648992,0,0,8192,0,0,0,1
hot,deps,natural1024,rebuild,4096,4096,65536,12968327528492108309,16,4,0,668032,83504,161856,196608,257,256,257,0,0,0,0,0,0,0,0,1
hot,deps,gapped,points,4096,2048,65536,12968327528492108309,16,4,0,720896,90112,12992,196608,23,22,0,0,0,0,0,0,0,0,0,1
hot,deps,gapped,secondary,4096,2048,65536,12968327528492108309,16,4,0,720896,90112,12992,196608,23,22,0,0,0,0,0,0,0,0,0,1
hot,deps,gapped,scan256_after,4096,256,65536,12968327528492108309,16,4,0,1015808,126976,17888,196608,32,31,0,0,0,0,0,0,0,0,0,1
hot,deps,gapped,churn,4096,2048,65536,12968327528492108309,16,4,0,1015808,126976,17888,196608,32,31,0,4148480,518560,35570,142280,10496,9,22,256,1
hot,deps,gapped,rebuild,4096,4096,65536,12968327528492108309,16,4,0,720896,90112,12992,196608,23,22,0,0,0,0,0,0,0,0,0,1
hot,deps,blocked,points,4096,2048,65536,12968327528492108309,16,4,0,720896,90112,35520,196608,23,22,0,0,0,0,0,0,0,0,0,1
hot,deps,blocked,secondary,4096,2048,65536,12968327528492108309,16,4,0,720896,90112,35520,196608,23,22,0,0,0,0,0,0,0,0,0,1
hot,deps,blocked,scan256_after,4096,256,65536,12968327528492108309,16,4,0,1015808,126976,49632,196608,32,31,0,0,0,0,0,0,0,0,0,1
hot,deps,blocked,churn,4096,2048,65536,12968327528492108309,16,4,0,1015808,126976,49632,196608,32,31,0,294912,1444048,5442,21768,10496,9,22,256,1
hot,deps,blocked,rebuild,4096,4096,65536,12968327528492108309,16,4,0,720896,90112,35520,196608,23,22,0,0,0,0,0,0,0,0,0,1
hot,deps,indirect,points,4096,2048,65536,12968327528492108309,16,4,0,524288,155648,27072,196608,23,22,0,0,0,0,0,0,0,0,0,1
hot,deps,indirect,secondary,4096,2048,65536,12968327528492108309,16,4,0,524288,155648,27072,196608,23,22,0,0,0,0,0,0,0,0,0,1
hot,deps,indirect,scan256_after,4096,256,65536,12968327528492108309,16,4,0,524288,192512,38244,196608,32,31,0,0,0,0,0,0,0,0,0,1
hot,deps,indirect,churn,4096,2048,65536,12968327528492108309,16,4,0,524288,192512,38244,196608,32,31,0,0,7058960,0,0,9344,9,0,256,1
hot,deps,indirect,rebuild,4096,4096,65536,12968327528492108309,16,4,0,524288,155648,27072,196608,23,22,0,0,0,0,0,0,0,0,0,1
hot,ids,natural,points,4096,2048,65536,12968327528492108309,16,4,1,668032,83504,161856,245760,257,256,257,0,0,0,0,0,0,0,0,1
hot,ids,natural,secondary,4096,2048,65536,12968327528492108309,16,4,1,668032,83504,161856,245760,257,256,257,0,0,0,0,0,0,0,0,1
hot,ids,natural,scan256_after,4096,256,65536,12968327528492108309,16,4,1,975360,121920,161856,245760,257,256,257,0,0,0,0,0,0,0,0,1
hot,ids,natural,churn,4096,2048,65536,12968327528492108309,16,4,1,975360,121920,161856,245760,257,256,257,13191936,1648992,0,0,8192,0,0,0,1
hot,ids,natural,rebuild,4096,4096,65536,12968327528492108309,16,4,1,668032,83504,161856,245760,257,256,257,0,0,0,0,0,0,0,0,1
hot,ids,natural1024,points,4096,2048,65536,12968327528492108309,16,4,1,668032,83504,161856,245760,257,256,257,0,0,0,0,0,0,0,0,1
hot,ids,natural1024,secondary,4096,2048,65536,12968327528492108309,16,4,1,668032,83504,161856,245760,257,256,257,0,0,0,0,0,0,0,0,1
hot,ids,natural1024,scan256_after,4096,256,65536,12968327528492108309,16,4,1,975360,121920,161856,245760,257,256,257,0,0,0,0,0,0,0,0,1
hot,ids,natural1024,churn,4096,2048,65536,12968327528492108309,16,4,1,975360,121920,161856,245760,257,256,257,13191936,1648992,0,0,8192,0,0,0,1
hot,ids,natural1024,rebuild,4096,4096,65536,12968327528492108309,16,4,1,668032,83504,161856,245760,257,256,257,0,0,0,0,0,0,0,0,1
hot,ids,gapped,points,4096,2048,65536,12968327528492108309,16,4,1,720896,90112,12992,245760,23,22,0,0,0,0,0,0,0,0,0,1
hot,ids,gapped,secondary,4096,2048,65536,12968327528492108309,16,4,1,720896,90112,12992,245760,23,22,0,0,0,0,0,0,0,0,0,1
hot,ids,gapped,scan256_after,4096,256,65536,12968327528492108309,16,4,1,1015808,126976,17888,245760,32,31,0,0,0,0,0,0,0,0,0,1
hot,ids,gapped,churn,4096,2048,65536,12968327528492108309,16,4,1,1015808,126976,17888,245760,32,31,0,4148480,518560,35570,35570,10496,9,22,256,1
hot,ids,gapped,rebuild,4096,4096,65536,12968327528492108309,16,4,1,720896,90112,12992,245760,23,22,0,0,0,0,0,0,0,0,0,1
hot,ids,blocked,points,4096,2048,65536,12968327528492108309,16,4,1,720896,90112,35520,245760,23,22,0,0,0,0,0,0,0,0,0,1
hot,ids,blocked,secondary,4096,2048,65536,12968327528492108309,16,4,1,720896,90112,35520,245760,23,22,0,0,0,0,0,0,0,0,0,1
hot,ids,blocked,scan256_after,4096,256,65536,12968327528492108309,16,4,1,1015808,126976,49632,245760,32,31,0,0,0,0,0,0,0,0,0,1
hot,ids,blocked,churn,4096,2048,65536,12968327528492108309,16,4,1,1015808,126976,49632,245760,32,31,0,294912,1444048,5442,5442,10496,9,22,256,1
hot,ids,blocked,rebuild,4096,4096,65536,12968327528492108309,16,4,1,720896,90112,35520,245760,23,22,0,0,0,0,0,0,0,0,0,1
hot,ids,indirect,points,4096,2048,65536,12968327528492108309,16,4,1,524288,155648,27072,245760,23,22,0,0,0,0,0,0,0,0,0,1
hot,ids,indirect,secondary,4096,2048,65536,12968327528492108309,16,4,1,524288,155648,27072,245760,23,22,0,0,0,0,0,0,0,0,0,1
hot,ids,indirect,scan256_after,4096,256,65536,12968327528492108309,16,4,1,524288,192512,38244,245760,32,31,0,0,0,0,0,0,0,0,0,1
hot,ids,indirect,churn,4096,2048,65536,12968327528492108309,16,4,1,524288,192512,38244,245760,32,31,0,0,7058960,0,0,9344,9,0,256,1
hot,ids,indirect,rebuild,4096,4096,65536,12968327528492108309,16,4,1,524288,155648,27072,245760,23,22,0,0,0,0,0,0,0,0,0,1
append,deps,natural,points,4096,2048,65536,12880072450246211970,16,4,0,668032,83504,161856,196608,257,256,257,0,0,0,0,0,0,0,0,1
append,deps,natural,secondary,4096,2048,65536,12880072450246211970,16,4,0,668032,83504,161856,196608,257,256,257,0,0,0,0,0,0,0,0,1
append,deps,natural,scan256_after,4096,256,65536,12880072450246211970,16,4,0,930176,116272,167008,196608,265,264,267,0,0,0,0,0,0,0,0,1
append,deps,natural,churn,4096,2048,65536,12880072450246211970,16,4,0,930176,116272,167008,196608,265,264,267,7546496,943312,0,0,8439,2,0,0,1
append,deps,natural,rebuild,4096,4096,65536,12880072450246211970,16,4,0,668032,83504,161856,196608,257,256,257,0,0,0,0,0,0,0,0,1
append,deps,natural1024,points,4096,2048,65536,12880072450246211970,16,4,0,668032,83504,161856,196608,257,256,257,0,0,0,0,0,0,0,0,1
append,deps,natural1024,secondary,4096,2048,65536,12880072450246211970,16,4,0,668032,83504,161856,196608,257,256,257,0,0,0,0,0,0,0,0,1
append,deps,natural1024,scan256_after,4096,256,65536,12880072450246211970,16,4,0,947072,118384,167008,196608,265,264,267,0,0,0,0,0,0,0,0,1
append,deps,natural1024,churn,4096,2048,65536,12880072450246211970,16,4,0,947072,118384,167008,196608,265,264,267,11807872,1475984,0,0,9217,2,0,0,1
append,deps,natural1024,rebuild,4096,4096,65536,12880072450246211970,16,4,0,668032,83504,161856,196608,257,256,257,0,0,0,0,0,0,0,0,1
append,deps,gapped,points,4096,2048,65536,12880072450246211970,16,4,0,720896,90112,12992,196608,23,22,0,0,0,0,0,0,0,0,0,1
append,deps,gapped,secondary,4096,2048,65536,12880072450246211970,16,4,0,720896,90112,12992,196608,23,22,0,0,0,0,0,0,0,0,0,1
append,deps,gapped,scan256_after,4096,256,65536,12880072450246211970,16,4,0,1179648,147456,21632,196608,37,36,0,0,0,0,0,0,0,0,0,1
append,deps,gapped,churn,4096,2048,65536,12880072450246211970,16,4,0,1179648,147456,21632,196608,37,36,0,33292160,4161520,260095,1040380,11776,14,0,256,1
append,deps,gapped,rebuild,4096,4096,65536,12880072450246211970,16,4,0,720896,90112,12992,196608,23,22,0,0,0,0,0,0,0,0,0,1
append,deps,blocked,points,4096,2048,65536,12880072450246211970,16,4,0,720896,90112,35520,196608,23,22,0,0,0,0,0,0,0,0,0,1
append,deps,blocked,secondary,4096,2048,65536,12880072450246211970,16,4,0,720896,90112,35520,196608,23,22,0,0,0,0,0,0,0,0,0,1
append,deps,blocked,scan256_after,4096,256,65536,12880072450246211970,16,4,0,1179648,147456,58496,196608,37,36,0,0,0,0,0,0,0,0,0,1
append,deps,blocked,churn,4096,2048,65536,12880072450246211970,16,4,0,1179648,147456,58496,196608,37,36,0,458752,672412,3272,13088,11776,14,0,256,1
append,deps,blocked,rebuild,4096,4096,65536,12880072450246211970,16,4,0,720896,90112,35520,196608,23,22,0,0,0,0,0,0,0,0,0,1
append,deps,indirect,points,4096,2048,65536,12880072450246211970,16,4,0,524288,155648,27072,196608,23,22,0,0,0,0,0,0,0,0,0,1
append,deps,indirect,secondary,4096,2048,65536,12880072450246211970,16,4,0,524288,155648,27072,196608,23,22,0,0,0,0,0,0,0,0,0,1
append,deps,indirect,scan256_after,4096,256,65536,12880072450246211970,16,4,0,524288,212992,44676,196608,37,36,0,0,0,0,0,0,0,0,0,1
append,deps,indirect,churn,4096,2048,65536,12880072450246211970,16,4,0,524288,212992,44676,196608,37,36,0,0,3111180,0,0,9984,14,0,256,1
append,deps,indirect,rebuild,4096,4096,65536,12880072450246211970,16,4,0,524288,155648,27072,196608,23,22,0,0,0,0,0,0,0,0,0,1
append,ids,natural,points,4096,2048,65536,12880072450246211970,16,4,1,668032,83504,161856,245760,257,256,257,0,0,0,0,0,0,0,0,1
append,ids,natural,secondary,4096,2048,65536,12880072450246211970,16,4,1,668032,83504,161856,245760,257,256,257,0,0,0,0,0,0,0,0,1
append,ids,natural,scan256_after,4096,256,65536,12880072450246211970,16,4,1,930176,116272,167008,245760,265,264,267,0,0,0,0,0,0,0,0,1
append,ids,natural,churn,4096,2048,65536,12880072450246211970,16,4,1,930176,116272,167008,245760,265,264,267,7546496,943312,0,0,8439,2,0,0,1
append,ids,natural,rebuild,4096,4096,65536,12880072450246211970,16,4,1,668032,83504,161856,245760,257,256,257,0,0,0,0,0,0,0,0,1
append,ids,natural1024,points,4096,2048,65536,12880072450246211970,16,4,1,668032,83504,161856,245760,257,256,257,0,0,0,0,0,0,0,0,1
append,ids,natural1024,secondary,4096,2048,65536,12880072450246211970,16,4,1,668032,83504,161856,245760,257,256,257,0,0,0,0,0,0,0,0,1
append,ids,natural1024,scan256_after,4096,256,65536,12880072450246211970,16,4,1,947072,118384,167008,245760,265,264,267,0,0,0,0,0,0,0,0,1
append,ids,natural1024,churn,4096,2048,65536,12880072450246211970,16,4,1,947072,118384,167008,245760,265,264,267,11807872,1475984,0,0,9217,2,0,0,1
append,ids,natural1024,rebuild,4096,4096,65536,12880072450246211970,16,4,1,668032,83504,161856,245760,257,256,257,0,0,0,0,0,0,0,0,1
append,ids,gapped,points,4096,2048,65536,12880072450246211970,16,4,1,720896,90112,12992,245760,23,22,0,0,0,0,0,0,0,0,0,1
append,ids,gapped,secondary,4096,2048,65536,12880072450246211970,16,4,1,720896,90112,12992,245760,23,22,0,0,0,0,0,0,0,0,0,1
append,ids,gapped,scan256_after,4096,256,65536,12880072450246211970,16,4,1,1179648,147456,21632,245760,37,36,0,0,0,0,0,0,0,0,0,1
append,ids,gapped,churn,4096,2048,65536,12880072450246211970,16,4,1,1179648,147456,21632,245760,37,36,0,33292160,4161520,260095,260095,11776,14,0,256,1
append,ids,gapped,rebuild,4096,4096,65536,12880072450246211970,16,4,1,720896,90112,12992,245760,23,22,0,0,0,0,0,0,0,0,0,1
append,ids,blocked,points,4096,2048,65536,12880072450246211970,16,4,1,720896,90112,35520,245760,23,22,0,0,0,0,0,0,0,0,0,1
append,ids,blocked,secondary,4096,2048,65536,12880072450246211970,16,4,1,720896,90112,35520,245760,23,22,0,0,0,0,0,0,0,0,0,1
append,ids,blocked,scan256_after,4096,256,65536,12880072450246211970,16,4,1,1179648,147456,58496,245760,37,36,0,0,0,0,0,0,0,0,0,1
append,ids,blocked,churn,4096,2048,65536,12880072450246211970,16,4,1,1179648,147456,58496,245760,37,36,0,458752,672412,3272,3272,11776,14,0,256,1
append,ids,blocked,rebuild,4096,4096,65536,12880072450246211970,16,4,1,720896,90112,35520,245760,23,22,0,0,0,0,0,0,0,0,0,1
append,ids,indirect,points,4096,2048,65536,12880072450246211970,16,4,1,524288,155648,27072,245760,23,22,0,0,0,0,0,0,0,0,0,1
append,ids,indirect,secondary,4096,2048,65536,12880072450246211970,16,4,1,524288,155648,27072,245760,23,22,0,0,0,0,0,0,0,0,0,1
append,ids,indirect,scan256_after,4096,256,65536,12880072450246211970,16,4,1,524288,212992,44676,245760,37,36,0,0,0,0,0,0,0,0,0,1
append,ids,indirect,churn,4096,2048,65536,12880072450246211970,16,4,1,524288,212992,44676,245760,37,36,0,0,3111180,0,0,9984,14,0,256,1
append,ids,indirect,rebuild,4096,4096,65536,12880072450246211970,16,4,1,524288,155648,27072,245760,23,22,0,0,0,0,0,0,0,0,0,1
moving,deps,natural,points,4096,2048,65536,12911848574592157416,16,4,0,668032,83504,161856,196608,257,256,257,0,0,0,0,0,0,0,0,1
moving,deps,natural,secondary,4096,2048,65536,12911848574592157416,16,4,0,668032,83504,161856,196608,257,256,257,0,0,0,0,0,0,0,0,1
moving,deps,natural,scan256_after,4096,256,65536,12911848574592157416,16,4,0,967552,120944,161856,196608,257,256,257,0,0,0,0,0,0,0,0,1
moving,deps,natural,churn,4096,2048,65536,12911848574592157416,16,4,0,967552,120944,161856,196608,257,256,257,8844160,1105520,0,0,8192,0,0,0,1
moving,deps,natural,rebuild,4096,4096,65536,12911848574592157416,16,4,0,668032,83504,161856,196608,257,256,257,0,0,0,0,0,0,0,0,1
moving,deps,natural1024,points,4096,2048,65536,12911848574592157416,16,4,0,668032,83504,161856,196608,257,256,257,0,0,0,0,0,0,0,0,1
moving,deps,natural1024,secondary,4096,2048,65536,12911848574592157416,16,4,0,668032,83504,161856,196608,257,256,257,0,0,0,0,0,0,0,0,1
moving,deps,natural1024,scan256_after,4096,256,65536,12911848574592157416,16,4,0,967552,120944,161856,196608,257,256,257,0,0,0,0,0,0,0,0,1
moving,deps,natural1024,churn,4096,2048,65536,12911848574592157416,16,4,0,967552,120944,161856,196608,257,256,257,8844160,1105520,0,0,8192,0,0,0,1
moving,deps,natural1024,rebuild,4096,4096,65536,12911848574592157416,16,4,0,668032,83504,161856,196608,257,256,257,0,0,0,0,0,0,0,0,1
moving,deps,gapped,points,4096,2048,65536,12911848574592157416,16,4,0,720896,90112,12992,196608,23,22,0,0,0,0,0,0,0,0,0,1
moving,deps,gapped,secondary,4096,2048,65536,12911848574592157416,16,4,0,720896,90112,12992,196608,23,22,0,0,0,0,0,0,0,0,0,1
moving,deps,gapped,scan256_after,4096,256,65536,12911848574592157416,16,4,0,1015808,126976,17888,196608,32,31,0,0,0,0,0,0,0,0,0,1
moving,deps,gapped,churn,4096,2048,65536,12911848574592157416,16,4,0,1015808,126976,17888,196608,32,31,0,4904960,613120,39650,158600,10496,9,8,256,1
moving,deps,gapped,rebuild,4096,4096,65536,12911848574592157416,16,4,0,720896,90112,12992,196608,23,22,0,0,0,0,0,0,0,0,0,1
moving,deps,blocked,points,4096,2048,65536,12911848574592157416,16,4,0,720896,90112,35520,196608,23,22,0,0,0,0,0,0,0,0,0,1
moving,deps,blocked,secondary,4096,2048,65536,12911848574592157416,16,4,0,720896,90112,35520,196608,23,22,0,0,0,0,0,0,0,0,0,1
moving,deps,blocked,scan256_after,4096,256,65536,12911848574592157416,16,4,0,1015808,126976,49632,196608,32,31,0,0,0,0,0,0,0,0,0,1
moving,deps,blocked,churn,4096,2048,65536,12911848574592157416,16,4,0,1015808,126976,49632,196608,32,31,0,294912,1445608,3621,14484,10496,9,8,256,1
moving,deps,blocked,rebuild,4096,4096,65536,12911848574592157416,16,4,0,720896,90112,35520,196608,23,22,0,0,0,0,0,0,0,0,0,1
moving,deps,indirect,points,4096,2048,65536,12911848574592157416,16,4,0,524288,155648,27072,196608,23,22,0,0,0,0,0,0,0,0,0,1
moving,deps,indirect,secondary,4096,2048,65536,12911848574592157416,16,4,0,524288,155648,27072,196608,23,22,0,0,0,0,0,0,0,0,0,1
moving,deps,indirect,scan256_after,4096,256,65536,12911848574592157416,16,4,0,524288,192512,38244,196608,32,31,0,0,0,0,0,0,0,0,0,1
moving,deps,indirect,churn,4096,2048,65536,12911848574592157416,16,4,0,524288,192512,38244,196608,32,31,0,0,7066760,0,0,9344,9,0,256,1
moving,deps,indirect,rebuild,4096,4096,65536,12911848574592157416,16,4,0,524288,155648,27072,196608,23,22,0,0,0,0,0,0,0,0,0,1
moving,ids,natural,points,4096,2048,65536,12911848574592157416,16,4,1,668032,83504,161856,245760,257,256,257,0,0,0,0,0,0,0,0,1
moving,ids,natural,secondary,4096,2048,65536,12911848574592157416,16,4,1,668032,83504,161856,245760,257,256,257,0,0,0,0,0,0,0,0,1
moving,ids,natural,scan256_after,4096,256,65536,12911848574592157416,16,4,1,967552,120944,161856,245760,257,256,257,0,0,0,0,0,0,0,0,1
moving,ids,natural,churn,4096,2048,65536,12911848574592157416,16,4,1,967552,120944,161856,245760,257,256,257,8844160,1105520,0,0,8192,0,0,0,1
moving,ids,natural,rebuild,4096,4096,65536,12911848574592157416,16,4,1,668032,83504,161856,245760,257,256,257,0,0,0,0,0,0,0,0,1
moving,ids,natural1024,points,4096,2048,65536,12911848574592157416,16,4,1,668032,83504,161856,245760,257,256,257,0,0,0,0,0,0,0,0,1
moving,ids,natural1024,secondary,4096,2048,65536,12911848574592157416,16,4,1,668032,83504,161856,245760,257,256,257,0,0,0,0,0,0,0,0,1
moving,ids,natural1024,scan256_after,4096,256,65536,12911848574592157416,16,4,1,967552,120944,161856,245760,257,256,257,0,0,0,0,0,0,0,0,1
moving,ids,natural1024,churn,4096,2048,65536,12911848574592157416,16,4,1,967552,120944,161856,245760,257,256,257,8844160,1105520,0,0,8192,0,0,0,1
moving,ids,natural1024,rebuild,4096,4096,65536,12911848574592157416,16,4,1,668032,83504,161856,245760,257,256,257,0,0,0,0,0,0,0,0,1
moving,ids,gapped,points,4096,2048,65536,12911848574592157416,16,4,1,720896,90112,12992,245760,23,22,0,0,0,0,0,0,0,0,0,1
moving,ids,gapped,secondary,4096,2048,65536,12911848574592157416,16,4,1,720896,90112,12992,245760,23,22,0,0,0,0,0,0,0,0,0,1
moving,ids,gapped,scan256_after,4096,256,65536,12911848574592157416,16,4,1,1015808,126976,17888,245760,32,31,0,0,0,0,0,0,0,0,0,1
moving,ids,gapped,churn,4096,2048,65536,12911848574592157416,16,4,1,1015808,126976,17888,245760,32,31,0,4904960,613120,39650,39650,10496,9,8,256,1
moving,ids,gapped,rebuild,4096,4096,65536,12911848574592157416,16,4,1,720896,90112,12992,245760,23,22,0,0,0,0,0,0,0,0,0,1
moving,ids,blocked,points,4096,2048,65536,12911848574592157416,16,4,1,720896,90112,35520,245760,23,22,0,0,0,0,0,0,0,0,0,1
moving,ids,blocked,secondary,4096,2048,65536,12911848574592157416,16,4,1,720896,90112,35520,245760,23,22,0,0,0,0,0,0,0,0,0,1
moving,ids,blocked,scan256_after,4096,256,65536,12911848574592157416,16,4,1,1015808,126976,49632,245760,32,31,0,0,0,0,0,0,0,0,0,1
moving,ids,blocked,churn,4096,2048,65536,12911848574592157416,16,4,1,1015808,126976,49632,245760,32,31,0,294912,1445608,3621,3621,10496,9,8,256,1
moving,ids,blocked,rebuild,4096,4096,65536,12911848574592157416,16,4,1,720896,90112,35520,245760,23,22,0,0,0,0,0,0,0,0,0,1
moving,ids,indirect,points,4096,2048,65536,12911848574592157416,16,4,1,524288,155648,27072,245760,23,22,0,0,0,0,0,0,0,0,0,1
moving,ids,indirect,secondary,4096,2048,65536,12911848574592157416,16,4,1,524288,155648,27072,245760,23,22,0,0,0,0,0,0,0,0,0,1
moving,ids,indirect,scan256_after,4096,256,65536,12911848574592157416,16,4,1,524288,192512,38244,245760,32,31,0,0,0,0,0,0,0,0,0,1
moving,ids,indirect,churn,4096,2048,65536,12911848574592157416,16,4,1,524288,192512,38244,245760,32,31,0,0,7066760,0,0,9344,9,0,256,1
moving,ids,indirect,rebuild,4096,4096,65536,12911848574592157416,16,4,1,524288,155648,27072,245760,23,22,0,0,0,0,0,0,0,0,0,1
