dataset,id,group,status,reason,pattern,like,mandatory,branches,rows,bytes,hits,like_pass,literal_pass,rich_pass,survivor_bytes,bounded_bytes,bounded_rows,intervals,bounds_re2_calls,false_negatives,exact_mismatches,bounds_mismatches
accidents,accident:0,accidents,signature,character-class,At (.+)Exit (.+),'%At _%Exit _%%' ESCAPE '!',Exit ,1,65536,4378387,7299,7299,15097,7299,304326,304326,0,7299,7299,0,0,0
accidents,accident:1,accidents,signature,character-class,(.+) on (.+) at Exit (.+),'%_% on _% at Exit _%%' ESCAPE '!', at Exit ,1,65536,4378387,83,83,90,83,9217,9217,0,83,83,0,0,0
accidents,accident:2,accidents,signature,character-class,on (.+) at (.+),'%on _% at _%%' ESCAPE '!', at ,1,65536,4378387,752,752,2513,752,90170,90170,0,752,752,0,0,0
accidents,accident:3,accidents,signature,character-class,Ramp to (.+),'%Ramp to _%%' ESCAPE '!',Ramp to ,1,65536,4378387,638,638,638,638,29314,29277,1,638,638,0,0,0
uap,device_parsers:171,device_parsers,signature,unbounded-repeat;character-class;branch-budget,"; {0,2}(?:HTC[ _/])+([^ _/]+)(?:[ _/]([^ _/]+)(?:[ _/]([^ _/]+)|)|)(?:[/\\]1\.0 | V|/| +)\d+\.\d[\d\.]*(?: {0,2}Build|\))",'%/1.0 _%._%Build%' ESCAPE '!' OR '%/1.0 _%._% Build%' ESCAPE '!' OR '%/1.0 _%._%  Build%' ESCAPE '!' OR '%/1.0 _%._%)%' ESCAPE '!' OR '%\1.0 _%._%Build%' ESCAPE '!' OR '%\1.0 _%._% Build%' ESCAPE '!' OR '%\1.0 _%._%  Build%' ESCAPE '!' OR '%\1.0 _%._%)%' ESCAPE '!' OR '% V_%._%Build%' ESCAPE '!' OR '% V_%._% Build%' ESCAPE '!' OR '% V_%._%  Build%' ESCAPE '!' OR '% V_%._%)%' ESCAPE '!' OR '%/_%._%Build%' ESCAPE '!' OR '%/_%._% Build%' ESCAPE '!' OR '%/_%._%  Build%' ESCAPE '!' OR '%/_%._%)%' ESCAPE '!' OR '% %_%._%Build%' ESCAPE '!' OR '% %_%._% Build%' ESCAPE '!' OR '% %_%._%  Build%' ESCAPE '!' OR '% %_%._%)%' ESCAPE '!',.,20,18213,1919759,64,13734,15970,2053,1737969,1737969,0,13734,13734,0,0,0
uap,device_parsers:172,device_parsers,signature,unbounded-repeat;character-class;branch-budget,"; {0,2}(?:HTC[ _/])+([^ _/]+)(?:[ _/]([^ _/]+)(?:[ _/]([^ _/]+)(?:[ _/]([^ _/]+)|)|)|)(?:[/\\]1\.0 | V|/| +)\d+\.\d[\d\.]*(?: {0,2}Build|\))",'%/1.0 _%._%Build%' ESCAPE '!' OR '%/1.0 _%._% Build%' ESCAPE '!' OR '%/1.0 _%._%  Build%' ESCAPE '!' OR '%/1.0 _%._%)%' ESCAPE '!' OR '%\1.0 _%._%Build%' ESCAPE '!' OR '%\1.0 _%._% Build%' ESCAPE '!' OR '%\1.0 _%._%  Build%' ESCAPE '!' OR '%\1.0 _%._%)%' ESCAPE '!' OR '% V_%._%Build%' ESCAPE '!' OR '% V_%._% Build%' ESCAPE '!' OR '% V_%._%  Build%' ESCAPE '!' OR '% V_%._%)%' ESCAPE '!' OR '%/_%._%Build%' ESCAPE '!' OR '%/_%._% Build%' ESCAPE '!' OR '%/_%._%  Build%' ESCAPE '!' OR '%/_%._%)%' ESCAPE '!' OR '% %_%._%Build%' ESCAPE '!' OR '% %_%._% Build%' ESCAPE '!' OR '% %_%._%  Build%' ESCAPE '!' OR '% %_%._%)%' ESCAPE '!',.,20,18213,1919759,66,13734,15970,2053,1737969,1737969,0,13734,13734,0,0,0
uap,device_parsers:170,device_parsers,signature,unbounded-repeat;character-class;branch-budget,"; {0,2}(?:HTC[ _/])+([^ _/]+)(?:[ _/]([^ _/]+)|)(?:[/\\]1\.0 | V|/| +)\d+\.\d[\d\.]*(?: {0,2}Build|\))",'%_%._%Build%' ESCAPE '!' OR '%_%._% Build%' ESCAPE '!' OR '%_%._%  Build%' ESCAPE '!' OR '%_%._%)%' ESCAPE '!',.,4,18213,1919759,62,13742,15970,2078,1738761,1738761,0,13742,13742,0,0,0
uap,device_parsers:275,device_parsers,signature,case-fold;character-class,"; {0,2}Micromax[ _](P\d{3}[^;/]*) Build",'% %___%%' ESCAPE '!' OR '%!_%___%%' ESCAPE '!' OR '% %___%%' ESCAPE '!' OR '%!_%___%%' ESCAPE '!' OR '% %___%%' ESCAPE '!' OR '%!_%___%%' ESCAPE '!',,6,18213,1919759,11,16109,18213,6685,1887638,1886550,62,16109,16109,0,0,0
uap,user_agent_parsers:397,user_agent_parsers,signature,character-class,(AppleWebKit)/(\d+)\.(\d+)\.(\d+),'%AppleWebKit/_%._%._%%' ESCAPE '!',AppleWebKit/,1,18213,1919759,129,9037,9286,129,1314351,715851,9037,9037,9037,0,0,0
uap,os_parsers:25,os_parsers,signature,character-class,(Android) (\d+);,'%Android _%;%' ESCAPE '!',Android ,1,18213,1919759,62,8789,9147,62,1257634,1066008,8727,8789,8789,0,0,0
uap,device_parsers:273,device_parsers,signature,case-fold;character-class,"; {0,2}Micromax[ _](A\d{2,3}[^;/]*) Build",'% %__%%' ESCAPE '!' OR '% %___%%' ESCAPE '!' OR '%!_%__%%' ESCAPE '!' OR '%!_%___%%' ESCAPE '!' OR '% %__%%' ESCAPE '!' OR '% %___%%' ESCAPE '!' OR '%!_%__%%' ESCAPE '!' OR '%!_%___%%' ESCAPE '!' OR '% %__%%' ESCAPE '!' OR '% %___%%' ESCAPE '!' OR '%!_%__%%' ESCAPE '!' OR '%!_%___%%' ESCAPE '!',,12,18213,1919759,62,16122,18213,9162,1887796,1886708,62,16122,16122,0,0,0
uap,device_parsers:599,device_parsers,signature,case-fold;character-class,SAMSUNG(?:; |[ -/])([A-Za-z0-9\-]+),'%S%S%_%%' ESCAPE '!' OR '%S%S%__%%' ESCAPE '!' OR '%S%s%_%%' ESCAPE '!' OR '%S%s%__%%' ESCAPE '!' OR '%S%ſ%_%%' ESCAPE '!' OR '%S%ſ%__%%' ESCAPE '!' OR '%s%S%_%%' ESCAPE '!' OR '%s%S%__%%' ESCAPE '!' OR '%s%s%_%%' ESCAPE '!' OR '%s%s%__%%' ESCAPE '!' OR '%s%ſ%_%%' ESCAPE '!' OR '%s%ſ%__%%' ESCAPE '!' OR '%ſ%S%_%%' ESCAPE '!' OR '%ſ%S%__%%' ESCAPE '!' OR '%ſ%s%_%%' ESCAPE '!' OR '%ſ%s%__%%' ESCAPE '!' OR '%ſ%ſ%_%%' ESCAPE '!' OR '%ſ%ſ%__%%' ESCAPE '!',,18,18213,1919759,2384,11790,18213,6006,1404436,918189,9981,11790,11790,0,0,0
uap,device_parsers:402,device_parsers,signature,case-fold;branch-budget;character-class,"; {0,2}((?:CSL_Spice|Spice|SPICE|CSL)[ _\-]?|)([Mm][Ii])([ _\-]|)(\d{3}[^;/]*)(?: Build|\) AppleWebKit)",'%___% Build%' ESCAPE '!' OR '%___%) AppleWebKit%' ESCAPE '!',,2,18213,1919759,38,9520,18213,5768,1372947,737149,9515,9520,9520,0,0,0
uap,device_parsers:132,device_parsers,signature,character-class;case-fold,\sGIONEE[-\s_](\w*),'%_%_%%' ESCAPE '!',,1,18213,1919759,17,18213,18213,15144,1919759,1919759,0,18213,18213,0,0,0
uap,device_parsers:276,device_parsers,signature,case-fold;character-class,"; {0,2}(P\d{3}|P\d{3}\(Funbook\)) Build",'%___%' ESCAPE '!' OR '%___%K%' ESCAPE '!' OR '%___%k%' ESCAPE '!' OR '%___%K%' ESCAPE '!' OR '%___%' ESCAPE '!' OR '%___%K%' ESCAPE '!' OR '%___%k%' ESCAPE '!' OR '%___%K%' ESCAPE '!' OR '%___%' ESCAPE '!' OR '%___%K%' ESCAPE '!' OR '%___%k%' ESCAPE '!' OR '%___%K%' ESCAPE '!',,12,18213,1919759,19,18213,18213,16321,1919759,1919759,0,18213,18213,0,0,0
uap,device_parsers:455,device_parsers,signature,character-class,"; {0,2}([A-Z]{2,4})(M\d{3,}[A-Z]{2})([^;\)\/]*)(?: Build|[;\)])",'%;__M___%__% Build%' ESCAPE '!' OR '%;__M___%__%)%' ESCAPE '!' OR '%;__M___%__%;%' ESCAPE '!' OR '%;___M___%__% Build%' ESCAPE '!' OR '%;___M___%__%)%' ESCAPE '!' OR '%;___M___%__%;%' ESCAPE '!' OR '%;____M___%__% Build%' ESCAPE '!' OR '%;____M___%__%)%' ESCAPE '!' OR '%;____M___%__%;%' ESCAPE '!' OR '%; __M___%__% Build%' ESCAPE '!' OR '%; __M___%__%)%' ESCAPE '!' OR '%; __M___%__%;%' ESCAPE '!' OR '%; ___M___%__% Build%' ESCAPE '!' OR '%; ___M___%__%)%' ESCAPE '!' OR '%; ___M___%__%;%' ESCAPE '!' OR '%; ____M___%__% Build%' ESCAPE '!' OR '%; ____M___%__%)%' ESCAPE '!' OR '%; ____M___%__%;%' ESCAPE '!' OR '%;  __M___%__% Build%' ESCAPE '!' OR '%;  __M___%__%)%' ESCAPE '!' OR '%;  __M___%__%;%' ESCAPE '!' OR '%;  ___M___%__% Build%' ESCAPE '!' OR '%;  ___M___%__%)%' ESCAPE '!' OR '%;  ___M___%__%;%' ESCAPE '!' OR '%;  ____M___%__% Build%' ESCAPE '!' OR '%;  ____M___%__%)%' ESCAPE '!' OR '%;  ____M___%__%;%' ESCAPE '!',;,27,18213,1919759,70,1787,12268,70,241048,220853,804,1787,1787,0,0,0
uap,user_agent_parsers:2,user_agent_parsers,exact,,ArcGIS Client Using WinInet,'%ArcGIS Client Using WinInet%' ESCAPE '!',ArcGIS Client Using WinInet,1,18213,1919759,1,1,1,1,0,0,0,0,0,0,0,0
uap,user_agent_parsers:23,user_agent_parsers,exact,,(espn\.go),'%espn.go%' ESCAPE '!',espn.go,1,18213,1919759,0,0,0,0,0,0,0,0,0,0,0,0
uap,user_agent_parsers:24,user_agent_parsers,exact,,(espnradio\.com),'%espnradio.com%' ESCAPE '!',espnradio.com,1,18213,1919759,0,0,0,0,0,0,0,0,0,0,0,0
uap,user_agent_parsers:25,user_agent_parsers,exact,,ESPN APP$,'%ESPN APP' ESCAPE '!',ESPN APP,1,18213,1919759,0,0,0,0,0,0,0,0,0,0,0,0
uap,user_agent_parsers:26,user_agent_parsers,exact,,(audioboom\.com),'%audioboom.com%' ESCAPE '!',audioboom.com,1,18213,1919759,0,0,0,0,0,0,0,0,0,0,0,0
uap,user_agent_parsers:27,user_agent_parsers,exact,, (Rivo) RHYTHM,'% Rivo RHYTHM%' ESCAPE '!', Rivo RHYTHM,1,18213,1919759,0,0,0,0,0,0,0,0,0,0,0,0
uap,user_agent_parsers:33,user_agent_parsers,exact,,X11; (Datanyze); Linux,'%X11; Datanyze; Linux%' ESCAPE '!',X11; Datanyze; Linux,1,18213,1919759,3,3,3,3,0,0,0,0,0,0,0,0
uap,user_agent_parsers:39,user_agent_parsers,exact,,(\(StatusCake\)),'%(StatusCake)%' ESCAPE '!',(StatusCake),1,18213,1919759,2,2,2,2,0,0,0,0,0,0,0,0
