input,case,threads,repetitions,cpu_ns,median_cpu_ns,real_ns,median_real_ns,ns_per_item,median_ns_per_item,counter:items_per_iteration,counter:physical_bytes,counter:drawn_bytes,counter:hull_bytes,counter:window_bytes,counter:stride
crossover-neon,cross/16/unit3/draw2/stride3/compact/sum/packet,1,3,"[634.7154921901982,635.3036687248376,627.7639393389857]",634.7154921901982,"[635.1432528156823,635.2798764981429,627.7412822372188]",635.1432528156823,"[0.6198393478419905,0.6204137389890992,0.6130507220107282]",0.6198393478419905,1024.0,3.0,2.0,2.0,47.0,3.0
crossover-neon,cross/16/unit3/draw2/stride3/compact/sum/window,1,3,"[557.7366935647497,557.3653456292773,556.4951305800915]",557.3653456292773,"[557.9820725846137,558.3611718405913,556.5774535920359]",557.9820725846137,"[0.5446647398093258,0.5443020953410911,0.5434522759571208]",0.5443020953410911,1024.0,3.0,2.0,2.0,47.0,3.0
crossover-neon,cross/16/unit3/draw2/stride3/compact/update/packet,1,3,"[1541.3258613064068,1539.8492712021944,1540.9818904600975]",1540.9818904600975,"[1542.0973939910257,1539.8081934602799,1540.9257950538033]",1540.9257950538033,"[1.5052010364320378,1.5037590539083932,1.5048651274024387]",1.5048651274024387,1024.0,3.0,2.0,2.0,47.0,3.0
crossover-neon,cross/16/unit3/draw2/stride3/compact/update/window,1,3,"[1477.6978440076366,1475.12111604284,1475.7621010362868]",1475.7621010362868,"[1477.640139507401,1475.798245615338,1475.708729657245]",1475.798245615338,"[1.4430643007887074,1.440547964885586,1.4411739267932488]",1.4411739267932488,1024.0,3.0,2.0,2.0,47.0,3.0
crossover-neon,cross/16/unit3/draw2/stride3/spread/sum/packet,1,3,"[1447.557928672177,1446.7601249246482,1409.6872859162959]",1446.7601249246482,"[1447.5014104379309,1447.3370944996375,1409.6424541629683]",1447.3370944996375,"[1.4136307897189226,1.4128516844967267,1.3766477401526327]",1.4128516844967267,1024.0,3.0,2.0,3.0,48.0,3.0
crossover-neon,cross/16/unit3/draw2/stride3/spread/sum/window,1,3,"[442.24628470211934,442.1063365585153,442.5132802126657]",442.24628470211934,"[442.2297476761635,442.0896414342171,442.7030607731644]",442.2297476761635,"[0.43188113740441336,0.4317444692954251,0.4321418752076813]",0.43188113740441336,1024.0,3.0,2.0,3.0,48.0,3.0
crossover-neon,cross/16/unit3/draw2/stride3/spread/update/packet,1,3,"[3825.5236145236972,3833.2366912357984,3808.760305758392]",3825.5236145236972,"[3825.383019380198,3833.102921100659,3810.3748293765366]",3825.383019380198,"[3.7358629048082985,3.7433952062849594,3.719492486092179]",3.7358629048082985,1024.0,3.0,2.0,3.0,48.0,3.0
crossover-neon,cross/16/unit3/draw2/stride3/spread/update/window,1,3,"[2689.8074031236374,2694.8692886062227,2710.857142857483]",2694.8692886062227,"[2689.705031813913,2694.764218239575,2710.760169653387]",2694.764218239575,"[2.626765042112927,2.6317082896545143,2.6473214285717606]",2.6317082896545143,1024.0,3.0,2.0,3.0,48.0,3.0
crossover-neon,cross/16/unit3/draw2/stride4/compact/sum/packet,1,3,"[632.8585015703982,637.792821892696,620.4633467920618]",632.8585015703982,"[632.8388066391034,637.770255719729,620.4397487669576]",632.8388066391034,"[0.618025880439842,0.6228445526295859,0.6059212371016228]",0.618025880439842,1024.0,3.0,2.0,2.0,62.0,4.0
crossover-neon,cross/16/unit3/draw2/stride4/compact/sum/window,1,3,"[580.212356333932,580.1665491057639,579.896684784859]",580.1665491057639,"[580.4088212110961,580.3620596651584,579.8761047254168]",580.3620596651584,"[0.5666136292323555,0.5665688956110976,0.5663053562352138]",0.5665688956110976,1024.0,3.0,2.0,2.0,62.0,4.0
crossover-neon,cross/16/unit3/draw2/stride4/compact/update/packet,1,3,"[1544.6357471006006,1537.9092102384868,1539.6932837460965]",1539.6932837460965,"[1545.7741194485413,1537.8539706860372,1539.6343250907878]",1539.6343250907878,"[1.50843334677793,1.501864463123522,1.5036067224082974]",1.5036067224082974,1024.0,3.0,2.0,2.0,62.0,4.0
crossover-neon,cross/16/unit3/draw2/stride4/compact/update/window,1,3,"[1528.3303192067253,1529.5755528923883,1534.2203943783663]",1529.5755528923883,"[1528.276064930042,1530.2201764892668,1534.162871772303]",1530.2201764892668,"[1.492510077350318,1.4937261258714731,1.4982621038851232]",1.4937261258714731,1024.0,3.0,2.0,2.0,62.0,4.0
crossover-neon,cross/16/unit3/draw2/stride4/spread/sum/packet,1,3,"[1409.6441396011096,1428.8736130718578,1404.5592091989179]",1409.6441396011096,"[1410.0730280399162,1429.4736735921722,1404.509279805234]",1410.0730280399162,"[1.3766056050792084,1.3953843877654863,1.3716398527333185]",1.3766056050792084,1024.0,3.0,2.0,3.0,63.0,4.0
crossover-neon,cross/16/unit3/draw2/stride4/spread/sum/window,1,3,"[602.3967550350951,602.6912979862077,602.7174212427849]",602.6912979862077,"[602.3732139781545,602.9505508697096,625.6350060260711]",602.9505508697096,"[0.5882780810889601,0.588565720689656,0.5885912316824071]",0.588565720689656,1024.0,3.0,2.0,3.0,63.0,4.0
crossover-neon,cross/16/unit3/draw2/stride4/spread/update/packet,1,3,"[3824.1171195653515,3818.0725543498447,3811.2054347812045]",3818.0725543498447,"[3823.9807065241025,3825.0644021771236,3813.3809782637663]",3823.9807065241025,"[3.7344893745755385,3.7285864788572702,3.72188030740352]",3.7285864788572702,1024.0,3.0,2.0,3.0,63.0,4.0
crossover-neon,cross/16/unit3/draw2/stride4/spread/update/window,1,3,"[2876.202007784629,2868.93136652369,2869.935464046976]",2869.935464046976,"[2876.091374717215,2868.8279041208025,2877.6894079112526]",2876.091374717215,"[2.8087910232271764,2.8016907876207906,2.8026713516083746]",2.8026713516083746,1024.0,3.0,2.0,3.0,63.0,4.0
crossover-neon,cross/16/unit3/draw2/stride64/compact/sum/packet,1,3,"[647.083302463068,647.3625208372414,647.5581589182683]",647.3625208372414,"[647.0581126123276,647.3388127438204,648.0823763653942]",647.3388127438204,"[0.6319172875615898,0.6321899617551185,0.6323810145686215]",0.6321899617551185,1024.0,3.0,2.0,2.0,962.0,64.0
crossover-neon,cross/16/unit3/draw2/stride64/compact/update/packet,1,3,"[1582.149959994801,1579.7172248251932,1581.6023545547562]",1581.6023545547562,"[1582.9586238436298,1579.6575608659703,1581.54189050281]",1581.54189050281,"[1.545068320307423,1.5426926023683527,1.544533549369879]",1.544533549369879,1024.0,3.0,2.0,2.0,962.0,64.0
crossover-neon,cross/16/unit3/draw2/stride64/spread/sum/packet,1,3,"[1441.7707658029826,1449.8442058343842,1414.8163492702429]",1441.7707658029826,"[1442.398298219073,1449.7893030781727,1414.7592179908847]",1442.398298219073,"[1.407979263479475,1.4158634822601408,1.3816565910842216]",1.407979263479475,1024.0,3.0,2.0,3.0,963.0,64.0
crossover-neon,cross/16/unit3/draw2/stride64/spread/update/packet,1,3,"[3829.065952184709,3834.627919757609,3833.2388018673687]",3833.2388018673687,"[3830.786479797124,3834.513053040146,3833.085737840769]",3833.085737840769,"[3.73932221893038,3.74475382788829,3.7433972674486022]",3.7433972674486022,1024.0,3.0,2.0,3.0,963.0,64.0
crossover-neon,cross/8/unit12/draw2/stride12/compact/sum/packet,1,3,"[830.7194253149389,831.1629066728582,830.5657800995463]",830.7194253149389,"[830.6876038947468,831.5145452391403,830.5421515074951]",830.6876038947468,"[0.81124943878412,0.8116825260477131,0.8110993946284631]",0.81124943878412,1024.0,12.0,2.0,2.0,86.0,12.0
crossover-neon,cross/8/unit12/draw2/stride12/compact/update/packet,1,3,"[1978.9931895575562,1979.8598183885567,1981.7399262193596]",1979.8598183885567,"[1978.922814984443,1980.299659480343,1983.1203178226274]",1980.299659480343,"[1.932610536677301,1.933456853895075,1.9352928966985934]",1.933456853895075,1024.0,12.0,2.0,2.0,86.0,12.0
crossover-neon,cross/8/unit12/draw2/stride12/spread/sum/packet,1,3,"[1153.0239401495223,1152.8766417291233,1153.3192851203537]",1153.0239401495223,"[1152.9802992531763,1152.8336658352166,1153.8365752278055]",1152.9802992531763,"[1.125999941552268,1.125856095438597,1.1262883643753454]",1.125999941552268,1024.0,12.0,2.0,12.0,96.0,12.0
crossover-neon,cross/8/unit12/draw2/stride12/spread/update/packet,1,3,"[2560.1013612951156,2559.1585724795764,2558.9617365715258]",2559.1585724795764,"[2560.0049668834085,2559.0640176572606,2558.8633186188076]",2559.0640176572606,"[2.5000989856397613,2.4991782934370863,2.4989860708706306]",2.4991782934370863,1024.0,12.0,2.0,12.0,96.0,12.0
crossover-neon,cross/8/unit12/draw2/stride13/compact/sum/packet,1,3,"[857.2730428315994,855.7629703091371,857.3965784417106]",857.2730428315994,"[857.2424223634625,855.732783734959,857.363292630129]",857.2424223634625,"[0.8371807058902337,0.8357060256925167,0.8373013461344829]",0.8371807058902337,1024.0,12.0,2.0,2.0,93.0,13.0
crossover-neon,cross/8/unit12/draw2/stride13/compact/update/packet,1,3,"[1982.6624857474512,1981.3613169895102,1980.6948403652093]",1981.3613169895102,"[1983.6680444710319,1981.295182439501,1980.6272804994878]",1981.295182439501,"[1.9361938337377453,1.9349231611225686,1.9342723050441497]",1.9349231611225686,1024.0,12.0,2.0,2.0,93.0,13.0
crossover-neon,cross/8/unit12/draw2/stride13/spread/sum/packet,1,3,"[1155.3098334852868,1153.3045315219795,1153.2941761247728]",1153.3045315219795,"[1155.7894954865474,1153.2718913083777,1153.251677574838]",1153.2718913083777,"[1.1282322592629754,1.126273956564433,1.1262638438718482]",1.126273956564433,1024.0,12.0,2.0,12.0,103.0,13.0
crossover-neon,cross/8/unit12/draw2/stride13/spread/update/packet,1,3,"[2564.481394082099,2556.3517879823203,2560.922853511759]",2560.922853511759,"[2564.384643308433,2557.539117805816,2560.8302777293384]",2560.8302777293384,"[2.5043763614083,2.4964372929514846,2.500901224132577]",2.500901224132577,1024.0,12.0,2.0,12.0,103.0,13.0
crossover-neon,cross/8/unit12/draw2/stride64/compact/sum/packet,1,3,"[868.9411948312779,862.6195767526533,867.0363942815692]",867.0363942815692,"[868.9081091204832,862.994568948732,867.0091766020854]",867.0091766020854,"[0.8485753855774197,0.8424019304225129,0.8467152287905949]",0.8467152287905949,1024.0,12.0,2.0,2.0,450.0,64.0
crossover-neon,cross/8/unit12/draw2/stride64/compact/update/packet,1,3,"[2023.038544824226,2019.492132235739,2018.8165150859734]",2019.492132235739,"[2022.9630431644757,2020.7089649190843,2018.749819544338]",2020.7089649190843,"[1.9756235789299081,1.972160285386464,1.9715005030136459]",1.972160285386464,1024.0,12.0,2.0,2.0,450.0,64.0
crossover-neon,cross/8/unit12/draw2/stride64/spread/sum/packet,1,3,"[1172.7567294750388,1173.965006729571,1173.2893674297172]",1173.2893674297172,"[1172.7122308211372,1175.7449528940099,1173.8404273207213]",1173.8404273207213,"[1.1452702436279678,1.1464502018843468,1.1457903978805832]",1.1457903978805832,1024.0,12.0,2.0,12.0,460.0,64.0
crossover-neon,cross/8/unit12/draw2/stride64/spread/update/packet,1,3,"[2583.9549466717745,2577.1930856938834,2583.1217359321895]",2583.1217359321895,"[2583.8565649154343,2577.099668997985,2584.196395732348]",2583.8565649154343,"[2.5233935026091543,2.516790122747933,2.522579820246279]",2.522579820246279,1024.0,12.0,2.0,12.0,460.0,64.0
crossover-neon,cross/8/unit12/draw4/stride12/compact/sum/packet,1,3,"[928.4070154419082,928.5989749736004,929.383120340864]",928.5989749736004,"[928.3706735891767,928.5634984010275,929.7917997863732]",928.5634984010275,"[0.9066474760174885,0.9068349364976567,0.907600703457875]",0.9068349364976567,1024.0,12.0,4.0,4.0,88.0,12.0
crossover-neon,cross/8/unit12/draw4/stride12/compact/update/packet,1,3,"[2177.003868172956,2177.939811233387,2171.7645056474703]",2177.003868172956,"[2176.9229459988424,2177.8582701548917,2171.6817267558154]",2176.9229459988424,"[2.1259803400126525,2.1268943469076045,2.1208637750463573]",2.1259803400126525,1024.0,12.0,4.0,4.0,88.0,12.0
crossover-neon,cross/8/unit12/draw4/stride12/spread/sum/packet,1,3,"[1973.8821948804225,1973.0456795356781,1972.8507990388284]",1973.0456795356781,"[1974.6984867771152,1972.9835949652859,1972.7775420737278]",1972.9835949652859,"[1.9276193309379126,1.9268024214215607,1.9266121084363559]",1.9268024214215607,1024.0,12.0,4.0,12.0,96.0,12.0
crossover-neon,cross/8/unit12/draw4/stride12/spread/update/packet,1,3,"[4636.599999999942,4647.629900333592,4634.718272425296]",4636.599999999942,"[4636.423255818157,4856.744186044461,4634.541196016389]",4636.423255818157,"[4.5279296874999435,4.538701074544523,4.526092062915328]",4.5279296874999435,1024.0,12.0,4.0,12.0,96.0,12.0
crossover-neon,cross/8/unit12/draw4/stride13/compact/sum/packet,1,3,"[930.3340210300664,930.4114202048504,930.5132437106865]",930.4114202048504,"[930.2988819372832,930.9454944770349,930.4838280325469]",930.4838280325469,"[0.9085293174121741,0.9086049025437992,0.9087043395612174]",0.9086049025437992,1024.0,12.0,4.0,4.0,95.0,13.0
crossover-neon,cross/8/unit12/draw4/stride13/compact/update/packet,1,3,"[2183.2286207433826,2185.7735760238775,2184.149694021669]",2184.149694021669,"[2183.1485956397655,2191.3676447531548,2184.7898948662173]",2184.7898948662173,"[2.1320591999447096,2.134544507835818,2.132958685568036]",2.132958685568036,1024.0,12.0,4.0,4.0,95.0,13.0
crossover-neon,cross/8/unit12/draw4/stride13/spread/sum/packet,1,3,"[1972.4766671371235,1971.6812350202524,1971.6107429860303]",1971.6812350202524,"[1972.4051882128356,1971.610320032286,1972.7484844202186]",1972.4051882128356,"[1.9262467452510972,1.925469956074465,1.9254011161972953]",1.925469956074465,1024.0,12.0,4.0,12.0,103.0,13.0
crossover-neon,cross/8/unit12/draw4/stride13/spread/update/packet,1,3,"[4622.494687915555,4629.149402391944,4629.890438246138]",4629.149402391944,"[4622.339973436759,4628.991699866271,4629.72642762727]",4628.991699866271,"[4.514154968667535,4.520653713273383,4.521377381099744]",4.520653713273383,1024.0,12.0,4.0,12.0,103.0,13.0
crossover-neon,cross/8/unit12/draw4/stride64/compact/sum/packet,1,3,"[944.143771905749,942.2048395789902,939.9038824481601]",942.2048395789902,"[944.5717848476946,942.1716095977479,939.8663386367764]",942.1716095977479,"[0.922015402251708,0.9201219136513575,0.9178748852032814]",0.9201219136513575,1024.0,12.0,4.0,4.0,452.0,64.0
crossover-neon,cross/8/unit12/draw4/stride64/compact/update/packet,1,3,"[2205.006813500129,2203.1459356669225,2203.502772936562]",2203.502772936562,"[2210.3885279686215,2203.0803359206498,2203.418158768322]",2203.418158768322,"[2.1533269663087196,2.151509702799729,2.1518581766958618]",2.1518581766958618,1024.0,12.0,4.0,4.0,452.0,64.0
crossover-neon,cross/8/unit12/draw4/stride64/spread/sum/packet,1,3,"[1997.1656169474506,1999.015030059846,1999.203836244516]",1999.015030059846,"[1997.0901803593424,1999.8511308323284,2003.427426283348]",1999.8511308323284,"[1.950357047800245,1.9521631152928183,1.9523474963325351]",1.9521631152928183,1024.0,12.0,4.0,12.0,460.0,64.0
crossover-neon,cross/8/unit12/draw4/stride64/spread/update/packet,1,3,"[4829.052194951579,4826.17248530881,4836.474939510001]",4829.052194951579,"[4828.8696854553355,4825.979951601892,4838.515727621072]",4828.8696854553355,"[4.715871284132401,4.713059067684385,4.723120058115235]",4.715871284132401,1024.0,12.0,4.0,12.0,460.0,64.0
crossover-neon,cross/8/unit16/draw2/stride16/compact/sum/packet,1,3,"[830.5995134108865,831.2156420600548,831.8060170898736]",831.2156420600548,"[830.5681818168697,832.4959055297322,832.1877521952504]",832.1877521952504,"[0.8111323373153189,0.8117340254492722,0.8123105635643296]",0.8117340254492722,1024.0,16.0,2.0,2.0,114.0,16.0
crossover-neon,cross/8/unit16/draw2/stride16/compact/update/packet,1,3,"[1980.9988582841165,1978.129441987013,1978.8216069643618]",1978.8216069643618,"[1980.9283573577377,1978.0529470531305,1978.7481090362592]",1978.7481090362592,"[1.9345691975430825,1.9317670331904424,1.9324429755511345]",1.9324429755511345,1024.0,16.0,2.0,2.0,114.0,16.0
crossover-neon,cross/8/unit16/draw2/stride16/spread/sum/packet,1,3,"[1153.977849676726,1153.0892649744192,1153.2514518005255]",1153.2514518005255,"[1154.7900282072646,1153.046457606386,1153.2086444336712]",1153.2086444336712,"[1.1269314938249277,1.1260637353265812,1.1262221208989507]",1.1262221208989507,1024.0,16.0,2.0,16.0,128.0,16.0
crossover-neon,cross/8/unit16/draw2/stride16/spread/update/packet,1,3,"[2563.0738427632796,2562.048310066064,2563.0084496684703]",2563.0084496684703,"[2564.1827700223853,2561.9513225579913,2562.916054371734]",2562.916054371734,"[2.5030017995735148,2.5020003027988906,2.5029379391293656]",2.5029379391293656,1024.0,16.0,2.0,16.0,128.0,16.0
crossover-neon,cross/8/unit16/draw2/stride17/compact/sum/packet,1,3,"[831.1163342831035,830.5091405508571,830.6094491926972]",830.6094491926972,"[831.4775047481698,830.4798195637288,830.5782882241991]",830.5782882241991,"[0.8116370451983432,0.8110440825691964,0.8111420402272433]",0.8111420402272433,1024.0,16.0,2.0,2.0,121.0,17.0
crossover-neon,cross/8/unit16/draw2/stride17/compact/update/packet,1,3,"[1983.0723488606598,1985.9395441037925,1981.3477275945627]",1983.0723488606598,"[1982.9987257522635,1986.8206144674389,1981.2865637841267]",1982.9987257522635,"[1.936594090684238,1.9393940860388599,1.9349098902290653]",1.936594090684238,1024.0,16.0,2.0,2.0,121.0,17.0
crossover-neon,cross/8/unit16/draw2/stride17/spread/sum/packet,1,3,"[1153.6668871438042,1154.1168251343397,1153.2973129389698]",1153.6668871438042,"[1153.6217445226762,1155.470525009827,1153.2557255071115]",1153.6217445226762,"[1.1266278194763713,1.1270672120452536,1.1262669071669626]",1.1266278194763713,1024.0,16.0,2.0,16.0,135.0,17.0
crossover-neon,cross/8/unit16/draw2/stride17/spread/update/packet,1,3,"[2561.4922600620553,2556.501912220019,2562.6497905652404]",2561.4922600620553,"[2561.3906392273193,2562.669276995962,2563.665270440018]",2562.669276995962,"[2.501457285216851,2.4965838986523625,2.502587686098868]",2.501457285216851,1024.0,16.0,2.0,16.0,135.0,17.0
crossover-neon,cross/8/unit16/draw2/stride64/compact/sum/packet,1,3,"[846.5992980759493,847.489773689859,847.7601960548498]",847.489773689859,"[846.5671063783648,847.4565533098979,848.0945177297161]",847.4565533098979,"[0.8267571270272941,0.8276267321190031,0.8278908164598142]",0.8276267321190031,1024.0,16.0,2.0,2.0,450.0,64.0
crossover-neon,cross/8/unit16/draw2/stride64/compact/update/packet,1,3,"[2021.0204257769615,2016.9121116226759,2023.4014672031267]",2021.0204257769615,"[2020.9470655918822,2016.831703108153,2024.2832278479357]",2020.9470655918822,"[1.973652759547814,1.9696407340065192,1.9759779953155534]",1.973652759547814,1024.0,16.0,2.0,2.0,450.0,64.0
crossover-neon,cross/8/unit16/draw2/stride64/spread/sum/packet,1,3,"[1172.023236092366,1172.1529002710515,1173.5406207598517]",1172.1529002710515,"[1171.9796472191647,1172.3384497964416,1173.4986431489574]",1172.3384497964416,"[1.1445539414964512,1.1446805666709488,1.1460357624607929]",1.1446805666709488,1024.0,16.0,2.0,16.0,464.0,64.0
crossover-neon,cross/8/unit16/draw2/stride64/spread/update/packet,1,3,"[2586.9757575761705,2580.673461891275,2578.769696969709]",2580.673461891275,"[2588.1713498598097,2580.573553718203,2578.67878787715]",2580.573553718203,"[2.526343513257979,2.520188927628199,2.5183297821969814]",2.520188927628199,1024.0,16.0,2.0,16.0,464.0,64.0
crossover-neon,cross/8/unit16/draw4/stride16/compact/sum/packet,1,3,"[931.149867549582,929.1943046355074,928.3252980130843]",929.1943046355074,"[933.2056953646153,929.1707284764985,928.5182781450324]",929.1707284764985,"[0.9093260425288886,0.9074163131206127,0.9065676738409026]",0.9074163131206127,1024.0,16.0,4.0,4.0,116.0,16.0
crossover-neon,cross/8/unit16/draw4/stride16/compact/update/packet,1,3,"[2180.031811023115,2177.1470866144414,2181.262519683976]",2180.031811023115,"[2181.0313385803893,2177.070866142408,2181.176535430488]",2181.0313385803893,"[2.1289373154522604,2.1261202017719154,2.130139179378883]",2.1289373154522604,1024.0,16.0,4.0,4.0,116.0,16.0
crossover-neon,cross/8/unit16/draw4/stride16/spread/sum/packet,1,3,"[1972.1446106097394,1973.3006489838722,1970.6487020318928]",1972.1446106097394,"[1972.0733634330331,1974.231518057193,1970.5809819430135]",1972.0733634330331,"[1.9259224712985736,1.9270514150233127,1.9244616230780203]",1.9259224712985736,1024.0,16.0,4.0,16.0,128.0,16.0
crossover-neon,cross/8/unit16/draw4/stride16/spread/update/packet,1,3,"[4637.235003297643,4627.144363877731,4638.348384970444]",4637.235003297643,"[4637.062623606516,4626.977587343012,4640.574489124896]",4637.062623606516,"[4.528549807907854,4.518695667849347,4.5296370946977]",4.528549807907854,1024.0,16.0,4.0,16.0,128.0,16.0
crossover-neon,cross/8/unit16/draw4/stride17/compact/sum/packet,1,3,"[931.436533739909,932.587485900152,929.7375754758524]",931.436533739909,"[931.3999734590849,934.01021830092,930.1599097605311]",931.3999734590849,"[0.9096059899803798,0.9107299666993671,0.907946851050637]",0.9096059899803798,1024.0,16.0,4.0,4.0,123.0,17.0
crossover-neon,cross/8/unit16/draw4/stride17/compact/update/packet,1,3,"[2182.706698187833,2182.2992907797516,2185.7227738372167]",2182.706698187833,"[2182.623798264255,2182.2157604451895,2185.64334121213]",2182.623798264255,"[2.1315495099490556,2.1311516511521016,2.134494896325407]",2.1315495099490556,1024.0,16.0,4.0,4.0,123.0,17.0
crossover-neon,cross/8/unit16/draw4/stride17/spread/sum/packet,1,3,"[1972.966967815531,1972.3771880294455,1971.2529644262208]",1972.3771880294455,"[1973.7192264270416,1973.0525127034746,1971.1695369847175]",1973.0525127034746,"[1.9267255545073545,1.9261495976850056,1.925051723072481]",1.9261495976850056,1024.0,16.0,4.0,16.0,135.0,17.0
crossover-neon,cross/8/unit16/draw4/stride17/spread/update/packet,1,3,"[4637.313164895913,4633.707446810104,4636.32114361519]",4636.32114361519,"[4639.413231375967,4633.536236702546,4636.728058507042]",4636.728058507042,"[4.528626137593665,4.525104928525491,4.527657366811709]",4.527657366811709,1024.0,16.0,4.0,16.0,135.0,17.0
crossover-neon,cross/8/unit16/draw4/stride64/compact/sum/packet,1,3,"[940.475745889796,940.7607063119823,942.0410662334433]",940.7607063119823,"[940.4396184287615,941.1771869278776,942.0065624786524]",941.1771869278776,"[0.9184333455955039,0.9187116272577953,0.9199619787435971]",0.9187116272577953,1024.0,16.0,4.0,4.0,452.0,64.0
crossover-neon,cross/8/unit16/draw4/stride64/compact/update/packet,1,3,"[2204.8024478264183,2201.6541660129187,2201.891260003296]",2201.891260003296,"[2205.107327790014,2202.6161933177127,2201.807782831541]",2202.6161933177127,"[2.1531273904554866,2.150052896496991,2.1502844335969686]",2.1502844335969686,1024.0,16.0,4.0,4.0,452.0,64.0
crossover-neon,cross/8/unit16/draw4/stride64/spread/sum/packet,1,3,"[1996.690950810173,1996.4282231470063,1994.415889860052]",1996.4282231470063,"[1997.0179262885915,1996.3529327435872,1995.250107558143]",1996.3529327435872,"[1.9498935066505596,1.9496369366669983,1.947671767441457]",1.9496369366669983,1024.0,16.0,4.0,16.0,464.0,64.0
crossover-neon,cross/8/unit16/draw4/stride64/spread/update/packet,1,3,"[4807.456641431592,4801.356159671098,4803.235030970827]",4803.235030970827,"[4814.528217481874,4801.227116305519,4803.0481761904975]",4803.0481761904975,"[4.694781876398039,4.6888243746788065,4.690659209932449]",4.690659209932449,1024.0,16.0,4.0,16.0,464.0,64.0
crossover-neon,cross/8/unit2/draw2/stride2/compact/sum/packet,1,3,"[602.9794768954629,603.1668302255556,602.1038528824622]",602.9794768954629,"[603.2363783762135,603.1505312122533,602.0826470957421]",603.1505312122533,"[0.5888471454057255,0.5890301076421441,0.5879920438305296]",0.5888471454057255,1024.0,2.0,2.0,2.0,16.0,2.0
crossover-neon,cross/8/unit2/draw2/stride2/compact/sum/window,1,3,"[773.1571270719083,772.5048066295313,772.5108839781004]",772.5108839781004,"[773.4758011051229,772.4782872930684,772.4823204419845]",772.4823204419845,"[0.7550362569061605,0.7543992252241517,0.7544051601348637]",0.7544051601348637,1024.0,2.0,2.0,2.0,16.0,2.0
crossover-neon,cross/8/unit2/draw2/stride2/compact/update/packet,1,3,"[1180.9549549549401,1180.3359192520288,1174.343426759815]",1180.3359192520288,"[1181.4298465130425,1180.2912912926724,1174.3005505502806]",1180.2912912926724,"[1.1532763231981837,1.1526717961445594,1.1468197526951316]",1.1526717961445594,1024.0,2.0,2.0,2.0,16.0,2.0
crossover-neon,cross/8/unit2/draw2/stride2/compact/update/window,1,3,"[1330.9855905064999,1324.2607835752249,1330.5560369185137]",1330.5560369185137,"[1330.9367112451741,1324.7829158025515,1330.5132793368564]",1330.5132793368564,"[1.2997906157290038,1.2932234214601805,1.299371129803236]",1.299371129803236,1024.0,2.0,2.0,2.0,16.0,2.0
crossover-neon,cross/8/unit2/draw2/stride3/compact/sum/packet,1,3,"[831.3027299706099,830.7915727002447,830.5576854601453]",830.7915727002447,"[831.2663501483825,831.131275964194,830.5299109779784]",831.131275964194,"[0.8118190722369238,0.8113198952150829,0.8110914897071732]",0.8113198952150829,1024.0,2.0,2.0,2.0,23.0,3.0
crossover-neon,cross/8/unit2/draw2/stride3/compact/sum/window,1,3,"[992.8805575409181,988.8482487489749,987.5283774125504]",988.8482487489749,"[993.1456754816395,988.811150822116,987.9571122225426]",988.811150822116,"[0.9696099194735529,0.9656721179189209,0.9643831810669437]",0.9656721179189209,1024.0,2.0,2.0,2.0,23.0,3.0
crossover-neon,cross/8/unit2/draw2/stride3/compact/update/packet,1,3,"[1975.0514310004994,1976.1194389345344,1976.6523094363906]",1976.1194389345344,"[1974.98073108419,1976.0439217931767,1977.4393595914228]",1976.0439217931767,"[1.9287611630864252,1.9298041395845063,1.9303245209339752]",1.9298041395845063,1024.0,2.0,2.0,2.0,23.0,3.0
crossover-neon,cross/8/unit2/draw2/stride3/compact/update/window,1,3,"[2100.4661342801933,2097.629399585929,2094.552499261339]",2097.629399585929,"[2100.387163561242,2097.5547175419497,2094.4729370034756]",2097.5547175419497,"[2.0512364592580012,2.0484662105331335,2.0454614250599015]",2.0484662105331335,1024.0,2.0,2.0,2.0,23.0,3.0
crossover-neon,cross/8/unit2/draw2/stride64/compact/sum/packet,1,3,"[847.5373288084539,847.2932371832374,847.6302872381068]",847.5373288084539,"[847.6562234878209,847.260938068105,847.5984123133708]",847.5984123133708,"[0.8276731726645058,0.8274348019367553,0.8277639523809637]",0.8276731726645058,1024.0,2.0,2.0,2.0,450.0,64.0
crossover-neon,cross/8/unit2/draw2/stride64/compact/update/packet,1,3,"[2024.2270830336104,2020.3401928330472,2020.9507842849612]",2020.9507842849612,"[2054.608145053242,2033.1207367963982,2020.895524535897]",2033.1207367963982,"[1.9767842607750101,1.9729884695635227,1.9735847502782822]",1.9735847502782822,1024.0,2.0,2.0,2.0,450.0,64.0
crossover-neon,cross/8/unit24/draw2/stride24/compact/sum/packet,1,3,"[831.2456671415498,830.6098646725245,830.6852445394819]",830.6852445394819,"[831.656932573727,830.5800688507054,830.6544396955262]",830.6544396955262,"[0.8117633468179196,0.8111424459692622,0.8112160591205879]",0.8112160591205879,1024.0,24.0,2.0,2.0,170.0,24.0
crossover-neon,cross/8/unit24/draw2/stride24/compact/update/packet,1,3,"[1988.0247284164122,1987.248141795724,1987.4100914809474]",1987.4100914809474,"[1992.0694682647184,1987.1812464264854,1987.339765577661]",1987.339765577661,"[1.9414303988441526,1.9406720134723867,1.9408301674618624]",1.9408301674618624,1024.0,24.0,2.0,2.0,170.0,24.0
crossover-neon,cross/8/unit24/draw2/stride24/spread/sum/packet,1,3,"[1153.678250748027,1154.0335882942081,1156.7358663121584]",1154.0335882942081,"[1153.6351014300392,1156.507233122329,1163.8537578996072]",1156.507233122329,"[1.1266389167461202,1.1269859260685626,1.1296248694454671]",1.1269859260685626,1024.0,24.0,2.0,24.0,192.0,24.0
crossover-neon,cross/8/unit24/draw2/stride24/spread/update/packet,1,3,"[2563.6558630726568,2561.352876911896,2561.166605971814]",2561.352876911896,"[2563.568463221442,2561.262745813067,2562.3006190837627]",2562.3006190837627,"[2.5035701787818914,2.5013211688592736,2.5011392636443497]",2.5013211688592736,1024.0,24.0,2.0,24.0,192.0,24.0
crossover-neon,cross/8/unit24/draw2/stride25/compact/sum/packet,1,3,"[830.6588130560964,830.9326409495786,830.6915133532186]",830.6915133532186,"[830.6275964388328,831.3014836790732,830.6662314549687]",830.6662314549687,"[0.8111902471250941,0.8114576571773228,0.8112221810090025]",0.8112221810090025,1024.0,24.0,2.0,2.0,177.0,25.0
crossover-neon,cross/8/unit24/draw2/stride25/compact/update/packet,1,3,"[1985.657665380975,1984.4827832536837,1986.2113159031105]",1985.657665380975,"[1985.5867981144504,1984.411773111116,1987.0374339162438]",1985.5867981144504,"[1.9391188138486084,1.9379714680211755,1.9396594881866314]",1.9391188138486084,1024.0,24.0,2.0,2.0,177.0,25.0
crossover-neon,cross/8/unit24/draw2/stride25/spread/sum/packet,1,3,"[1153.5372154841152,1153.1793487287428,1154.5775876388627]",1153.5372154841152,"[1153.4949327114582,1153.1375643795625,1156.531566706868]",1153.4949327114582,"[1.1265011869962063,1.1261517077429128,1.1275171754285767]",1.1265011869962063,1024.0,24.0,2.0,24.0,199.0,25.0
crossover-neon,cross/8/unit24/draw2/stride25/spread/update/packet,1,3,"[2567.49492017387,2560.25852685025,2563.8345428141643]",2563.8345428141643,"[2568.7082728613436,2560.1694484768027,2563.748004352555]",2563.748004352555,"[2.507319257982295,2.500252467627197,2.503744670716957]",2.503744670716957,1024.0,24.0,2.0,24.0,199.0,25.0
crossover-neon,cross/8/unit24/draw2/stride64/compact/sum/packet,1,3,"[849.3382128701644,847.9451662098344,847.3783470573445]",847.9451662098344,"[865.6300091487979,848.6585544380378,847.3574870377536]",848.6585544380378,"[0.8294318485060199,0.8280714513767914,0.827517917048188]",0.8280714513767914,1024.0,24.0,2.0,2.0,450.0,64.0
crossover-neon,cross/8/unit24/draw2/stride64/compact/update/packet,1,3,"[2020.227397656109,2019.4257196586123,2019.4014176190217]",2019.4257196586123,"[2021.2155359473606,2019.357876462614,2019.327064949124]",2019.357876462614,"[1.9728783180235436,1.9720954293541135,1.9720716968935759]",1.9720954293541135,1024.0,24.0,2.0,2.0,450.0,64.0
crossover-neon,cross/8/unit24/draw2/stride64/spread/sum/packet,1,3,"[1174.6130427416142,1172.507377884001,1173.4591248311972]",1173.4591248311972,"[1175.6238127565643,1172.5687754419268,1173.413076661849]",1173.413076661849,"[1.1470830495523576,1.1450267362148447,1.145956176592966]",1.145956176592966,1024.0,24.0,2.0,24.0,472.0,64.0
crossover-neon,cross/8/unit24/draw2/stride64/spread/update/packet,1,3,"[2596.089449113532,2602.1340802985787,2598.402801118685]",2598.402801118685,"[2595.993090570103,2603.7432306238397,2598.317086837157]",2598.317086837157,"[2.535243602649934,2.541146562791581,2.537502735467466]",2.537502735467466,1024.0,24.0,2.0,24.0,472.0,64.0
crossover-neon,cross/8/unit24/draw4/stride24/compact/sum/packet,1,3,"[940.425863915991,938.2432360032549,945.2142378791864]",940.425863915991,"[940.3936512193324,938.6992365379647,945.1903964647051]",940.3936512193324,"[0.9183846327304601,0.9162531601594287,0.9230607791788928]",0.9183846327304601,1024.0,24.0,4.0,4.0,172.0,24.0
crossover-neon,cross/8/unit24/draw4/stride24/compact/update/packet,1,3,"[2214.196045108984,2204.4792213830333,2205.3228796559592]",2205.3228796559592,"[2214.109686390329,2205.5640352216,2205.8280549964875]",2205.8280549964875,"[2.162300825301742,2.1528117396318684,2.153635624664023]",2.153635624664023,1024.0,24.0,4.0,4.0,172.0,24.0
crossover-neon,cross/8/unit24/draw4/stride24/spread/sum/packet,1,3,"[1973.4198762992448,1969.353247119467,1974.553134663913]",1973.4198762992448,"[1973.34453190966,1969.2811357852263,1975.4978914822184]",1973.34453190966,"[1.927167847948481,1.9231965303901044,1.9282745455702273]",1.927167847948481,1024.0,24.0,4.0,24.0,192.0,24.0
crossover-neon,cross/8/unit24/draw4/stride24/spread/update/packet,1,3,"[4670.897495826976,4667.780300499739,4668.146911522339]",4668.146911522339,"[4670.715191984022,4667.603005008002,4667.981969946527]",4667.981969946527,"[4.561423335768532,4.558379199706775,4.558737218283534]",4.558737218283534,1024.0,24.0,4.0,24.0,192.0,24.0
crossover-neon,cross/8/unit24/draw4/stride25/compact/sum/packet,1,3,"[930.2807564698129,931.6090245519028,930.2931652287849]",930.2931652287849,"[930.2477770412905,931.5734571994333,930.2587259456558]",930.2587259456558,"[0.9084773012400515,0.9097744380389675,0.9084894191687354]",0.9084894191687354,1024.0,24.0,4.0,4.0,179.0,25.0
crossover-neon,cross/8/unit24/draw4/stride25/compact/update/packet,1,3,"[2192.385446009061,2186.6574334903685,2184.5420970250307]",2186.6574334903685,"[2197.011580597384,2186.5866979669304,2184.462128328994]",2186.5866979669304,"[2.1410014121182237,2.1354076498929375,2.1333418916260065]",2.1354076498929375,1024.0,24.0,4.0,4.0,179.0,25.0
crossover-neon,cross/8/unit24/draw4/stride25/spread/sum/packet,1,3,"[1972.3478260871216,1971.5883773793548,1970.866013072119]",1971.5883773793548,"[1972.2732310290696,1972.4954532555446,1970.7926967910944]",1972.2732310290696,"[1.9261209239132049,1.9253792747845262,1.9246738408907411]",1.9253792747845262,1024.0,24.0,4.0,24.0,199.0,25.0
crossover-neon,cross/8/unit24/draw4/stride25/spread/update/packet,1,3,"[4677.19452786545,4672.00433767376,4670.702702700893]",4672.00433767376,"[4677.017017011328,4673.900233567677,4670.541541537065]",4673.900233567677,"[4.567572781118605,4.562504236009532,4.56123310810634]",4.562504236009532,1024.0,24.0,4.0,24.0,199.0,25.0
crossover-neon,cross/8/unit24/draw4/stride64/compact/sum/packet,1,3,"[943.4994262564875,940.2402294970402,942.0925413434074]",942.0925413434074,"[943.467904151023,940.204522444021,942.5165035446665]",942.5165035446665,"[0.9213861584536011,0.9182033491182033,0.9200122474056713]",0.9200122474056713,1024.0,24.0,4.0,4.0,452.0,64.0
crossover-neon,cross/8/unit24/draw4/stride64/compact/update/packet,1,3,"[2204.6960784322896,2202.8673308028906,2203.7721378866]",2203.7721378866,"[2205.4150853859205,2202.7855787511394,2204.7724541406333]",2204.7724541406333,"[2.153023514094033,2.151237627737198,2.1521212284048827]",2.1521212284048827,1024.0,24.0,4.0,4.0,452.0,64.0
crossover-neon,cross/8/unit24/draw4/stride64/spread/sum/packet,1,3,"[1997.7230462064638,1994.660867084923,1996.8341414706279]",1996.8341414706279,"[1998.936252137693,1994.5904164261156,1996.7616942394259]",1996.7616942394259,"[1.950901412311,1.94791100301262,1.95003334127991]",1.95003334127991,1024.0,24.0,4.0,24.0,472.0,64.0
crossover-neon,cross/8/unit24/draw4/stride64/spread/update/packet,1,3,"[4904.727687982605,4905.004567816883,4906.825017572998]",4905.004567816883,"[4906.8278285309925,4904.878425864062,4906.6377371777]",4906.6377371777,"[4.789773132795513,4.790043523258675,4.791821306223632]",4.790043523258675,1024.0,24.0,4.0,24.0,472.0,64.0
crossover-neon,cross/8/unit3/draw2/stride3/compact/sum/packet,1,3,"[830.5104828653295,830.5235493259156,830.9906159052925]",830.5235493259156,"[830.4802518259437,830.4936152522048,831.3326008211789]",830.4936152522048,"[0.8110453934231734,0.8110581536385894,0.8115142733450124]",0.8110581536385894,1024.0,3.0,2.0,2.0,23.0,3.0
crossover-neon,cross/8/unit3/draw2/stride3/compact/sum/window,1,3,"[990.1012953920052,991.6483329796005,992.4325759184076]",991.6483329796005,"[990.2794648546404,991.613293692492,993.1713031785281]",991.613293692492,"[0.9668957962812551,0.9684065751753911,0.9691724374203199]",0.9684065751753911,1024.0,3.0,2.0,2.0,23.0,3.0
crossover-neon,cross/8/unit3/draw2/stride3/compact/update/packet,1,3,"[1973.0792511261404,1970.4867680180726,1974.83671171161]",1973.0792511261404,"[1973.0052083322223,1970.4132882882645,1974.7629504522472]",1973.0052083322223,"[1.9268352061778715,1.924303484392649,1.9285514762808689]",1.9268352061778715,1024.0,3.0,2.0,2.0,23.0,3.0
crossover-neon,cross/8/unit3/draw2/stride3/compact/update/window,1,3,"[2093.637828161954,2097.400656325038,2093.6326073993887]",2093.637828161954,"[2093.5601133642167,2097.3177207615568,2093.8748508339286]",2093.8748508339286,"[2.0445681915644083,2.04824282844242,2.0445630931634655]",2.0445681915644083,1024.0,3.0,2.0,2.0,23.0,3.0
crossover-neon,cross/8/unit3/draw2/stride3/spread/sum/packet,1,3,"[1795.1563907840978,1793.90642296274,1794.007723001048]",1794.007723001048,"[1795.903205046422,1793.8506886362454,1794.3225640345427]",1794.3225640345427,"[1.7530824128750957,1.7518617411745507,1.7519606669932106]",1.7519606669932106,1024.0,3.0,2.0,3.0,24.0,3.0
crossover-neon,cross/8/unit3/draw2/stride3/spread/sum/window,1,3,"[831.9046035045861,831.265221265059,831.4652212653577]",831.4652212653577,"[832.2335016338964,831.2370656371062,831.4340362343358]",831.4340362343358,"[0.8124068393599474,0.8117824426416592,0.8119777551419509]",0.8119777551419509,1024.0,3.0,2.0,3.0,24.0,3.0
crossover-neon,cross/8/unit3/draw2/stride3/spread/update/packet,1,3,"[4558.398373983141,4554.816260162544,4547.28162601783]",4554.816260162544,"[4560.254308937768,4554.664065037242,4547.115772359435]",4554.664065037242,"[4.451560912092911,4.448062754064983,4.440704712908037]",4.448062754064983,1024.0,3.0,2.0,3.0,24.0,3.0
crossover-neon,cross/8/unit3/draw2/stride3/spread/update/window,1,3,"[3492.905142286537,3490.120569147318,3489.165751372132]",3490.120569147318,"[3494.3924113835646,3490.0034947518743,3489.04118821454]",3490.0034947518743,"[3.4110401780141957,3.408320868307928,3.4073884290743472]",3.408320868307928,1024.0,3.0,2.0,3.0,24.0,3.0
crossover-neon,cross/8/unit3/draw2/stride4/compact/sum/packet,1,3,"[831.078694362108,830.6969139465048,830.5091394658584]",830.6969139465048,"[831.4283086046297,830.6684273010586,830.4798813055195]",830.6684273010586,"[0.8116002874629961,0.8112274550258836,0.8110440815096274]",0.8112274550258836,1024.0,3.0,2.0,2.0,30.0,4.0
crossover-neon,cross/8/unit3/draw2/stride4/compact/sum/window,1,3,"[980.1967950522051,977.2916080969893,978.8704666854809]",978.8704666854809,"[980.5813185271473,977.2517570989061,979.0544700598523]",979.0544700598523,"[0.9572234326681691,0.9543863360322161,0.9559281901225399]",0.9559281901225399,1024.0,3.0,2.0,2.0,30.0,4.0
crossover-neon,cross/8/unit3/draw2/stride4/compact/update/packet,1,3,"[1976.9597954246383,1977.1633754788115,1975.150021309157]",1976.9597954246383,"[1976.8849268357167,1977.9534024735594,1975.080267085513]",1976.8849268357167,"[1.930624800219373,1.9308236088660269,1.9288574426847234]",1.930624800219373,1024.0,3.0,2.0,2.0,30.0,4.0
crossover-neon,cross/8/unit3/draw2/stride4/compact/update/window,1,3,"[2076.343712575192,2088.4196107775515,2088.7309880243592]",2088.4196107775515,"[2076.269161677202,2089.8255988061487,2088.6499999995567]",2088.6499999995567,"[2.0276794068117105,2.0394722761499526,2.0397763554925383]",2.0394722761499526,1024.0,3.0,2.0,2.0,30.0,4.0
crossover-neon,cross/8/unit3/draw2/stride4/spread/sum/packet,1,3,"[1793.9934715820145,1793.8579109062844,1794.4030977983316]",1793.9934715820145,"[1793.9270353314191,1794.6434971828635,1794.343958014859]",1794.343958014859,"[1.7519467495918113,1.7518143661194185,1.7523467751936834]",1.7519467495918113,1024.0,3.0,2.0,3.0,31.0,4.0
crossover-neon,cross/8/unit3/draw2/stride4/spread/sum/window,1,3,"[942.5090211392046,942.8922849064411,943.0648310221306]",942.8922849064411,"[942.4727346171627,944.154975089663,943.4656658142649]",943.4656658142649,"[0.9204189659562546,0.9207932469789463,0.9209617490450495]",0.9207932469789463,1024.0,3.0,2.0,3.0,31.0,4.0
crossover-neon,cross/8/unit3/draw2/stride4/spread/update/packet,1,3,"[4551.057254390236,4563.06180871618,4555.306115809951]",4555.306115809951,"[4550.885491219501,4562.899154197107,4557.15484709931]",4557.15484709931,"[4.444391849990465,4.456115047574395,4.448541128720655]",4.448541128720655,1024.0,3.0,2.0,3.0,31.0,4.0
crossover-neon,cross/8/unit3/draw2/stride4/spread/update/window,1,3,"[3545.9888607593407,3536.0113924059388,3541.129113922942]",3541.129113922942,"[3567.352151898825,3535.903544308341,3543.7746835444304]",3543.7746835444304,"[3.4628797468352936,3.4531361253964246,3.458133900315373]",3.458133900315373,1024.0,3.0,2.0,3.0,31.0,4.0
crossover-neon,cross/8/unit3/draw2/stride64/compact/sum/packet,1,3,"[848.1607683918794,847.2294267361215,847.8549872741123]",847.8549872741123,"[849.4415828373739,847.1978548060634,848.2955399351093]",848.2955399351093,"[0.8282820003826948,0.8273724870469937,0.8279833860098753]",0.8279833860098753,1024.0,3.0,2.0,2.0,450.0,64.0
crossover-neon,cross/8/unit3/draw2/stride64/compact/update/packet,1,3,"[2019.794266686019,2019.316200955137,2018.8113508030092]",2019.316200955137,"[2019.7202837717307,2019.2394672076177,2019.031562180929]",2019.2394672076177,"[1.9724553385605654,1.9719884774952507,1.9714954597685637]",1.9719884774952507,1024.0,3.0,2.0,2.0,450.0,64.0
crossover-neon,cross/8/unit3/draw2/stride64/spread/sum/packet,1,3,"[1794.7901091843219,1793.6687219013972,1794.2267180474535]",1794.2267180474535,"[1794.7181759762273,1793.5982016711937,1794.157482338872]",1794.157482338872,"[1.7527247160003145,1.7516296112318333,1.752174529343216]",1.752174529343216,1024.0,3.0,2.0,3.0,451.0,64.0
crossover-neon,cross/8/unit3/draw2/stride64/spread/update/packet,1,3,"[4558.1584610369,4556.221388977937,4553.5921095520125]",4556.221388977937,"[4560.009455497746,4556.04597326859,4553.422888816193]",4556.04597326859,"[4.451326622106348,4.4494349501737664,4.446867294484388]",4.4494349501737664,1024.0,3.0,2.0,3.0,451.0,64.0
crossover-neon,cross/8/unit32/draw2/stride32/compact/sum/packet,1,3,"[838.9324982189992,863.9786274049378,856.2737473282052]",856.2737473282052,"[839.5780099735523,863.9498337691596,856.2420446442432]",856.2420446442432,"[0.8192700177919914,0.8437291283251346,0.8362048313752003]",0.8362048313752003,1024.0,32.0,2.0,2.0,226.0,32.0
crossover-neon,cross/8/unit32/draw2/stride32/compact/update/packet,1,3,"[1983.868066391815,1982.2903958002414,1982.4114058730283]",1982.4114058730283,"[1983.7913179200798,1983.2345013481308,1982.3515392253637]",1983.2345013481308,"[1.937371158585757,1.9358304646486733,1.9359486385478792]",1.9359486385478792,1024.0,32.0,2.0,2.0,226.0,32.0
crossover-neon,cross/8/unit32/draw2/stride32/spread/sum/packet,1,3,"[1156.3367272139474,1154.0848741548452,1154.3538323702323]",1154.3538323702323,"[1156.2930683383322,1154.0421927179532,1154.9114604545282]",1154.9114604545282,"[1.1292350851698707,1.127036009916841,1.127298664424055]",1.127298664424055,1024.0,32.0,2.0,32.0,256.0,32.0
crossover-neon,cross/8/unit32/draw2/stride32/spread/update/packet,1,3,"[2554.720725674964,2552.804104819333,2555.2946673991964]",2554.720725674964,"[2565.463807950918,2552.7326369804578,2557.1284588623466]",2557.1284588623466,"[2.494844458666957,2.49297275861263,2.4954049486320278]",2.494844458666957,1024.0,32.0,2.0,32.0,256.0,32.0
crossover-neon,cross/8/unit32/draw2/stride33/compact/sum/packet,1,3,"[830.4258401618197,830.9601591264357,830.9414558840476]",830.9414558840476,"[830.3952618442298,831.0624628906502,831.3292364333306]",831.0624628906502,"[0.810962734533027,0.8114845303969098,0.8114662655117653]",0.8114662655117653,1024.0,32.0,2.0,2.0,233.0,33.0
crossover-neon,cross/8/unit32/draw2/stride33/compact/update/packet,1,3,"[1986.2764216165758,1982.456046282679,1988.1611401152732]",1986.2764216165758,"[1986.2047410748235,1982.3854945684502,1988.0859319890126]",1986.2047410748235,"[1.9397230679849373,1.9359922326979286,1.9415636133938217]",1.9397230679849373,1024.0,32.0,2.0,2.0,233.0,33.0
crossover-neon,cross/8/unit32/draw2/stride33/spread/sum/packet,1,3,"[1154.6877510040847,1155.029116465641,1154.9605923686388]",1154.9605923686388,"[1155.1926037503356,1154.9866967860914,1154.9183400280865]",1154.9866967860914,"[1.1276247568399265,1.1279581215484773,1.127891203484999]",1.127891203484999,1024.0,32.0,2.0,32.0,263.0,33.0
crossover-neon,cross/8/unit32/draw2/stride33/spread/update/packet,1,3,"[2553.3785321110595,2553.086972476724,2553.3722935771298]",2553.3722935771298,"[2559.801834864846,2553.010458713489,2553.2779816518473]",2553.2779816518473,"[2.4935337227647065,2.4932489965593008,2.493527630446416]",2.493527630446416,1024.0,32.0,2.0,32.0,263.0,33.0
crossover-neon,cross/8/unit32/draw2/stride64/compact/sum/packet,1,3,"[848.1782903494001,847.6826492311218,846.8671752019916]",847.6826492311218,"[848.5359607690302,847.6514711217479,846.8357549342506]",847.6514711217479,"[0.828299111669336,0.8278150871397674,0.8270187257831949]",0.8278150871397674,1024.0,32.0,2.0,2.0,450.0,64.0
crossover-neon,cross/8/unit32/draw2/stride64/compact/update/packet,1,3,"[2021.1787830604528,2024.970226912748,2017.0680734201283]",2021.1787830604528,"[2041.4340222557946,2026.961844196905,2016.9830900422114]",2026.961844196905,"[1.9738074053324735,1.9775099872194806,1.969793040449344]",1.9738074053324735,1024.0,32.0,2.0,2.0,450.0,64.0
crossover-neon,cross/8/unit32/draw2/stride64/spread/sum/packet,1,3,"[1174.8554256806965,1173.6353311777923,1172.6053220594792]",1173.6353311777923,"[1174.812401557613,1174.1182956126393,1172.566857331802]",1174.1182956126393,"[1.1473197516413052,1.1461282531033128,1.1451223848237102]",1.1461282531033128,1024.0,32.0,2.0,32.0,480.0,64.0
crossover-neon,cross/8/unit32/draw2/stride64/spread/update/packet,1,3,"[2605.02718302006,2600.431949355283,2600.2010798730803]",2600.431949355283,"[2605.7767641008545,2600.335133125164,2601.336250231753]",2601.336250231753,"[2.5439718584180273,2.5394843255422686,2.539258867063555]",2.5394843255422686,1024.0,32.0,2.0,32.0,480.0,64.0
crossover-neon,cross/8/unit32/draw4/stride32/compact/sum/packet,1,3,"[929.7466063348694,929.345688049637,930.1648922004003]",929.7466063348694,"[929.9065743944884,931.698229969816,930.6579717848383]",930.6579717848383,"[0.9079556702488958,0.9075641484859736,0.9083641525394536]",0.9079556702488958,1024.0,32.0,4.0,4.0,228.0,32.0
crossover-neon,cross/8/unit32/draw4/stride32/compact/update/packet,1,3,"[2189.757793018183,2185.3343204485113,2185.0632793016557]",2185.3343204485113,"[2189.676122195128,2185.2545199498,2186.176433915306]",2186.176433915306,"[2.1384353447443196,2.134115547312999,2.133850858693023]",2.134115547312999,1024.0,32.0,4.0,4.0,228.0,32.0
crossover-neon,cross/8/unit32/draw4/stride32/spread/sum/packet,1,3,"[1974.199291281481,1973.3671155197453,1973.0565556341335]",1973.3671155197453,"[1974.1319631483973,1973.2924167269446,1972.9805811477104]",1973.2924167269446,"[1.9279289953920713,1.9271163237497513,1.9268130426114585]",1.9271163237497513,1024.0,32.0,4.0,32.0,256.0,32.0
crossover-neon,cross/8/unit32/draw4/stride32/spread/update/packet,1,3,"[4730.133378469477,4723.067704808937,4721.727488154514]",4723.067704808937,"[4733.183818551757,4722.911983744669,4721.553148272782]",4722.911983744669,"[4.619270877411598,4.612370805477478,4.611062000150893]",4.612370805477478,1024.0,32.0,4.0,32.0,256.0,32.0
crossover-neon,cross/8/unit32/draw4/stride33/compact/sum/packet,1,3,"[932.6969696967714,933.6413476876659,932.2628256251425]",932.6969696967714,"[933.1216772990733,933.6121079210534,932.2270733651087]",933.1216772990733,"[0.9108368844695032,0.9117591286012362,0.9104129156495531]",0.9108368844695032,1024.0,32.0,4.0,4.0,235.0,33.0
crossover-neon,cross/8/unit32/draw4/stride33/compact/update/packet,1,3,"[2187.1900078060144,2190.7409836048905,2190.088524588316]",2190.088524588316,"[2187.1064793107307,2191.723341137256,2190.019359872519]",2190.019359872519,"[2.1359277419980605,2.139395491801651,2.1387583247932778]",2.1387583247932778,1024.0,32.0,4.0,4.0,235.0,33.0
crossover-neon,cross/8/unit32/draw4/stride33/spread/sum/packet,1,3,"[1976.1685694140474,1972.4221282602798,1975.9629316424805]",1975.9629316424805,"[1976.0933051462202,1972.3517970397986,1976.8689217792337]",1976.0933051462202,"[1.9298521185684057,1.9261934846291795,1.9296513004321099]",1.9296513004321099,1024.0,32.0,4.0,32.0,263.0,33.0
crossover-neon,cross/8/unit32/draw4/stride33/spread/update/packet,1,3,"[4751.555025552282,4759.888926746793,4753.871550255783]",4753.871550255783,"[4751.370017039665,4771.190459964748,4756.2095400365115]",4756.2095400365115,"[4.6401904546409005,4.648329030026165,4.6424526857966635]",4.6424526857966635,1024.0,32.0,4.0,32.0,263.0,33.0
crossover-neon,cross/8/unit32/draw4/stride64/compact/sum/packet,1,3,"[943.3798371356457,943.428023420214,942.1756511209821]",943.3798371356457,"[943.3438993205542,943.3935661879681,942.5144356958052]",943.3438993205542,"[0.9212693722027792,0.9213164291213027,0.9200934092978341]",0.9212693722027792,1024.0,32.0,4.0,4.0,452.0,64.0
crossover-neon,cross/8/unit32/draw4/stride64/compact/update/packet,1,3,"[2206.39843627875,2199.148397185827,2208.9412040637]",2206.39843627875,"[2207.426270520966,2199.064268959246,2209.506333071941]",2207.426270520966,"[2.154685972928467,2.147605856626784,2.157169144593457]",2.154685972928467,1024.0,32.0,4.0,4.0,452.0,64.0
crossover-neon,cross/8/unit32/draw4/stride64/spread/sum/packet,1,3,"[1995.7007456258418,1995.935331230583,1995.3819902493524]",1995.7007456258418,"[1996.6066819593443,1995.8580441645645,1995.3054201325692]",1995.8580441645645,"[1.948926509400236,1.9491555969048662,1.948615224852883]",1.948926509400236,1024.0,32.0,4.0,32.0,480.0,64.0
crossover-neon,cross/8/unit32/draw4/stride64/spread/update/packet,1,3,"[4888.843377717484,4887.71478626687,4883.877014718057]",4887.71478626687,"[4897.747021724406,4890.1744919375005,4883.74071478557]",4890.1744919375005,"[4.77426111105223,4.773158970963739,4.769411147185602]",4.773158970963739,1024.0,32.0,4.0,32.0,480.0,64.0
crossover-neon,cross/8/unit4/draw2/stride4/compact/sum/packet,1,3,"[830.628455912967,830.6396337476388,830.4561507819725]",830.628455912967,"[830.5988465422745,830.6098460074418,830.4250549980386]",830.5988465422745,"[0.8111606014775068,0.8111715173316785,0.81099233474802]",0.8111606014775068,1024.0,4.0,2.0,2.0,30.0,4.0
crossover-neon,cross/8/unit4/draw2/stride4/compact/sum/window,1,3,"[979.0959241041555,976.3976809558229,978.8298664793757]",978.8298664793757,"[979.4966971193672,976.3649332385186,978.7918482067198]",978.7918482067198,"[0.9561483633829644,0.9535133603084208,0.9558885414837653]",0.9558885414837653,1024.0,4.0,2.0,2.0,30.0,4.0
crossover-neon,cross/8/unit4/draw2/stride4/compact/update/packet,1,3,"[1979.2065601582733,1975.9288844907837,1976.7251519864767]",1976.7251519864767,"[1980.0042414813133,1975.8598897212592,1976.654036476433]",1976.654036476433,"[1.9328189064045638,1.929618051260531,1.9303956562367937]",1.9303956562367937,1024.0,4.0,2.0,2.0,30.0,4.0
crossover-neon,cross/8/unit4/draw2/stride4/compact/update/window,1,3,"[2073.4579018453583,2081.8035419485077,2083.8980939515905]",2081.8035419485077,"[2074.3331832521694,2081.738556204705,2083.8170493757007]",2081.738556204705,"[2.0248612322708577,2.0330112714340896,2.0350567323746]",2.0330112714340896,1024.0,4.0,2.0,2.0,30.0,4.0
crossover-neon,cross/8/unit4/draw2/stride4/spread/sum/packet,1,3,"[740.1659527211058,739.9200380772298,739.6886667723928]",739.9200380772298,"[740.6994024003857,739.897086043035,739.6622772234535]",739.897086043035,"[0.7228183132042049,0.7225781621847949,0.7223522136449149]",0.7225781621847949,1024.0,4.0,2.0,4.0,32.0,4.0
crossover-neon,cross/8/unit4/draw2/stride4/spread/sum/window,1,3,"[858.8566171961221,857.5238562492044,857.4751011893869]",857.5238562492044,"[859.2016435661351,857.6755182142548,857.444621611628]",857.6755182142548,"[0.8387271652305881,0.8374256408683637,0.8373780285052608]",0.8374256408683637,1024.0,4.0,2.0,4.0,32.0,4.0
crossover-neon,cross/8/unit4/draw2/stride4/spread/update/packet,1,3,"[1565.0294611851066,1565.74201859487,1564.555729807791]",1565.0294611851066,"[1564.9726671890419,1566.3905007292462,1564.4985997553379]",1564.9726671890419,"[1.5283490831885806,1.5290449400340527,1.527886454890421]",1.5283490831885806,1024.0,4.0,2.0,4.0,32.0,4.0
crossover-neon,cross/8/unit4/draw2/stride4/spread/update/window,1,3,"[1676.4238100943232,1673.7279702670987,1671.2933700992803]",1673.7279702670987,"[1676.8488190858636,1674.4668504992176,1671.23150701246]",1674.4668504992176,"[1.6371326270452373,1.6344999709639636,1.6321224317375782]",1.6344999709639636,1024.0,4.0,2.0,4.0,32.0,4.0
crossover-neon,cross/8/unit4/draw2/stride5/compact/sum/packet,1,3,"[830.6361099569394,830.9999406277425,830.602861723032]",830.6361099569394,"[830.6050584804564,831.3366383654798,830.5770943414796]",830.6050584804564,"[0.8111680761298236,0.8115233795192798,0.8111356071513985]",0.8111680761298236,1024.0,4.0,2.0,2.0,37.0,5.0
crossover-neon,cross/8/unit4/draw2/stride5/compact/sum/window,1,3,"[1106.9600981714223,1107.5005146068868,1107.85701844661]",1107.5005146068868,"[1106.9187712777914,1108.9306468209138,1108.3488243195477]",1108.3488243195477,"[1.0810157208705296,1.0815434712957879,1.0818916195767676]",1.0815434712957879,1024.0,4.0,2.0,2.0,37.0,5.0
crossover-neon,cross/8/unit4/draw2/stride5/compact/update/packet,1,3,"[1981.3821126756243,1976.3197183103832,1981.1963380278776]",1981.1963380278776,"[1981.308028167456,1976.2457746487983,1982.0107042263912]",1981.308028167456,"[1.9349434694097891,1.9299997249124836,1.9347620488553492]",1.9347620488553492,1024.0,4.0,2.0,2.0,37.0,5.0
crossover-neon,cross/8/unit4/draw2/stride5/compact/update/window,1,3,"[2236.5085695985194,2237.184686849445,2237.413262854704]",2237.184686849445,"[2239.7312189655595,2237.1199743752204,2237.3277270554977]",2237.3277270554977,"[2.184090399998554,2.184750670751411,2.1849738895065465]",2.184750670751411,1024.0,4.0,2.0,2.0,37.0,5.0
crossover-neon,cross/8/unit4/draw2/stride5/spread/sum/packet,1,3,"[931.5119728613125,930.6033657041706,930.8494080085525]",930.8494080085525,"[931.4773845946908,930.5703738187435,931.1879739254624]",931.1879739254624,"[0.9096796609973755,0.9087923493204791,0.9090326250083521]",0.9090326250083521,1024.0,4.0,2.0,4.0,39.0,5.0
crossover-neon,cross/8/unit4/draw2/stride5/spread/sum/window,1,3,"[1139.1915000840977,1135.7117419786787,1073.335125146838]",1135.7117419786787,"[1139.6615991935964,1135.6715941543114,1073.2961531996798]",1135.6715941543114,"[1.1124916993008767,1.1090934980260536,1.048178833151209]",1.1090934980260536,1024.0,4.0,2.0,4.0,39.0,5.0
crossover-neon,cross/8/unit4/draw2/stride5/spread/update/packet,1,3,"[2182.809715970092,2175.9390035707056,2176.0268508452655]",2176.0268508452655,"[2183.6894303899458,2176.177712247791,2175.9476951725096]",2176.177712247791,"[2.131650113252043,2.124940433174517,2.1250262215285796]",2.1250262215285796,1024.0,4.0,2.0,4.0,39.0,5.0
crossover-neon,cross/8/unit4/draw2/stride5/spread/update/window,1,3,"[2349.010411419368,2340.285978170013,2340.4619647361674]",2340.4619647361674,"[2348.9259445831563,2341.2352644820394,2340.3874055432025]",2341.2352644820394,"[2.2939554799017268,2.2854355255566534,2.2856073874376635]",2.2856073874376635,1024.0,4.0,2.0,4.0,39.0,5.0
crossover-neon,cross/8/unit4/draw2/stride64/compact/sum/packet,1,3,"[848.0638387993719,847.6622897254978,847.2172939609745]",847.6622897254978,"[848.4240590595704,847.6332445851143,847.1866150306303]",847.6332445851143,"[0.8281873425775116,0.8277952048100565,0.8273606386337642]",0.8277952048100565,1024.0,4.0,2.0,2.0,450.0,64.0
crossover-neon,cross/8/unit4/draw2/stride64/compact/update/packet,1,3,"[2020.0043302544623,2019.6633949190718,2017.8490184762964]",2019.6633949190718,"[2019.9268187073715,2021.2029445708074,2017.7804561206062]",2019.9268187073715,"[1.9726604787641235,1.972327534100656,1.9705556821057582]",1.972327534100656,1024.0,4.0,2.0,2.0,450.0,64.0
crossover-neon,cross/8/unit4/draw2/stride64/spread/sum/packet,1,3,"[945.0528362612497,941.0146171381293,941.7446694383569]",941.7446694383569,"[947.2139600365284,941.248625450864,942.0630950771705]",942.0630950771705,"[0.9229031604113765,0.9189595870489544,0.9196725287483953]",0.9196725287483953,1024.0,4.0,2.0,4.0,452.0,64.0
crossover-neon,cross/8/unit4/draw2/stride64/spread/update/packet,1,3,"[2250.1155705994133,2246.1582849767897,2237.0087040612534]",2246.1582849767897,"[2250.0143455829366,2247.159574467826,2236.924403606965]",2247.159574467826,"[2.1973784869134896,2.193513950172646,2.184578812559818]",2.193513950172646,1024.0,4.0,2.0,4.0,452.0,64.0
crossover-neon,cross/8/unit4/draw4/stride4/compact/sum/packet,1,3,"[740.0016165533924,745.3189460072211,741.1708697057397]",741.1708697057397,"[739.9735424068716,745.6340122869053,741.4133527309328]",741.4133527309328,"[0.7226578286654224,0.7278505332101769,0.7237996774470116]",0.7237996774470116,1024.0,4.0,4.0,4.0,32.0,4.0
crossover-neon,cross/8/unit4/draw4/stride4/compact/sum/window,1,3,"[857.7022999079288,859.3975467644468,857.4092609625418]",857.7022999079288,"[857.6715731372899,861.1269549211735,857.3852192568614]",857.6715731372899,"[0.8375999022538367,0.8392554167621551,0.8373137314087322]",0.8375999022538367,1024.0,4.0,4.0,4.0,32.0,4.0
crossover-neon,cross/8/unit4/draw4/stride4/compact/update/packet,1,3,"[1564.592849938886,1564.3989689570378,1565.9688445595082]",1564.592849938886,"[1564.5373753201266,1564.3425977811398,1566.924352796873]",1564.5373753201266,"[1.5279227050184434,1.5277333681221072,1.5292664497651447]",1.5279227050184434,1024.0,4.0,4.0,4.0,32.0,4.0
crossover-neon,cross/8/unit4/draw4/stride4/compact/update/window,1,3,"[1673.38630923828,1672.300382958049,1673.6991383434884]",1673.38630923828,"[1674.2462900892388,1672.240186691589,1673.6397797963698]",1673.6397797963698,"[1.634166317615508,1.6331058427324696,1.6344718147885628]",1.634166317615508,1024.0,4.0,4.0,4.0,32.0,4.0
crossover-neon,cross/8/unit4/draw4/stride5/compact/sum/packet,1,3,"[931.2783826850554,931.2314433676938,930.2175009962394]",931.2314433676938,"[931.2512282579839,931.1967866150935,930.349820740212]",931.1967866150935,"[0.9094515455908745,0.9094057064137634,0.90841552831664]",0.9094057064137634,1024.0,4.0,4.0,4.0,39.0,5.0
crossover-neon,cross/8/unit4/draw4/stride5/compact/sum/window,1,3,"[1061.4117825686442,1061.026267840362,1060.8359398721095]",1061.026267840362,"[1061.8448982680382,1061.1360461579181,1060.7972213794467]",1061.1360461579181,"[1.0365349439146916,1.0361584646878532,1.035972597531357]",1.0361584646878532,1024.0,4.0,4.0,4.0,39.0,5.0
crossover-neon,cross/8/unit4/draw4/stride5/compact/update/packet,1,3,"[2177.790345258716,2179.686611466392,2177.4897672235857]",2177.790345258716,"[2177.711295112642,2180.567255113758,2177.4108733014486]",2177.711295112642,"[2.1267483840417154,2.1286002065101486,2.126454850804283]",2.1267483840417154,1024.0,4.0,4.0,4.0,39.0,5.0
crossover-neon,cross/8/unit4/draw4/stride5/compact/update/window,1,3,"[2394.007706798915,2402.0070217499824,2402.783867101212]",2402.0070217499824,"[2394.262887483399,2481.1041274188447,2437.0736427507363]",2437.0736427507363,"[2.337898151170815,2.345709982177717,2.346468620216027]",2.345709982177717,1024.0,4.0,4.0,4.0,39.0,5.0
crossover-neon,cross/8/unit4/draw4/stride64/compact/sum/packet,1,3,"[944.2253644118854,944.7724188888667,939.9013233023876]",944.2253644118854,"[944.1878820444817,948.4083428485591,939.8761335410027]",944.1878820444817,"[0.9220950824334817,0.9226293153211589,0.9178723860374878]",0.9220950824334817,1024.0,4.0,4.0,4.0,452.0,64.0
crossover-neon,cross/8/unit4/draw4/stride64/compact/update/packet,1,3,"[2202.9636363645204,2205.236677115614,2199.5271159874433]",2202.9636363645204,"[2202.8786833872305,2205.155329152626,2200.558777432396]",2202.8786833872305,"[2.151331676137227,2.1535514424957167,2.1479756992064876]",2.151331676137227,1024.0,4.0,4.0,4.0,452.0,64.0
crossover-neon,cross/8/unit6/draw2/stride6/compact/sum/packet,1,3,"[830.716719093339,831.7599857554965,831.3056561222638]",831.3056561222638,"[830.6789720471304,836.2727164813145,831.8906166531057]",831.8906166531057,"[0.8112467959895889,0.812265611089352,0.8118219298068983]",0.8118219298068983,1024.0,6.0,2.0,2.0,44.0,6.0
crossover-neon,cross/8/unit6/draw2/stride6/compact/sum/window,1,3,"[1064.2047925279048,1061.195222783465,1060.9128004900838]",1061.195222783465,"[1067.3571428589976,1061.1639871382165,1060.8725310071043]",1061.1639871382165,"[1.0392624927030318,1.0363234597494773,1.0360476567285974]",1.0363234597494773,1024.0,6.0,2.0,2.0,44.0,6.0
crossover-neon,cross/8/unit6/draw2/stride6/compact/update/packet,1,3,"[1978.513250634483,1973.871299690565,1975.2307583873558]",1975.2307583873558,"[1979.9469974607232,1973.806597127175,1975.1628136447066]",1975.1628136447066,"[1.9321418463227373,1.9276086911040673,1.928936287487652]",1.928936287487652,1024.0,6.0,2.0,2.0,44.0,6.0
crossover-neon,cross/8/unit6/draw2/stride6/compact/update/window,1,3,"[2226.104890604635,2223.592020591891,2225.5645109385528]",2225.5645109385528,"[2227.722812095968,2224.323198196268,2225.483590732224]",2225.483590732224,"[2.1739305572310887,2.1714765826092686,2.1734028427134304]",2.1734028427134304,1024.0,6.0,2.0,2.0,44.0,6.0
crossover-neon,cross/8/unit6/draw2/stride6/spread/sum/packet,1,3,"[1336.4875502776697,1337.2680520971794,1340.1845431912661]",1337.2680520971794,"[1336.4395709644957,1337.829343039483,1348.122581880298]",1337.829343039483,"[1.3051636233180368,1.3059258321261518,1.3087739679602208]",1.3059258321261518,1024.0,6.0,2.0,6.0,48.0,6.0
crossover-neon,cross/8/unit6/draw2/stride6/spread/sum/window,1,3,"[962.8481718651306,963.6746539970542,963.3316807823973]",963.3316807823973,"[962.8139502849373,964.1220133581438,963.3052399636643]",963.3052399636643,"[0.9402814178370417,0.9410885292939981,0.9407535945140597]",0.9407535945140597,1024.0,6.0,2.0,6.0,48.0,6.0
crossover-neon,cross/8/unit6/draw2/stride6/spread/update/packet,1,3,"[3635.8629283500845,3624.7593457945454,3623.807113186793]",3624.7593457945454,"[3637.3356697822956,3626.4200415388445,3623.6760124628845]",3626.4200415388445,"[3.5506473909668803,3.539804048627486,3.5388741339714773]",3.539804048627486,1024.0,6.0,2.0,6.0,48.0,6.0
crossover-neon,cross/8/unit6/draw2/stride6/spread/update/window,1,3,"[3239.2053117780665,3243.4009237873843,3239.3191685897536]",3239.3191685897536,"[3239.086374136191,3245.932332560309,3239.201616626004]",3239.201616626004,"[3.1632864372832676,3.1673837146361175,3.1633976255759313]",3.1633976255759313,1024.0,6.0,2.0,6.0,48.0,6.0
crossover-neon,cross/8/unit6/draw2/stride64/compact/sum/packet,1,3,"[847.7329455956138,847.9752211313809,847.0068459950115]",847.7329455956138,"[847.8773779231493,848.4229976977216,846.9794014299263]",847.8773779231493,"[0.8278642046832165,0.8281008018861141,0.8271551230420034]",0.8278642046832165,1024.0,6.0,2.0,2.0,450.0,64.0
crossover-neon,cross/8/unit6/draw2/stride64/compact/update/packet,1,3,"[2025.42850959484,2022.852690810295,2018.138075313657]",2022.852690810295,"[2030.4661664981807,2025.20516519904,2018.0582888481447]",2025.20516519904,"[1.977957528901211,1.9754420808694286,1.9708379641734932]",1.9754420808694286,1024.0,6.0,2.0,2.0,450.0,64.0
crossover-neon,cross/8/unit6/draw2/stride64/spread/sum/packet,1,3,"[1346.64571869909,1347.0057920648571,1347.001930688643]",1347.001930688643,"[1346.5938797200342,1347.3071725079137,1347.6503523521433]",1347.3071725079137,"[1.31508370966708,1.315435343813337,1.3154315729381276]",1.3154315729381276,1024.0,6.0,2.0,6.0,454.0,64.0
crossover-neon,cross/8/unit6/draw2/stride64/spread/update/packet,1,3,"[3667.139711663678,3667.4076015717505,3667.883879423566]",3667.4076015717505,"[3667.001834866936,3667.994757529622,3669.3452162526564]",3667.994757529622,"[3.581191124671561,3.5814527359099126,3.581917850999577]",3.5814527359099126,1024.0,6.0,2.0,6.0,454.0,64.0
crossover-neon,cross/8/unit6/draw2/stride7/compact/sum/packet,1,3,"[830.6375890738192,832.0154988126221,830.6494655585185]",830.6494655585185,"[830.6076603332037,834.422565319466,830.6288598567339]",830.6288598567339,"[0.8111695205799014,0.8125151355592012,0.8111811187094907]",0.8111811187094907,1024.0,6.0,2.0,2.0,51.0,7.0
crossover-neon,cross/8/unit6/draw2/stride7/compact/sum/window,1,3,"[1244.435582822259,1244.3031030496538,1245.1284787057616]",1244.435582822259,"[1244.3899706599796,1244.2595358770027,1245.674668800919]",1244.3899706599796,"[1.2152691238498623,1.2151397490719273,1.2159457799860953]",1.2152691238498623,1024.0,6.0,2.0,2.0,51.0,7.0
crossover-neon,cross/8/unit6/draw2/stride7/compact/update/packet,1,3,"[1982.2369552752439,1977.183486238537,1982.5931766059641]",1982.2369552752439,"[1986.2772362372275,1977.1285837146233,1984.2776662841875]",1984.2776662841875,"[1.9357782766359803,1.930843248279821,1.9361261490292618]",1.9357782766359803,1024.0,6.0,2.0,2.0,51.0,7.0
crossover-neon,cross/8/unit6/draw2/stride7/compact/update/window,1,3,"[2371.811416921791,2372.44223581376,2371.6617397207388]",2371.811416921791,"[2381.0460414575336,2372.3620455299288,2371.5733944947124]",2372.3620455299288,"[2.3162220868376866,2.316838120911875,2.316075917696034]",2.3162220868376866,1024.0,6.0,2.0,2.0,51.0,7.0
crossover-neon,cross/8/unit6/draw2/stride7/spread/sum/packet,1,3,"[1337.4403643335759,1336.5447746888174,1339.3270373921591]",1337.4403643335759,"[1338.4636625103979,1336.4973154351176,1342.4649089166805]",1338.4636625103979,"[1.3060941057945077,1.3052195065320482,1.3079365599532804]",1.3060941057945077,1024.0,6.0,2.0,6.0,55.0,7.0
crossover-neon,cross/8/unit6/draw2/stride7/spread/sum/window,1,3,"[1245.1740023215382,1244.4683510403775,1244.5031693598794]",1244.5031693598794,"[1245.777519863167,1244.4311222212962,1244.4585304878285]",1244.4585304878285,"[1.2159902366421271,1.2153011240628686,1.2153351263280072]",1.2153351263280072,1024.0,6.0,2.0,6.0,55.0,7.0
crossover-neon,cross/8/unit6/draw2/stride7/spread/update/packet,1,3,"[3628.518325968155,3633.8164803729696,3633.0462698211322]",3633.0462698211322,"[3628.381596050353,3635.432544834899,3644.8944632199964]",3635.432544834899,"[3.543474927703276,3.548648906614228,3.5478967478722]",3.5478967478722,1024.0,6.0,2.0,6.0,55.0,7.0
crossover-neon,cross/8/unit6/draw2/stride7/spread/update/window,1,3,"[3530.4249684744905,3546.8131147529334,3522.7235813359953]",3530.4249684744905,"[3539.746784366922,3548.876670869444,3522.5944514495563]",3539.746784366922,"[3.4476806332758696,3.463684682375911,3.440159747398433]",3.4476806332758696,1024.0,6.0,2.0,6.0,55.0,7.0
crossover-neon,cross/8/unit6/draw4/stride6/compact/sum/packet,1,3,"[929.5029609422946,929.8369818349777,930.0745225897891]",929.8369818349777,"[929.4692926995273,929.80344666922,930.4754141991829]",929.80344666922,"[0.9077177352952095,0.9080439275732205,0.908275900966591]",0.9080439275732205,1024.0,6.0,4.0,4.0,46.0,6.0
crossover-neon,cross/8/unit6/draw4/stride6/compact/sum/window,1,3,"[1093.6709748598325,1094.3191740882253,1096.479706832976]",1094.3191740882253,"[1093.6298368656908,1094.280557961948,1096.438411222548]",1094.280557961948,"[1.0680380613865552,1.0686710684455325,1.0707809637040784]",1.0686710684455325,1024.0,6.0,4.0,4.0,46.0,6.0
crossover-neon,cross/8/unit6/draw4/stride6/compact/update/packet,1,3,"[2183.2854714070095,2177.8112828439394,2178.1392581141]",2178.1392581141,"[2184.7239567248193,2187.1808346240223,2178.0718701685582]",2184.7239567248193,"[2.1321147181709073,2.1267688309022845,2.1270891192520507]",2.1270891192520507,1024.0,6.0,4.0,4.0,46.0,6.0
crossover-neon,cross/8/unit6/draw4/stride6/compact/update/window,1,3,"[2377.2405084738507,2376.630677966704,2374.2294915254593]",2376.630677966704,"[2377.1489830485702,2378.0732203415214,2374.141694912843]",2377.1489830485702,"[2.3215239340564944,2.3209283964518588,2.3185834878178317]",2.3209283964518588,1024.0,6.0,4.0,4.0,46.0,6.0
crossover-neon,cross/8/unit6/draw4/stride6/spread/sum/packet,1,3,"[1336.786839843878,1337.1822175532063,1336.3842994939457]",1336.786839843878,"[1336.73565084485,1337.7546557149349,1336.3359755517022]",1336.73565084485,"[1.305455898285037,1.305842009329303,1.3050627924745566]",1.305455898285037,1024.0,6.0,4.0,6.0,48.0,6.0
crossover-neon,cross/8/unit6/draw4/stride6/spread/sum/window,1,3,"[963.4684939054207,963.8268714274336,963.0513050063187]",963.4684939054207,"[963.4333034927848,964.2610701745265,963.68879553595]",963.68879553595,"[0.9408872010795124,0.9412371791283531,0.9404797900452331]",0.9408872010795124,1024.0,6.0,4.0,6.0,48.0,6.0
crossover-neon,cross/8/unit6/draw4/stride6/spread/update/packet,1,3,"[3626.860326510302,3624.6877429382703,3628.0246177752956]",3626.860326510302,"[3626.722207825404,3626.915003887782,3627.8911635097775]",3626.915003887782,"[3.5418557876077164,3.5397341239631546,3.5429927907961876]",3.5418557876077164,1024.0,6.0,4.0,6.0,48.0,6.0
crossover-neon,cross/8/unit6/draw4/stride6/spread/update/window,1,3,"[3244.126418152264,3240.264644594028,3238.9293818006377]",3240.264644594028,"[3244.0090298738555,3240.1451724956355,3240.27737902188]",3240.27737902188,"[3.1680922052268206,3.1643209419863556,3.163016974414685]",3.1643209419863556,1024.0,6.0,4.0,6.0,48.0,6.0
crossover-neon,cross/8/unit6/draw4/stride64/compact/sum/packet,1,3,"[945.2515287952559,945.4002419195026,939.7890598751276]",945.2515287952559,"[945.2245816823606,945.3642900342002,940.1875545994922]",945.2245816823606,"[0.9230971960891171,0.9232424237495144,0.9177627537843043]",0.9230971960891171,1024.0,6.0,4.0,4.0,452.0,64.0
crossover-neon,cross/8/unit6/draw4/stride64/compact/update/packet,1,3,"[2205.5609213658204,2222.7202541705747,2204.8093725179897]",2205.5609213658204,"[2208.7498014302155,2223.1178713255204,2204.7270849859106]",2208.7498014302155,"[2.153868087271309,2.1706252482134514,2.1531341528495993]",2.153868087271309,1024.0,6.0,4.0,4.0,452.0,64.0
crossover-neon,cross/8/unit6/draw4/stride64/spread/sum/packet,1,3,"[1347.9616456790836,1346.9494376624261,1346.4156493320254]",1346.9494376624261,"[1348.5267711222727,1346.905219648831,1346.3629722200767]",1346.905219648831,"[1.31636879460848,1.3153803102172128,1.3148590325508063]",1.3153803102172128,1024.0,6.0,4.0,6.0,454.0,64.0
crossover-neon,cross/8/unit6/draw4/stride64/spread/update/packet,1,3,"[3695.122573783856,3695.397766550891,3686.9085349639417]",3695.122573783856,"[3694.9848444545996,3697.08056367969,3686.791544799628]",3694.9848444545996,"[3.6085181384607967,3.608786881397354,3.6004966161757244]",3.6085181384607967,1024.0,6.0,4.0,6.0,454.0,64.0
crossover-neon,cross/8/unit6/draw4/stride7/compact/sum/packet,1,3,"[930.0991823440506,930.7436681511172,932.4513727316229]",930.7436681511172,"[930.0652795311958,932.6757295752435,932.9001528947352]",932.6757295752435,"[0.9082999827578621,0.9089293634288255,0.9105970436832254]",0.9089293634288255,1024.0,6.0,4.0,4.0,53.0,7.0
crossover-neon,cross/8/unit6/draw4/stride7/compact/sum/window,1,3,"[1290.6013831255304,1290.3477178422945,1290.6945136002469]",1290.6013831255304,"[1290.55232826141,1290.301152605919,1290.6472106960275]",1290.55232826141,"[1.2603529132085258,1.2601051932053657,1.260443860937741]",1.2603529132085258,1024.0,6.0,4.0,4.0,53.0,7.0
crossover-neon,cross/8/unit6/draw4/stride7/compact/update/packet,1,3,"[2184.9300883578053,2175.1238567661985,2184.292822818272]",2184.292822818272,"[2185.839249726809,2175.046039373716,2189.3080142584186]",2185.839249726809,"[2.1337207894119192,2.1241443913732407,2.133098459783468]",2.133098459783468,1024.0,6.0,4.0,4.0,53.0,7.0
crossover-neon,cross/8/unit6/draw4/stride7/compact/update/window,1,3,"[2349.3423438545833,2345.710879784305,2346.1687374083676]",2346.1687374083676,"[2350.282236400138,2345.625083948829,2346.081934181721]",2346.081934181721,"[2.294279632670491,2.29073328103936,2.291180407625359]",2.291180407625359,1024.0,6.0,4.0,4.0,53.0,7.0
crossover-neon,cross/8/unit6/draw4/stride7/spread/sum/packet,1,3,"[1337.1449178446483,1336.9951280094615,1336.6824608335683]",1336.9951280094615,"[1337.094096293121,1337.5342949950493,1336.6489300720782]",1337.094096293121,"[1.305805583832664,1.3056593046967397,1.3053539656577815]",1.3056593046967397,1024.0,6.0,4.0,6.0,55.0,7.0
crossover-neon,cross/8/unit6/draw4/stride7/spread/sum/window,1,3,"[1246.0654597341702,1244.5315259071792,1244.7464550073712]",1244.7464550073712,"[1246.4262017291821,1244.6758227048037,1245.3346116115008]",1245.3346116115008,"[1.2168608005216506,1.2153628182687295,1.2155727099681357]",1.2155727099681357,1024.0,6.0,4.0,6.0,55.0,7.0
crossover-neon,cross/8/unit6/draw4/stride7/spread/update/packet,1,3,"[3634.100573215467,3632.5898905691515,3631.5513288174698]",3632.5898905691515,"[3633.965867633129,3632.466909847257,3633.0369984340978]",3633.0369984340978,"[3.5489263410307297,3.547451065008937,3.5464368445483108]",3.547451065008937,1024.0,6.0,4.0,6.0,55.0,7.0
crossover-neon,cross/8/unit6/draw4/stride7/spread/update/window,1,3,"[3540.0402022754406,3527.1815423509315,3536.873830593438]",3536.873830593438,"[3539.9079645969564,3527.045006318276,3542.211125157834]",3539.9079645969564,"[3.4570705100346095,3.444513224952082,3.4539783501889043]",3.4539783501889043,1024.0,6.0,4.0,6.0,55.0,7.0
crossover-neon,cross/8/unit64/draw2/stride64/compact/sum/packet,1,3,"[842.7879210083529,845.8509813424405,845.2850739037156]",845.2850739037156,"[842.7578143923938,846.2194693492606,845.2576932401121]",845.2576932401121,"[0.8230350791097196,0.8260263489672269,0.8254737049840973]",0.8254737049840973,1024.0,64.0,2.0,2.0,450.0,64.0
crossover-neon,cross/8/unit64/draw2/stride64/compact/update/packet,1,3,"[2018.3875688210323,2021.6048971312364,2019.8087510857272]",2019.8087510857272,"[2018.309040858832,2023.0275282504256,2019.7352941152876]",2019.7352941152876,"[1.9710816101767894,1.974223532354723,1.9724694834821555]",1.9724694834821555,1024.0,64.0,2.0,2.0,450.0,64.0
crossover-neon,cross/8/unit64/draw2/stride64/spread/sum/packet,1,3,"[1174.4851894754943,1174.2986099621494,1173.5004137009344]",1174.2986099621494,"[1174.4374482866262,1174.254592090117,1173.9714545763147]",1174.254592090117,"[1.1469581928471624,1.1467759862911617,1.1459964977548187]",1.1467759862911617,1024.0,64.0,2.0,64.0,512.0,64.0
crossover-neon,cross/8/unit64/draw2/stride64/spread/update/packet,1,3,"[2590.722614184222,2596.0480876332517,2590.537318973599]",2590.722614184222,"[2590.628109918605,2596.5479019684867,2591.8380987738474]",2591.8380987738474,"[2.5300025529142793,2.535203210579348,2.5298216005601555]",2.5300025529142793,1024.0,64.0,2.0,64.0,512.0,64.0
crossover-neon,cross/8/unit64/draw2/stride65/compact/sum/packet,1,3,"[909.7753975973181,909.8930217458294,912.5310613436984]",909.8930217458294,"[909.7413826688986,909.8592015582399,914.3065887710142]",909.8592015582399,"[0.888452536716131,0.8885674040486615,0.8911436145934555]",0.8885674040486615,1024.0,64.0,2.0,2.0,457.0,65.0
crossover-neon,cross/8/unit64/draw2/stride65/compact/update/packet,1,3,"[2061.664143663208,2059.0759869395424,2058.6395072711975]",2059.0759869395424,"[2061.585336895955,2058.9951024052884,2058.563668744024]",2058.9951024052884,"[2.0133438902961016,2.010816393495647,2.010390143819529]",2.010816393495647,1024.0,64.0,2.0,2.0,457.0,65.0
crossover-neon,cross/8/unit64/draw2/stride65/spread/sum/packet,1,3,"[1208.467613288585,1207.6160049085256,1207.2509422380808]",1207.6160049085256,"[1209.3481461999413,1207.576387063424,1207.205539487716]",1207.576387063424,"[1.1801441536021338,1.179312504793482,1.1789559982793758]",1.179312504793482,1024.0,64.0,2.0,64.0,519.0,65.0
crossover-neon,cross/8/unit64/draw2/stride65/spread/update/packet,1,3,"[2599.94052739835,2600.6108097993438,2598.372545352836]",2599.94052739835,"[2599.841219378238,2601.722274172825,2598.284084531017]",2599.841219378238,"[2.539004421287451,2.5396589939446716,2.537473188821129]",2.539004421287451,1024.0,64.0,2.0,64.0,519.0,65.0
crossover-neon,cross/8/unit64/draw4/stride64/compact/sum/packet,1,3,"[940.7112112451551,942.9696011844453,942.5494653302557]",942.5494653302557,"[941.1068666346116,942.9398076549229,942.5153002898904]",942.5153002898904,"[0.9186632922315968,0.9208687511566849,0.9204584622365776]",0.9204584622365776,1024.0,64.0,4.0,4.0,452.0,64.0
crossover-neon,cross/8/unit64/draw4/stride64/compact/update/packet,1,3,"[2205.578996425849,2212.604474135181,2201.8718347074455]",2205.578996425849,"[2205.497125989711,2313.895448190803,2201.803324530093]",2205.497125989711,"[2.153885738697118,2.160746556772638,2.15026546358149]",2.153885738697118,1024.0,64.0,4.0,4.0,452.0,64.0
crossover-neon,cross/8/unit64/draw4/stride64/spread/sum/packet,1,3,"[2000.7370609314307,2002.143082438538,2002.5482437267294]",2002.143082438538,"[2000.6592114733203,2002.0637992814218,2003.687455199858]",2002.0637992814218,"[1.9538447860658503,1.955217853943885,1.9556135192643842]",1.955217853943885,1024.0,64.0,4.0,64.0,512.0,64.0
crossover-neon,cross/8/unit64/draw4/stride64/spread/update/packet,1,3,"[5075.057776161496,5074.743095931302,5079.793604650552]",5075.057776161496,"[5074.865188959496,5085.326671513118,5082.687136627881]",5082.687136627881,"[4.956111109532711,4.9558038046204125,4.960735942041555]",4.956111109532711,1024.0,64.0,4.0,64.0,512.0,64.0
crossover-neon,cross/8/unit64/draw4/stride65/compact/sum/packet,1,3,"[959.6880683383703,958.6822127305085,960.6244833291104]",959.6880683383703,"[959.6510746758357,958.6454946269806,960.9717553034911]",959.6510746758357,"[0.9371953792366896,0.9362130983696371,0.9381098470010844]",0.9371953792366896,1024.0,64.0,4.0,4.0,459.0,65.0
crossover-neon,cross/8/unit64/draw4/stride65/compact/update/packet,1,3,"[2217.9292620036263,2224.84579439374,2225.5789558480856]",2224.84579439374,"[2217.842249434814,2224.764099258391,2228.25201417836]",2224.764099258391,"[2.1659465449254167,2.172700971087637,2.173416949070396]",2.172700971087637,1024.0,64.0,4.0,4.0,459.0,65.0
crossover-neon,cross/8/unit64/draw4/stride65/spread/sum/packet,1,3,"[2032.3363424581198,2031.0621723946726,2030.0151426924922]",2031.0621723946726,"[2033.2415550370583,2030.984420500576,2029.9372451950705]",2030.984420500576,"[1.9847034594317579,1.9834591527291727,1.982436662785637]",1.9834591527291727,1024.0,64.0,4.0,64.0,519.0,65.0
crossover-neon,cross/8/unit64/draw4/stride65/spread/update/packet,1,3,"[5012.563380280609,5009.15240159183,5006.5612134345665]",5009.15240159183,"[5021.287107256032,5011.850848682101,5007.201877933508]",5011.850848682101,"[4.895081426055282,4.891750392179522,4.889219934994694]",4.891750392179522,1024.0,64.0,4.0,64.0,519.0,65.0
crossover-neon,cross/8/unit8/draw2/stride64/compact/sum/packet,1,3,"[847.4586879110147,846.9888949242649,848.5136701069167]",847.4586879110147,"[847.4245277312568,846.9566057095819,848.9007182092986]",847.4245277312568,"[0.8275963749131003,0.8271375926994775,0.8286266309637859]",0.8275963749131003,1024.0,8.0,2.0,2.0,450.0,64.0
crossover-neon,cross/8/unit8/draw2/stride64/compact/update/packet,1,3,"[2021.4643324126005,2020.584774080997,2020.0758390233086]",2020.584774080997,"[2022.5337788720253,2020.5320354488358,2020.000726429617]",2020.5320354488358,"[1.9740862621216801,1.9732273184384739,1.9727303115461998]",1.9732273184384739,1024.0,8.0,2.0,2.0,450.0,64.0
crossover-neon,cross/8/unit8/draw2/stride64/spread/sum/packet,1,3,"[702.3359891762203,701.1400581279455,701.4186710763412]",701.4186710763412,"[702.6281318912195,701.1143515737131,701.3920625376686]",701.3920625376686,"[0.6858749894299027,0.6847070880155717,0.6849791709729893]",0.6849791709729893,1024.0,8.0,2.0,8.0,456.0,64.0
crossover-neon,cross/8/unit8/draw2/stride64/spread/update/packet,1,3,"[1836.509827356979,1831.2277556436852,1839.9294820722569]",1836.509827356979,"[1837.2833997353923,1831.4798140767161,1839.8617529886492]",1837.2833997353923,"[1.7934666282782998,1.7883083551207866,1.7968061348361886]",1.7934666282782998,1024.0,8.0,2.0,8.0,456.0,64.0
crossover-neon,cross/8/unit8/draw2/stride8/compact/sum/packet,1,3,"[832.2310754604891,830.9007130121738,831.348425430577]",831.348425430577,"[835.8683303613221,830.8781342843778,831.8385026740366]",831.8385026740366,"[0.8127256596293839,0.8114264775509511,0.8118636967095478]",0.8118636967095478,1024.0,8.0,2.0,2.0,58.0,8.0
crossover-neon,cross/8/unit8/draw2/stride8/compact/sum/window,1,3,"[1198.4663292443201,1198.3948700351393,1198.3008492752256]",1198.3948700351393,"[1198.4213777123798,1198.353006775376,1198.2522089719796]",1198.353006775376,"[1.1703772746526564,1.1703074902686907,1.1702156731203375]",1.1703074902686907,1024.0,8.0,2.0,2.0,58.0,8.0
crossover-neon,cross/8/unit8/draw2/stride8/compact/update/packet,1,3,"[1979.898103595177,1979.977356353384,1977.6157656384707]",1979.898103595177,"[1979.8215397696079,1979.903906032363,1977.5409000834475]",1979.8215397696079,"[1.933494241792165,1.9335716370638516,1.931265396131319]",1.933494241792165,1024.0,8.0,2.0,2.0,58.0,8.0
crossover-neon,cross/8/unit8/draw2/stride8/compact/update/window,1,3,"[2349.7429146391137,2351.2730169380993,2348.803622336913]",2349.7429146391137,"[2351.0476270341055,2373.3785007554975,2348.724467548463]",2351.0476270341055,"[2.2946708150772595,2.296165055603613,2.2937535374383913]",2.2946708150772595,1024.0,8.0,2.0,2.0,58.0,8.0
crossover-neon,cross/8/unit8/draw2/stride8/spread/sum/packet,1,3,"[556.4858164481487,555.9845848232239,556.1736193880145]",556.1736193880145,"[557.0631307119249,555.96658720736,556.1532379808798]",556.1532379808798,"[0.5434431801251453,0.5429536961164296,0.5431383001836078]",0.5431383001836078,1024.0,8.0,2.0,8.0,64.0,8.0
crossover-neon,cross/8/unit8/draw2/stride8/spread/sum/window,1,3,"[1108.2797397034162,1107.6005872548285,1106.6177287516932]",1107.6005872548285,"[1111.512895802091,1108.9992064121654,1106.5809062764952]",1108.9992064121654,"[1.0823044333041174,1.0816411984910435,1.0806813757340754]",1.0816411984910435,1024.0,8.0,2.0,8.0,64.0,8.0
crossover-neon,cross/8/unit8/draw2/stride8/spread/update/packet,1,3,"[1520.1033955671433,1521.0296975657936,1519.734687193003]",1520.1033955671433,"[1520.0495687315172,1521.8853586639798,1519.6812970832104]",1520.0495687315172,"[1.4844759722335386,1.4853805640290951,1.4841159054619173]",1.4844759722335386,1024.0,8.0,2.0,8.0,64.0,8.0
crossover-neon,cross/8/unit8/draw2/stride8/spread/update/window,1,3,"[2117.995164702445,2118.8593230585466,2115.2373828952236]",2117.995164702445,"[2121.7348141441084,2120.7854336659107,2115.174524024568]",2120.7854336659107,"[2.0683546530297314,2.069198557674362,2.065661506733617]",2.0683546530297314,1024.0,8.0,2.0,8.0,64.0,8.0
crossover-neon,cross/8/unit8/draw2/stride9/compact/sum/packet,1,3,"[830.7041416600533,831.5699090851888,830.4420345830412]",830.7041416600533,"[830.6766890483295,831.8727197090057,830.4129775984148]",830.6766890483295,"[0.8112345133398957,0.8120799893410047,0.810978549397501]",0.8112345133398957,1024.0,8.0,2.0,2.0,65.0,9.0
crossover-neon,cross/8/unit8/draw2/stride9/compact/update/packet,1,3,"[1982.5938208611099,1981.9502551020987,1981.6692176875442]",1981.9502551020987,"[1982.5199829950795,1981.8771258513964,1982.5073696128336]",1982.5073696128336,"[1.9361267781846778,1.9354982959981433,1.9352238453979924]",1.9354982959981433,1024.0,8.0,2.0,2.0,65.0,9.0
crossover-neon,cross/8/unit8/draw2/stride9/spread/sum/packet,1,3,"[679.7849702019424,678.017006638022,678.3562188088184]",678.3562188088184,"[680.1336789576615,677.9929744656536,678.6868549835555]",678.6868549835555,"[0.6638525099628344,0.6621259830449433,0.6624572449304867]",0.6624572449304867,1024.0,8.0,2.0,8.0,71.0,9.0
crossover-neon,cross/8/unit8/draw2/stride9/spread/update/packet,1,3,"[1827.2753156407605,1827.3326462253704,1824.950657047508]",1827.2753156407605,"[1827.2067766015052,1827.2643648544324,1827.7410461231404]",1827.2643648544324,"[1.7844485504304302,1.7845045373294632,1.782178376022957]",1.7844485504304302,1024.0,8.0,2.0,8.0,71.0,9.0
crossover-neon,cross/8/unit8/draw4/stride64/compact/sum/packet,1,3,"[942.1407917846851,941.1703823809039,940.4946628833131]",941.1703823809039,"[942.1097824631353,941.299621672304,940.4577084172828]",941.299621672304,"[0.9200593669772316,0.9191117015438516,0.9184518192219854]",0.9191117015438516,1024.0,8.0,4.0,4.0,452.0,64.0
crossover-neon,cross/8/unit8/draw4/stride64/compact/update/packet,1,3,"[2220.098099226422,2200.7717461346638,2199.8125000008217]",2200.7717461346638,"[2221.1776739675943,2200.693137888749,2199.725676547469]",2200.693137888749,"[2.1680645500258033,2.1491911583346326,2.1482543945320525]",2.1491911583346326,1024.0,8.0,4.0,4.0,452.0,64.0
crossover-neon,cross/8/unit8/draw4/stride64/spread/sum/packet,1,3,"[700.9540957262157,700.2788910649219,700.502887850952]",700.502887850952,"[701.2535784241994,700.2524232841371,700.4769725274039]",700.4769725274039,"[0.6845254841076326,0.6838661045555878,0.6840848514169454]",0.6840848514169454,1024.0,8.0,4.0,8.0,456.0,64.0
crossover-neon,cross/8/unit8/draw4/stride64/spread/update/packet,1,3,"[1845.6395195352652,1839.2897307283397,1841.0343189019004]",1841.0343189019004,"[1849.4215945061978,1840.3285374871268,1841.5430306211356]",1841.5430306211356,"[1.8023823432961577,1.796181377664394,1.7978850770526371]",1.7978850770526371,1024.0,8.0,4.0,8.0,456.0,64.0
crossover-neon,cross/8/unit8/draw4/stride8/compact/sum/packet,1,3,"[930.3805756830469,928.5295486273935,927.8613973275303]",928.5295486273935,"[930.7945223687462,928.4969088598697,927.8255002314553]",928.4969088598697,"[0.9085747809404755,0.906767137331439,0.9061146458276663]",0.906767137331439,1024.0,8.0,4.0,4.0,60.0,8.0
crossover-neon,cross/8/unit8/draw4/stride8/compact/sum/window,1,3,"[1244.3496116418003,1245.2397107401569,1244.116507454735]",1244.3496116418003,"[1244.3027408269397,1245.7774305863682,1244.0758860805024]",1244.3027408269397,"[1.2151851676189456,1.2160544050196844,1.2149575268112645]",1.2151851676189456,1024.0,8.0,4.0,4.0,60.0,8.0
crossover-neon,cross/8/unit8/draw4/stride8/compact/update/packet,1,3,"[2171.4190845614653,2176.344763382997,2172.6586501167426]",2172.6586501167426,"[2171.748642360118,2177.2993017855624,2172.596431343414]",2172.596431343414,"[2.120526449767056,2.125336682991208,2.1217369630046314]",2.1217369630046314,1024.0,8.0,4.0,4.0,60.0,8.0
crossover-neon,cross/8/unit8/draw4/stride8/compact/update/window,1,3,"[2306.454485488527,2301.587236147932,2305.9152374673276]",2305.9152374673276,"[2307.5478232196374,2301.5034630621317,2307.203496042488]",2307.203496042488,"[2.2523969584848897,2.2476437853007147,2.251870349089187]",2.251870349089187,1024.0,8.0,4.0,4.0,60.0,8.0
crossover-neon,cross/8/unit8/draw4/stride8/spread/sum/packet,1,3,"[556.0452647070771,556.1296686686514,556.4118770136197]",556.1296686686514,"[556.0261326114991,556.10838868782,556.6573724189286]",556.10838868782,"[0.543012953815505,0.5430953795592299,0.543370973646113]",0.5430953795592299,1024.0,8.0,4.0,8.0,64.0,8.0
crossover-neon,cross/8/unit8/draw4/stride8/spread/sum/window,1,3,"[1107.022758860465,1189.112404447926,1191.092338429807]",1189.112404447926,"[1106.9826268234772,1189.0683634457475,1191.3404273806257]",1189.0683634457475,"[1.081076912949673,1.1612425824686778,1.163176111747858]",1.1612425824686778,1024.0,8.0,4.0,8.0,64.0,8.0
crossover-neon,cross/8/unit8/draw4/stride8/spread/update/packet,1,3,"[1519.8723799126517,1519.8351528388266,1519.7012008731497]",1519.8351528388266,"[1520.6700873359127,1520.003165941917,1519.6458515278582]",1520.003165941917,"[1.484250371008449,1.4842140164441664,1.4840832039776852]",1.4842140164441664,1024.0,8.0,4.0,8.0,64.0,8.0
crossover-neon,cross/8/unit8/draw4/stride8/spread/update/window,1,3,"[2274.1061903199025,2283.9479749753527,2115.5340796840983]",2274.1061903199025,"[2274.0214026999597,2284.974316758363,2115.457029959944]",2274.0214026999597,"[2.2208068264842797,2.230417944311868,2.0659512496915022]",2.2208068264842797,1024.0,8.0,4.0,8.0,64.0,8.0
crossover-neon,cross/8/unit8/draw4/stride9/compact/sum/packet,1,3,"[950.8193478699852,956.2655775330873,956.7845136027618]",956.2655775330873,"[952.1993519195414,956.6898670083978,956.7548099640069]",956.6898670083978,"[0.9285345194042824,0.9338531030596555,0.9343598765651971]",0.9338531030596555,1024.0,8.0,4.0,4.0,67.0,9.0
crossover-neon,cross/8/unit8/draw4/stride9/compact/update/packet,1,3,"[2181.4831932772768,2199.3201058197537,2201.006847182652]",2199.3201058197537,"[2181.3991596646188,2200.4189231252526,2204.366791159049]",2200.4189231252526,"[2.1303546809348406,2.147773540839603,2.1494207492018087]",2.147773540839603,1024.0,8.0,4.0,4.0,67.0,9.0
crossover-neon,cross/8/unit8/draw4/stride9/spread/sum/packet,1,3,"[679.1923712342603,678.1486880468323,678.7817784255711]",678.7817784255711,"[679.1674441210847,678.1231778425388,679.0914965986317]",679.0914965986317,"[0.6632738000334574,0.6622545781707346,0.6628728304937218]",0.6628728304937218,1024.0,8.0,4.0,8.0,71.0,9.0
crossover-neon,cross/8/unit8/draw4/stride9/spread/update/packet,1,3,"[1846.3234951453535,1846.5906796114048,1855.6166990288223]",1846.5906796114048,"[1846.2542394830914,1846.5255663443074,1856.4025889966388]",1846.5255663443074,"[1.8030502882278843,1.8033112105580125,1.812125682645334]",1.8033112105580125,1024.0,8.0,4.0,8.0,71.0,9.0
module-neon,packets/4/spread/all/sum,1,3,"[3587.0901716334706,3585.763470241664,3584.645205362491]",3585.763470241664,"[3591.6260780446164,3586.462641963349,3584.5225002119796]",3586.462641963349,"[3.503017745735811,3.5017221389078745,3.5006300833618074]",3.5017221389078745,1024.0,,,,,
module-neon,packets/4/spread/all/update/body,1,3,"[19904.611452910674,19888.24514907744,19890.787032654596]",19890.787032654596,"[19908.512068148746,19891.844770470743,19890.07098912514]",19891.844770470743,"[19.43809712198308,19.422114403395938,19.424596711576754]",19.424596711576754,1024.0,,,,,
module-neon,packets/4/spread/all/update/cps,1,3,"[34190.97068403857,34193.60586319272,34134.41856677515]",34190.97068403857,"[34195.8387622021,34273.58876220382,34137.784201955044]",34195.8387622021,"[33.389619808631416,33.39219322577414,33.334393131616366]",33.389619808631416,1024.0,,,,,
module-neon,packets/4/spread/all/update/ordinary,1,3,"[31943.008390541498,31983.05644546076,31962.62929061797]",31962.62929061797,"[31947.33943553647,32005.881006876156,31967.76582759998]",31967.76582759998,"[31.19434413138818,31.233453560020273,31.21350516661911]",31.21350516661911,1024.0,,,,,
module-neon,packets/4/spread/half/sum,1,3,"[2060.41538386121,2059.7092852240125,2059.177125208359]",2059.7092852240125,"[2060.6761447173967,2060.203745464585,2059.3719482312777]",2060.203745464585,"[2.012124398301963,2.0114348488515748,2.0109151613362877]",2.0114348488515748,1024.0,,,,,
module-neon,packets/4/spread/half/update/body,1,3,"[10039.728602253885,10044.09278350533,10049.284823783315]",10044.09278350533,"[10040.9554063688,10043.74706305538,10050.26180771568]",10043.74706305538,"[9.80442246313856,9.808684358891922,9.813754710725894]",9.808684358891922,1024.0,,,,,
module-neon,packets/4/spread/half/update/cps,1,3,"[18649.235790408857,18633.25754884577,18642.46847246857]",18642.46847246857,"[18663.620337482756,18636.660746016456,18643.81616342523]",18643.81616342523,"[18.21214432657115,18.196540575044697,18.205535617645086]",18.205535617645086,1024.0,,,,,
module-neon,packets/4/spread/half/update/ordinary,1,3,"[17008.795868772653,16988.10773592521,17004.591737545084]",17004.591737545084,"[17020.633049819273,16987.518023496912,17006.205346278868]",17006.205346278868,"[16.610152215598294,16.58994896086446,16.606046618696375]",16.606046618696375,1024.0,,,,,
module-neon,packets/64/one_byte/all/sum,1,3,"[82.75448640382345,82.74798688271613,82.74812089345772]",82.74812089345772,"[82.7651422287366,82.7603513446511,82.75522937511342]",82.7603513446511,"[0.08081492812873384,0.08080858094015247,0.08080871181001731]",0.08080871181001731,1024.0,,,,,
module-neon,packets/64/one_byte/all/update/body,1,3,"[192.40848259392916,192.6968127124212,192.54360705429835]",192.54360705429835,"[192.43110590598505,192.8598374207352,192.56790667788553]",192.56790667788553,"[0.18789890878313395,0.18818048116447386,0.18803086626396323]",0.18803086626396323,1024.0,,,,,
module-neon,packets/64/one_byte/all/update/cps,1,3,"[402.22307411111314,402.16161305216986,402.2145894258895]",402.2145894258895,"[402.2621594586962,402.19853393895113,402.25078882604436]",402.25078882604436,"[0.392795970811634,0.3927359502462596,0.3927876849862202]",0.3927876849862202,1024.0,,,,,
module-neon,packets/64/one_byte/all/update/ordinary,1,3,"[329.5801973337115,329.6223965100666,329.4871922074427]",329.5801973337115,"[329.61711275402774,329.691392438754,329.74995472188806]",329.691392438754,"[0.32185566145870265,0.321896871591862,0.3217648361400808]",0.32185566145870265,1024.0,,,,,
module-neon,packets/64/one_byte/half/sum,1,3,"[418.0310224438813,417.47874314215557,417.28343142142165]",417.47874314215557,"[418.1392518700916,417.51907231893506,417.3207182045015]",417.51907231893506,"[0.40823342035535276,0.40769408509976124,0.4075033509974821]",0.40769408509976124,1024.0,,,,,
module-neon,packets/64/one_byte/half/update/body,1,3,"[1201.968466794377,1201.2632722490298,1200.7095685983625]",1201.2632722490298,"[1202.6660567770684,1201.4093027238448,1200.6694588185464]",1201.4093027238448,"[1.1737973308538838,1.1731086643056932,1.1725679380843386]",1.1731086643056932,1024.0,,,,,
module-neon,packets/64/one_byte/half/update/cps,1,3,"[3289.460326172166,3288.2091892740414,3288.921906852757]",3288.921906852757,"[3289.842010346997,3288.097930060118,3289.352281639042]",3289.352281639042,"[3.2123635997775057,3.2111417864004315,3.2118377996608953]",3.2118377996608953,1024.0,,,,,
module-neon,packets/64/one_byte/half/update/ordinary,1,3,"[2919.6680564241638,2917.880828295472,2917.3753040096003]",2917.880828295472,"[2922.4342992153215,2918.1981794207527,2917.6463762079593]",2918.1981794207527,"[2.8512383363517224,2.8494929963822964,2.8489993203218753]",2.8494929963822964,1024.0,,,,,
module-neon,packets/8/one_byte/all/sum,1,3,"[693.1169283603261,693.2288705070632,693.2306371456614]",693.2288705070632,"[693.2037413120036,693.2930638789909,693.291875113202]",693.291875113202,"[0.676872000351881,0.6769813188545539,0.6769830440875599]",0.6769813188545539,1024.0,,,,,
module-neon,packets/8/one_byte/all/update/body,1,3,"[2710.39048786792,2710.9417268973325,2710.976768198232]",2710.9417268973325,"[2710.7055369127656,2711.386099638541,2712.5259421781752]",2711.386099638541,"[2.646865710808515,2.6474040301731763,2.6474382501935865]",2.6474040301731763,1024.0,,,,,
module-neon,packets/8/one_byte/all/update/cps,1,3,"[4170.402553697051,4168.555775512518,4167.899633772306]",4168.555775512518,"[4173.6666336736525,4169.678115410882,4168.200237551859]",4169.678115410882,"[4.0726587438447766,4.070855249523944,4.070214486105767]",4.070855249523944,1024.0,,,,,
module-neon,packets/8/one_byte/all/update/ordinary,1,3,"[3471.2465424430306,3469.312215320887,3469.9607453417025]",3469.9607453417025,"[3471.832132503283,3469.644803309819,3469.8414078662404]",3469.8414078662404,"[3.3898892016045226,3.3880002102743036,3.3886335403727563]",3.3886335403727563,1024.0,,,,,
module-neon,packets/8/one_byte/half/sum,1,3,"[1015.4867273736892,1015.7269872708497,1014.271394410818]",1015.4867273736892,"[1015.6006135125469,1016.1766382451681,1014.3955943095216]",1015.6006135125469,"[0.9916862572008683,0.9919208860066892,0.9904994086043144]",0.9916862572008683,1024.0,,,,,
module-neon,packets/8/one_byte/half/update/body,1,3,"[3217.866360153272,3220.819080459624,3221.1841379308753]",3220.819080459624,"[3218.2329501906106,3221.124827584679,3222.5180842911427]",3221.124827584679,"[3.1424476173371794,3.145331133261352,3.14568763469812]",3.145331133261352,1024.0,,,,,
module-neon,packets/8/one_byte/half/update/cps,1,3,"[5931.487696371625,5928.070624218425,5932.10468511036]",5931.487696371625,"[5932.156541084745,5928.639927702678,5932.635478941604]",5932.156541084745,"[5.792468453487916,5.789131468963306,5.793070981553086]",5.792468453487916,1024.0,,,,,
module-neon,packets/8/one_byte/half/update/ordinary,1,3,"[5067.454742678004,5090.872966132325,5093.458117392045]",5090.872966132325,"[5068.369772207525,5093.518621188894,5094.42304447389]",5093.518621188894,"[4.948686272146488,4.971555630988599,4.974080192765669]",4.971555630988599,1024.0,,,,,
