case,median_cpu_ns,min_cpu_ns,max_cpu_ns,control,ratio
overwrite-all/local/k1/ikea2,142.92458723179385,142.45814052750322,143.0131672549644,overwrite-all/local/k1/prior,1.0879801284385642
overwrite-all/striped/k1/ikea2,106.96148421699635,106.92280010915593,107.06936003407314,overwrite-all/striped/k1/prior,1.171998457564353
overwrite-all/local/k2/ikea2,1344.6227224694967,1344.466521502449,1344.9571552083023,overwrite-all/local/k2/prior,0.96185109784673
overwrite-all/striped/k2/ikea2,110.09707418852994,110.09569458459474,110.21250367894373,overwrite-all/striped/k2/prior,1.2797896632998198
overwrite-all/local/k3/ikea2,1414.4805741820257,1413.9302490143893,1414.7602183509066,overwrite-all/local/k3/prior,1.000146619531974
overwrite-all/striped/k3/ikea2,172.61389028189893,172.46593608957718,172.65309234702585,overwrite-all/striped/k3/prior,1.371846202002831
overwrite-all/local/k4/ikea2,1382.3457131568562,1381.9007638614546,1382.3760042144152,overwrite-all/local/k4/prior,1.0116601268541787
overwrite-all/striped/k4/ikea2,130.58087469305693,130.44830344519673,130.60981099784132,overwrite-all/striped/k4/prior,1.4765537643200906
overwrite-all/local/k5/ikea2,1454.1117618519525,1454.05936373718,1454.3704948710822,overwrite-all/local/k5/prior,1.0025881681893998
overwrite-all/striped/k5/ikea2,168.60958805280887,168.5789104521885,168.63119143239726,overwrite-all/striped/k5/prior,1.1354423062152124
overwrite-all/local/k6/ikea2,1415.0005058680533,1414.9548428436326,1415.15526777283,overwrite-all/local/k6/prior,0.9991810236546911
overwrite-all/striped/k6/ikea2,152.14700488554283,152.12454152713136,152.27736702474388,overwrite-all/striped/k6/prior,1.0949817357147995
overwrite-all/local/k7/ikea2,1478.7629345261048,1478.6088824710373,1478.9295248828716,overwrite-all/local/k7/prior,1.0405623026503128
overwrite-all/striped/k7/ikea2,190.48081327710378,189.57992347124153,191.08480876899793,overwrite-all/striped/k7/prior,0.9909775358681975
overwrite-all/local/k8/ikea2,142.8002205185643,142.29902661727903,146.46793694547316,overwrite-all/local/k8/ikea,1.278165490299909
overwrite-all/local/k9/ikea2,992.0268775447726,990.9974581656475,994.6800348325544,overwrite-all/local/k9/ikea,1.0035288621960938
overwrite-all/local/k10/ikea2,1818.7401489564277,1818.553087381976,1818.9864466961342,overwrite-all/local/k10/ikea,1.1348608233850712
overwrite-all/striped/k10/ikea2,435.656627878089,435.51495983103865,435.80919744906663,overwrite-all/striped/k10/ikea,1.4138801086432615
overwrite-all/local/k11/ikea2,1851.1939180255708,1850.7967827236978,1851.3310709563737,overwrite-all/local/k11/ikea,1.0259287963370634
overwrite-all/local/k12/ikea2,2050.717180100557,2050.5840941268248,2050.9161743884906,overwrite-all/local/k12/ikea,1.272757953106901
overwrite-all/striped/k12/ikea2,392.9048516736576,391.79127392776076,393.6332498616656,overwrite-all/striped/k12/ikea,1.270619845107402
overwrite-all/local/k13/ikea2,1926.4750412919389,1926.373646540613,1929.7075610203494,overwrite-all/local/k13/ikea,1.0725432549371734
overwrite-all/local/k14/ikea2,1926.5744495413137,1926.390825688066,1930.5182568807313,overwrite-all/local/k14/ikea,1.073326322458378
overwrite-all/striped/k14/ikea2,439.2713333054493,439.0642716782466,439.2779810184804,overwrite-all/striped/k14/ikea,1.2453522566343918
overwrite-all/local/k15/ikea2,1929.0641278882788,1928.8139556249141,1929.2424089301087,overwrite-all/local/k15/ikea,1.0606229907454412
overwrite-all/striped/k15/ikea2,463.74244817374006,463.6336952945069,463.7749588680486,overwrite-all/striped/k15/ikea,1.0888839628444056
overwrite-all/local/k16/ikea2,270.4117149680601,253.7105079713382,271.0945330149029,overwrite-all/local/k16/ikea,1.0501357649786598
overwrite-all/local/k17/ikea2,1128.1814165215872,1126.9771589235731,1128.3609586290268,overwrite-all/local/k17/ikea,0.9232732326627168
overwrite-all/local/k18/ikea2,1951.800372526165,1951.3550174620973,1952.0748311990842,overwrite-all/local/k18/ikea,1.1605351598504756
overwrite-all/local/k19/ikea2,2077.8838026426083,2077.852625327874,2077.896125105174,overwrite-all/local/k19/ikea,1.098666287437958
overwrite-all/local/k20/ikea2,2235.779002289313,2235.1984773465556,2235.793217270987,overwrite-all/local/k20/ikea,1.3258602822644534
overwrite-all/striped/k20/ikea2,652.7471515189363,652.0701716102733,654.8529856445958,overwrite-all/striped/k20/ikea,1.0028172060071519
overwrite-all/local/k21/ikea2,2175.891122972475,2174.1309011763283,2176.386795874955,overwrite-all/local/k21/ikea,1.1507023792862106
overwrite-all/local/k22/ikea2,2171.9496071945114,2170.247674178198,2172.2481910274732,overwrite-all/local/k22/ikea,1.1462427424549828
overwrite-all/local/k23/ikea2,2167.124593380514,2166.890690349585,2168.344503536917,overwrite-all/local/k23/ikea,1.1448442645629164
overwrite-all/local/k24/ikea2,770.4495377219089,769.1301960059197,772.0252218935101,overwrite-all/local/k24/ikea,0.9519446880886965
overwrite-all/local/k25/ikea2,1506.6338391991796,1505.781508987174,1509.2444300936763,overwrite-all/local/k25/ikea,1.0202182277540992
overwrite-all/local/k26/ikea2,2285.976313358995,2284.436790351449,2288.5355571250725,overwrite-all/local/k26/ikea,1.304518217791205
overwrite-all/local/k27/ikea2,2403.4848138191683,2401.980552536681,2405.371560944891,overwrite-all/local/k27/ikea,1.229861981789463
overwrite-all/local/k28/ikea2,2637.341166122183,2636.966888665483,2644.2023749686864,overwrite-all/local/k28/ikea,1.5054674037273705
overwrite-all/local/k29/ikea2,2469.9069630675785,2469.7586450247154,2470.306986591437,overwrite-all/local/k29/ikea,1.2640821287827213
overwrite-all/local/k30/ikea2,2467.5589565830287,2467.2402914047566,2467.8477762763464,overwrite-all/local/k30/ikea,1.2647144441631617
overwrite-all/local/k31/ikea2,2478.9333884005127,2476.7576258185777,2478.985957873586,overwrite-all/local/k31/ikea,1.2687397032640355
overwrite-all/local/k32/ikea2,600.3871728871655,598.6285714285843,600.875990275988,overwrite-all/local/k32/ikea,0.9869868384262698
overwrite-all/local/k33/ikea2,1704.7957566150544,1704.5328618461042,1705.4853066699407,overwrite-all/local/k33/ikea,0.9121079973230406
overwrite-all/local/k34/ikea2,2639.1348003772264,2638.09437283874,2639.925683747226,overwrite-all/local/k34/ikea,1.1863121178048428
overwrite-all/local/k35/ikea2,2805.1089062605183,2803.866840382146,2806.4492550277373,overwrite-all/local/k35/ikea,1.1157550571072408
overwrite-all/local/k36/ikea2,3009.205996270336,3006.208076316133,3009.6615263233903,overwrite-all/local/k36/ikea,1.4791346965975996
overwrite-all/local/k37/ikea2,2913.2369994438745,2912.4694104560763,2919.8163236930486,overwrite-all/local/k37/ikea,1.1549831535776633
overwrite-all/local/k38/ikea2,2913.9947847854687,2913.3957304777914,2919.8653083930512,overwrite-all/local/k38/ikea,1.2925628326376897
overwrite-all/local/k39/ikea2,2911.398957971471,2910.8968391803883,2917.917124001396,overwrite-all/local/k39/ikea,1.293689962754518
overwrite-all/local/k40/ikea2,1386.2029531264532,1385.3276517028453,1387.2608264790442,overwrite-all/local/k40/ikea,1.0265119096419217
overwrite-all/local/k41/ikea2,2245.099528857599,2244.899186208465,2245.8613341899586,overwrite-all/local/k41/ikea,1.0274777260838204
overwrite-all/local/k42/ikea2,3223.9536189523956,3223.307514806662,3228.1949080837817,overwrite-all/local/k42/ikea,1.2805513813834621
overwrite-all/local/k43/ikea2,3240.2209743629187,3239.344125164654,3241.8314615444615,overwrite-all/local/k43/ikea,1.1851021057272038
overwrite-all/local/k44/ikea2,3362.515756555155,3361.229572608524,3368.935530430708,overwrite-all/local/k44/ikea,1.3310820340500582
overwrite-all/local/k45/ikea2,3489.156514522823,3487.9125311203015,3495.8090456431382,overwrite-all/local/k45/ikea,1.267490951573391
overwrite-all/local/k46/ikea2,3482.988116014278,3481.575999335224,3483.1810022438294,overwrite-all/local/k46/ikea,1.2657055778653004
overwrite-all/local/k47/ikea2,3491.4984582049065,3491.234019501416,3493.7580631721185,overwrite-all/local/k47/ikea,1.2867487283830616
overwrite-all/local/k48/ikea2,1230.243193232838,1228.6560636766899,1230.509119746277,overwrite-all/local/k48/ikea,0.9313425492645985
overwrite-all/local/k49/ikea2,2151.2602641547223,2150.438722227872,2151.4004300195083,overwrite-all/local/k49/ikea,1.039722715550217
overwrite-all/local/k50/ikea2,3056.233335756394,3055.9057934143284,3056.3108962710016,overwrite-all/local/k50/ikea,1.2413729939322653
overwrite-all/local/k51/ikea2,3194.6128664742964,3194.149627829291,3195.1149931642467,overwrite-all/local/k51/ikea,1.1682384773569259
overwrite-all/local/k52/ikea2,3344.96624810062,3344.174118211606,3346.992081900478,overwrite-all/local/k52/ikea,1.3467882125364203
overwrite-all/local/k53/ikea2,3319.4257378608704,3319.246271025035,3320.4104252619895,overwrite-all/local/k53/ikea,1.204501337213981
overwrite-all/local/k54/ikea2,3314.4410276677427,3313.5503557311517,3314.727984189914,overwrite-all/local/k54/ikea,1.203597864974167
overwrite-all/local/k55/ikea2,3321.770805236097,3321.0882982943062,3321.9968266562673,overwrite-all/local/k55/ikea,1.2057975342070946
overwrite-all/local/k56/ikea2,1468.6327065567295,1468.6323221026223,1469.4669718999319,overwrite-all/local/k56/prior,0.6944458224865596
overwrite-all/local/k57/ikea2,2414.632932512576,2413.270237615726,2417.190265232251,overwrite-all/local/k57/ikea,1.0367422537438953
overwrite-all/local/k58/ikea2,3193.0573833206486,3192.2311400152334,3193.728156082476,overwrite-all/local/k58/ikea,1.2022360320628984
overwrite-all/local/k59/ikea2,3385.3446605860586,3382.7310517394703,3386.5575914117826,overwrite-all/local/k59/ikea,1.15785143248778
overwrite-all/local/k60/ikea2,3262.74519677739,3262.602417105614,3263.3497056087717,overwrite-all/local/k60/ikea,1.225872339375255
overwrite-all/local/k61/ikea2,3546.956141839113,3545.30929759069,3549.64879538516,overwrite-all/local/k61/ikea,1.2100743657561681
overwrite-all/local/k62/ikea2,3535.0350788852843,3533.329724739818,3543.2876804297925,overwrite-all/local/k62/ikea,1.2086560066791912
overwrite-all/local/k63/ikea2,3531.521834061199,3531.434497816592,3534.5429123278614,overwrite-all/local/k63/ikea,1.2074795597099055
overwrite-all/local/k64/ikea2,1298.9825622886515,1297.6692109591265,1299.344069006242,overwrite-all/local/k64/ikea,0.9874297215544083
overwrite/local/k3/all/ikea2-raw,1414.6133859064253,1413.7967175546805,1414.907559060506,overwrite/local/k3/all/prior,1.000250727001707
overwrite/local/k3/all/ikea2-coverage,1415.1170958608234,1414.8161655656843,1415.2271470944804,overwrite/local/k3/all/control-coverage,1.0007826589955728
overwrite/local/k3/all/ikea2-sum-coverage,3262.3579766535795,3261.838832684884,3267.210428015498,overwrite/local/k3/all/ikea-materialized-sum-coverage,0.7435277464737292
overwrite/local/k3/prefilter75/ikea2-raw,4227.697219983815,4227.379331184638,4228.66579371466,,
overwrite/local/k3/prefilter75/ikea2-coverage,3853.4839095255097,3853.06693637374,3853.5204119161745,,
overwrite/local/k3/prefilter75/ikea2-sum-coverage,4233.726493139723,4233.46337772416,4234.393765133279,overwrite/local/k3/prefilter75/ikea-materialized-sum-coverage,0.5546939103318735
overwrite/local/k7/all/ikea2-raw,1478.898189885922,1478.5894844344305,1478.9803493450424,overwrite/local/k7/all/prior,1.040583204721749
overwrite/local/k7/all/ikea2-coverage,1478.797788031491,1478.785530625837,1478.8784473952906,overwrite/local/k7/all/control-coverage,1.0420669784785102
overwrite/local/k7/all/ikea2-sum-coverage,3224.5539524176706,3224.0171910976715,3225.8207981581163,overwrite/local/k7/all/ikea-materialized-sum-coverage,0.7236889535999158
overwrite/local/k7/prefilter75/ikea2-raw,4009.513616817838,4009.4274247493745,4010.1763019589575,,
overwrite/local/k7/prefilter75/ikea2-coverage,3685.383980326522,3685.326629193799,3685.7197435448325,,
overwrite/local/k7/prefilter75/ikea2-sum-coverage,4317.16344174542,4316.706978180426,4320.11506792936,overwrite/local/k7/prefilter75/ikea-materialized-sum-coverage,0.5633332784138155
overwrite/local/k12/all/ikea2-raw,2050.9175620237297,2050.8207657746084,2051.278179331792,overwrite/local/k12/all/ikea,1.2764259928294757
overwrite/local/k12/all/ikea2-coverage,2154.123037869775,2147.5186758535046,2169.9998963892695,overwrite/local/k12/all/control-coverage,1.3428147669283508
overwrite/local/k12/all/ikea2-sum-coverage,3455.4119004449926,3454.8983847040654,3455.5846382065997,overwrite/local/k12/all/ikea-materialized-sum-coverage,0.7194387331315912
overwrite/local/k12/prefilter75/ikea2-raw,3325.215614854744,3322.8619843217725,3326.086230105376,,
overwrite/local/k12/prefilter75/ikea2-coverage,3381.605739692817,3380.5291026677082,3383.634680678935,,
overwrite/local/k12/prefilter75/ikea2-sum-coverage,3817.1804682515494,3814.972123531237,3828.2116243051432,overwrite/local/k12/prefilter75/ikea-materialized-sum-coverage,0.4879077613705427
overwrite/local/k31/all/ikea2-raw,2478.5468759217815,2476.7425806830797,2478.5926013333205,overwrite/local/k31/all/ikea,1.2682978164111949
overwrite/local/k31/all/ikea2-coverage,2658.758465440728,2657.3980976536495,2659.7016486999473,overwrite/local/k31/all/control-coverage,1.3602756195397
overwrite/local/k31/all/ikea2-sum-coverage,5142.512078479265,5139.806989576854,5143.1022685471835,overwrite/local/k31/all/ikea-materialized-sum-coverage,0.9706298513394495
overwrite/local/k31/prefilter75/ikea2-raw,5180.249106812969,5180.010964642209,5193.788222249457,,
overwrite/local/k31/prefilter75/ikea2-coverage,5029.643949428348,5020.129078867867,5034.33786875358,,
overwrite/local/k31/prefilter75/ikea2-sum-coverage,6048.869289523016,6048.325695345258,6050.718115002078,overwrite/local/k31/prefilter75/ikea-materialized-sum-coverage,0.6603843693829086
overwrite/local/k56/all/ikea2-raw,1469.2796983029702,1469.104895593335,1469.7255744115603,overwrite/local/k56/all/prior,0.6948486062857844
overwrite/local/k56/all/ikea2-coverage,1483.685236276208,1482.6549589699925,1485.5210809281336,overwrite/local/k56/all/control-coverage,0.7018573897847437
overwrite/local/k56/all/ikea2-sum-coverage,3684.941295014184,3683.869184263296,3686.761149566236,overwrite/local/k56/all/ikea-materialized-sum-coverage,0.6280800589208967
overwrite/local/k56/prefilter75/ikea2-raw,2958.9202311325116,2958.3395814249748,2961.956451271904,,
overwrite/local/k56/prefilter75/ikea2-coverage,2891.71375515807,2890.22984869327,2893.358115543172,,
overwrite/local/k56/prefilter75/ikea2-sum-coverage,6288.717319277147,6288.527861445661,6288.917771084374,overwrite/local/k56/prefilter75/ikea-materialized-sum-coverage,0.7665239453551336
overwrite/local/k64/all/ikea2-raw,1299.3223918496274,1299.1648964171313,1300.4370916296934,overwrite/local/k64/all/ikea,0.987597527398494
overwrite/local/k64/all/ikea2-coverage,1304.448640623528,1303.2626271998756,1305.0637777983952,overwrite/local/k64/all/control-coverage,0.9894370621925641
overwrite/local/k64/all/ikea2-sum-coverage,2722.3499219361274,2721.9749544627443,2726.589903720944,overwrite/local/k64/all/ikea-materialized-sum-coverage,0.5286496469727942
overwrite/local/k64/prefilter75/ikea2-raw,1825.1470511482148,1823.752131175906,1826.6153009742723,,
overwrite/local/k64/prefilter75/ikea2-coverage,1826.3608005220972,1825.560582989022,1827.0627365673054,,
overwrite/local/k64/prefilter75/ikea2-sum-coverage,3527.8939998302085,3527.3892896546818,3532.6082491723837,overwrite/local/k64/prefilter75/ikea-materialized-sum-coverage,0.485821846491123
overwrite/striped/k3/all/ikea2-raw,172.60719216926304,172.4447416868165,172.6851956868604,overwrite/striped/k3/all/prior,1.3723446834155688
overwrite/striped/k3/all/ikea2-coverage,175.2771139073792,175.2052575201289,175.31458843046119,overwrite/striped/k3/all/control-coverage,1.4080295282331792
overwrite/striped/k3/all/ikea2-sum-coverage,733.8252403426314,732.7037056459427,735.4015556720731,overwrite/striped/k3/all/ikea-materialized-sum-coverage,0.47575777172670924
overwrite/striped/k3/prefilter75/ikea2-raw,409.6550282188625,409.5528847559494,409.84947997387593,,
overwrite/striped/k3/prefilter75/ikea2-coverage,416.1518222045521,415.8884204246119,416.1696216377435,,
overwrite/striped/k3/prefilter75/ikea2-sum-coverage,871.0584196005383,870.4052652324614,871.0600170113987,overwrite/striped/k3/prefilter75/ikea-materialized-sum-coverage,0.16829650086774475
overwrite/striped/k7/all/ikea2-raw,190.47222916675832,190.34785474348294,191.06739182808943,overwrite/striped/k7/all/prior,0.9882057084943559
overwrite/striped/k7/all/ikea2-coverage,193.71827856445705,193.48434237993084,194.11204051306927,overwrite/striped/k7/all/control-coverage,0.9852926758384835
overwrite/striped/k7/all/ikea2-sum-coverage,939.7636130830527,939.1290547218642,939.795534190078,overwrite/striped/k7/all/ikea-materialized-sum-coverage,0.5754760452426102
overwrite/striped/k7/prefilter75/ikea2-raw,516.3756860321614,515.8319159455681,516.8303584672512,,
overwrite/striped/k7/prefilter75/ikea2-coverage,539.7429615053752,539.6094841223701,539.9450939537418,,
overwrite/striped/k7/prefilter75/ikea2-sum-coverage,1013.7575296108522,1013.6733381677674,1013.7717428087954,overwrite/striped/k7/prefilter75/ikea-materialized-sum-coverage,0.19299588043418953
overwrite/striped/k12/all/ikea2-raw,393.1174381880233,392.1296323982439,393.8373918406266,overwrite/striped/k12/all/ikea,1.270834942236542
overwrite/striped/k12/all/ikea2-coverage,492.9230787392501,492.7616692244586,492.9856569471892,overwrite/striped/k12/all/control-coverage,1.5692921946938474
overwrite/striped/k12/all/ikea2-sum-coverage,1807.653627678668,1807.5597727861573,1807.7774765470579,overwrite/striped/k12/all/ikea-materialized-sum-coverage,0.807673775947136
overwrite/striped/k12/prefilter75/ikea2-raw,1175.7590243356292,1175.3038169649813,1175.7614326920661,,
overwrite/striped/k12/prefilter75/ikea2-coverage,1367.5772018019381,1367.5630345367956,1369.0288568257304,,
overwrite/striped/k12/prefilter75/ikea2-sum-coverage,2118.738963725562,2118.356944654817,2119.001210837042,overwrite/striped/k12/prefilter75/ikea-materialized-sum-coverage,0.36576982156267696
pipeline-mutation/k7/depth3/inline,8343.373036387859,8343.31855239616,8344.381387950994,,
pipeline-mutation/k7/depth3/cps,9857.617136149302,9857.450000000248,9858.447887324193,pipeline-mutation/k7/depth3/inline,1.1814906385172266
pipeline-mutation/k7/depth3/scratch-calls,11122.341217113562,11121.541323413521,11174.958277970438,pipeline-mutation/k7/depth3/inline,1.3330749049102588
pipeline-mutation/k7/depth3/fused,6588.035018844052,6587.280935929571,6589.606469849108,pipeline-mutation/k7/depth3/inline,0.7896129047702565
pipeline-mutation/k12/depth3/inline,11271.614063339332,11266.93746645181,11280.941760602213,,
pipeline-mutation/k12/depth3/cps,13200.524363407476,13199.997799436105,13203.528450173262,pipeline-mutation/k12/depth3/inline,1.1711299099870605
pipeline-mutation/k12/depth3/scratch-calls,14701.861743087673,14700.00175008832,14729.25061253163,pipeline-mutation/k12/depth3/inline,1.3043262180972948
pipeline-mutation/k12/depth3/fused,7079.633648329407,7079.078130274182,7079.980593992516,pipeline-mutation/k12/depth3/inline,0.6280940430133919
pipeline-mutation/k31/depth3/inline,14794.347427766952,14794.335095138573,14795.986257928187,,
pipeline-mutation/k31/depth3/cps,17200.62648626515,17196.165231652005,17214.3058630575,pipeline-mutation/k31/depth3/inline,1.1626485433201295
pipeline-mutation/k31/depth3/scratch-calls,18944.78058690825,18943.250564335005,18945.056433408143,pipeline-mutation/k31/depth3/inline,1.280541820408483
pipeline-mutation/k31/depth3/fused,9836.105226154341,9835.895945629552,9838.688774313594,pipeline-mutation/k31/depth3/inline,0.6648556331517081
pipeline-mutation/k64/depth3/inline,14450.703028217147,14448.759463179858,14450.764624915066,,
pipeline-mutation/k64/depth3/cps,17532.419624217015,17530.87014613557,17533.274739039116,pipeline-mutation/k64/depth3/inline,1.2132572090079188
pipeline-mutation/k64/depth3/scratch-calls,19458.89156626315,19458.16218721068,19460.067655236246,pipeline-mutation/k64/depth3/inline,1.3465705805639194
pipeline-mutation/k64/depth3/fused,9238.46643187242,9238.13383227005,9239.14439797547,pipeline-mutation/k64/depth3/inline,0.639309133530247
pipeline-mutation/k7/depth7/inline,21832.933991684622,21831.941787939722,21833.691268189927,,
pipeline-mutation/k7/depth7/cps,28883.8232462208,28880.62861072961,28884.22558459433,pipeline-mutation/k7/depth7/inline,1.322947399429761
pipeline-mutation/k7/depth7/scratch-calls,32867.97492163088,32861.14420063056,32895.26253918549,pipeline-mutation/k7/depth7/inline,1.5054309665457288
pipeline-mutation/k7/depth7/fused,6592.891437549265,6591.687038491622,6595.65970149179,pipeline-mutation/k7/depth7/inline,0.3019700164925273
pipeline-mutation/k31/depth7/inline,36197.911130283734,36196.038826578115,36206.23899913861,,
pipeline-mutation/k31/depth7/cps,45602.605434787954,45601.71956522281,45606.53586957139,pipeline-mutation/k31/depth7/inline,1.2598131773586267
pipeline-mutation/k31/depth7/scratch-calls,46543.66703662714,46540.8224195323,46555.96226415211,pipeline-mutation/k31/depth7/inline,1.2858108543641344
pipeline-mutation/k31/depth7/fused,9682.576107010796,9677.711715865888,9682.938422510253,pipeline-mutation/k31/depth7/inline,0.2674899132207163
pipeline-packet/n16/source0-map0-filter0-sink0/inline,4152.18724626188,4151.5858005743785,4153.021685315694,,
pipeline-packet/n16/source0-map0-filter0-sink0/cps,6303.595699894621,6303.2856713285455,6308.128401743489,pipeline-packet/n16/source0-map0-filter0-sink0/inline,1.5181385920323331
pipeline-packet/n16/source0-map0-filter0-sink0/fused,4151.694408708162,4151.652746165287,4152.139040079347,pipeline-packet/n16/source0-map0-filter0-sink0/inline,0.9998813065200366
pipeline-packet/n16/source0-map1-filter1-sink1/inline,8766.088536228297,8764.264564627874,8767.893297140416,,
pipeline-packet/n16/source0-map1-filter1-sink1/cps,10566.028176100239,10564.116981131747,10569.165786163547,pipeline-packet/n16/source0-map1-filter1-sink1/inline,1.205329849502796
pipeline-packet/n16/source0-map1-filter1-sink1/fused,8765.45403259585,8765.432093606061,8765.998537402047,pipeline-packet/n16/source0-map1-filter1-sink1/inline,0.9999276183864872
pipeline-packet/n16/source1-map0-filter0-sink1/inline,9130.391039581253,9128.554806436692,9131.86102653242,,
pipeline-packet/n16/source1-map0-filter0-sink1/cps,10313.119439666607,10312.83558614003,10314.190956009288,pipeline-packet/n16/source1-map0-filter0-sink1/inline,1.129537540611141
pipeline-packet/n16/source1-map0-filter0-sink1/fused,9145.98562091533,9145.759477122798,9154.03507625261,pipeline-packet/n16/source1-map0-filter0-sink1/inline,1.0017079861384328
pipeline-packet/n16/source1-map2-filter2-sink0/inline,5835.835308883752,5835.520847859434,5835.867382513333,,
pipeline-packet/n16/source1-map2-filter2-sink0/cps,8116.202859350099,8115.176970633172,8117.488601237091,pipeline-packet/n16/source1-map2-filter2-sink0/inline,1.3907525537937986
pipeline-packet/n16/source1-map2-filter2-sink0/fused,5842.755184411587,5842.729853861712,5843.530549756422,pipeline-packet/n16/source1-map2-filter2-sink0/inline,1.001185755793571
pipeline-packet/n16/source1-map0-filter0-sink1-empty/inline,3449.1471217105336,3447.979194078734,3449.249917762906,,
pipeline-packet/n16/source1-map0-filter0-sink1-empty/cps,5289.702896725021,5287.738161208955,5290.875188917698,pipeline-packet/n16/source1-map0-filter0-sink1-empty/inline,1.533626345895533
pipeline-packet/n16/source1-map0-filter0-sink1-empty/fused,3442.362239027257,3441.8297714939526,3442.6795988822764,pipeline-packet/n16/source1-map0-filter0-sink1-empty/inline,0.9980328810445431
pipeline-packet/n32/source0-map0-filter0-sink0/inline,3737.5765597147392,3737.5685383243344,3737.6827094475934,,
pipeline-packet/n32/source0-map0-filter0-sink0/cps,5849.742646033552,5849.158650495439,5854.424090338613,pipeline-packet/n32/source0-map0-filter0-sink0/inline,1.5651164738897063
pipeline-packet/n32/source0-map0-filter0-sink0/fused,4019.072373465735,4018.690759202709,4019.6285467796824,pipeline-packet/n32/source0-map0-filter0-sink0/inline,1.0753150629167259
pipeline-packet/n32/source0-map1-filter1-sink1/inline,6893.4450468200375,6893.043863972002,6906.163134549117,,
pipeline-packet/n32/source0-map1-filter1-sink1/cps,9448.940620782014,9441.376743140629,9449.119433198879,pipeline-packet/n32/source0-map1-filter1-sink1/inline,1.3707138530306893
pipeline-packet/n32/source0-map1-filter1-sink1/fused,8631.90950226332,8630.476141505478,8635.064788152646,pipeline-packet/n32/source0-map1-filter1-sink1/inline,1.252190950045397
pipeline-packet/n32/source1-map0-filter0-sink1/inline,7055.961447812379,7055.533670033299,7058.876430976319,,
pipeline-packet/n32/source1-map0-filter0-sink1/cps,9092.453148669381,9088.050205583588,9092.685133087543,pipeline-packet/n32/source1-map0-filter0-sink1/inline,1.288620015276358
pipeline-packet/n32/source1-map0-filter0-sink1/fused,9170.184141547574,9167.305155089867,9171.046089996602,pipeline-packet/n32/source1-map0-filter0-sink1/inline,1.2996363726435445
pipeline-packet/n32/source1-map2-filter2-sink0/inline,5294.514891469399,5294.01186269568,5300.262493689912,,
pipeline-packet/n32/source1-map2-filter2-sink0/cps,6857.847089772616,6857.475172640864,6859.708977309452,pipeline-packet/n32/source1-map2-filter2-sink0/inline,1.295273926006343
pipeline-packet/n32/source1-map2-filter2-sink0/fused,5803.216279712957,5802.833747927213,5804.499447208439,pipeline-packet/n32/source1-map2-filter2-sink0/inline,1.0960808305711227
pipeline-packet/n32/source1-map0-filter0-sink1-empty/inline,3165.484012066454,3164.8542232274426,3165.722775263969,,
pipeline-packet/n32/source1-map0-filter0-sink1-empty/cps,4529.064137113313,4527.791204053048,4529.425029643216,pipeline-packet/n32/source1-map0-filter0-sink1-empty/inline,1.4307651278126985
pipeline-packet/n32/source1-map0-filter0-sink1-empty/fused,3457.570615409885,3457.348292360952,3459.178683385753,pipeline-packet/n32/source1-map0-filter0-sink1-empty/inline,1.092272335677587
placed/k20h8/separated/all/sum-native,3057.860193891745,3057.6184124207275,3057.884904147308,placed/k20h8/separated/all/sum-materialized,1.104880541272138
placed/k20h8/separated/all/sum-materialized,2767.593490578614,2766.4544076951074,2768.201937014263,,
placed/k20h8/separated/all/mutation-bound,4479.8777456340595,4479.235722704079,4480.589413908188,placed/k20h8/separated/all/mutation-materialized,0.6516748602488046
placed/k20h8/separated/all/mutation-materialized,6874.406270519129,6872.453873932857,6874.744911359019,,
placed/k20h8/separated/partial/sum-native,3058.5690837467646,3057.9822001750335,3058.680332652128,placed/k20h8/separated/partial/sum-materialized,0.47471769776799366
placed/k20h8/separated/partial/sum-materialized,6442.921968419141,6434.694619040636,6509.899126169147,,
placed/k20h8/separated/partial/mutation-bound,5768.5407376821695,5767.803468208022,5768.670657858325,placed/k20h8/separated/partial/mutation-materialized,0.5584276494171396
placed/k20h8/separated/partial/mutation-materialized,10329.969770843367,10298.035836177574,10335.711116529686,,
placed/k20h8/interleaved/all/sum-native,3057.9206210366606,3057.4954442748044,3060.1333916467615,placed/k20h8/interleaved/all/sum-materialized,1.103248441435082
placed/k20h8/interleaved/all/sum-materialized,2771.7425252457033,2770.4633357536427,2771.9013266449588,,
placed/k20h8/interleaved/all/mutation-bound,4501.289258861289,4500.756605800641,4511.4801288937515,placed/k20h8/interleaved/all/mutation-materialized,0.653942864711051
placed/k20h8/interleaved/all/mutation-materialized,6883.306633906333,6881.068632268797,6885.161343161453,,
placed/k20h8/interleaved/partial/sum-native,3058.693060628334,3058.529948868183,3059.1339663985996,placed/k20h8/interleaved/partial/sum-materialized,0.47238999120224445
placed/k20h8/interleaved/partial/sum-materialized,6474.931979070689,6450.091566635982,6479.782394583172,,
placed/k20h8/interleaved/partial/mutation-bound,5777.803423523752,5776.793346217705,5779.367752622674,placed/k20h8/interleaved/partial/mutation-materialized,0.5725128662483598
placed/k20h8/interleaved/partial/mutation-materialized,10092.006248497659,10091.424657535348,10179.789714010609,,
placed/k20h8/substituted/all/sum-native,3056.6478390788516,3056.44610451128,3057.750674149289,placed/k20h8/substituted/all/sum-materialized,1.0975683753748047
placed/k20h8/substituted/all/sum-materialized,2784.927032937741,2784.0616343034185,2785.2857048179285,,
placed/k20h8/substituted/all/mutation-bound,6662.480107782345,6662.455381201477,6664.761293390872,placed/k20h8/substituted/all/mutation-materialized,0.9666634440919156
placed/k20h8/substituted/all/mutation-materialized,6892.243777813574,6889.878687983825,6894.522333938006,,
placed/k20h8/substituted/partial/sum-native,3060.367150463401,3059.890015315827,3060.531106410753,placed/k20h8/substituted/partial/sum-materialized,0.47185250362385484
placed/k20h8/substituted/partial/sum-materialized,6485.85548865292,6484.659719005724,6488.38397406196,,
placed/k20h8/substituted/partial/mutation-bound,8653.43579206929,8653.05218820619,8673.94740086246,placed/k20h8/substituted/partial/mutation-materialized,0.8484871917886965
placed/k20h8/substituted/partial/mutation-materialized,10198.664017340056,10142.013969171432,10200.595134874402,,
placed/k31h8/separated/all/sum-native,5006.9520220148,5006.939698492681,5012.906556592051,placed/k31h8/separated/all/sum-materialized,1.655696554677505
placed/k31h8/separated/all/sum-materialized,3024.0758838747774,3023.922319631983,3024.499784420499,,
placed/k31h8/separated/all/mutation-bound,9455.397251013152,9451.27084272153,9456.835736818111,placed/k31h8/separated/all/mutation-materialized,0.6744898158073521
placed/k31h8/separated/all/mutation-materialized,14018.591577539553,14017.343917111819,14026.804478610604,,
placed/k31h8/separated/partial/sum-native,5010.250387689831,5007.454610521399,5016.201359894992,placed/k31h8/separated/partial/sum-materialized,0.7596089234914515
placed/k31h8/separated/partial/sum-materialized,6595.828764966076,6565.430529301244,6600.145557656238,,
placed/k31h8/separated/partial/mutation-bound,11089.272223687465,11083.292534951972,11095.183856502905,placed/k31h8/separated/partial/mutation-materialized,0.6092466444597556
placed/k31h8/separated/partial/mutation-materialized,18201.613951474093,18192.222270363643,18206.317157712965,,
placed/k31h8/interleaved/all/sum-native,5011.960143197968,5005.841288782615,5017.038782816179,placed/k31h8/interleaved/all/sum-materialized,1.5984962096921096
placed/k31h8/interleaved/all/sum-materialized,3135.4219752346703,3134.100701178404,3143.3728181412,,
placed/k31h8/interleaved/all/mutation-bound,10378.667159399241,10356.911308204706,10383.551367331102,placed/k31h8/interleaved/all/mutation-materialized,0.6862999823344454
placed/k31h8/interleaved/all/mutation-materialized,15122.639409221993,15119.888688761108,15123.496037465837,,
placed/k31h8/interleaved/partial/sum-native,5008.28353404105,5006.070227733111,5008.536067723846,placed/k31h8/interleaved/partial/sum-materialized,0.7514925567201114
placed/k31h8/interleaved/partial/sum-materialized,6664.44862195269,6657.502947267688,6680.247411183543,,
placed/k31h8/interleaved/partial/mutation-bound,11473.497815400344,11467.960404151348,11478.148006554266,placed/k31h8/interleaved/partial/mutation-materialized,0.5967298784104833
placed/k31h8/interleaved/partial/mutation-materialized,19227.28898033804,19189.82807498658,19232.917238225018,,
placed/k31h8/substituted/all/sum-native,3238.757102163138,3238.3221187157187,3238.9543459852894,placed/k31h8/substituted/all/sum-materialized,1.1009162191430861
placed/k31h8/substituted/all/sum-materialized,2941.8742733067106,2939.023884569392,2945.7746025074903,,
placed/k31h8/substituted/all/mutation-bound,10895.514702248387,10394.517914504435,10916.84877687137,placed/k31h8/substituted/all/mutation-materialized,0.9751883628238983
placed/k31h8/substituted/all/mutation-materialized,11172.728385209333,11156.802075021149,11429.011439213255,,
placed/k31h8/substituted/partial/sum-native,3235.7539950828054,3235.455055316468,3237.256991395203,placed/k31h8/substituted/partial/sum-materialized,0.49587088798987267
placed/k31h8/substituted/partial/sum-materialized,6525.396173588013,6523.159122724213,6539.310157101495,,
placed/k31h8/substituted/partial/mutation-bound,13032.779389077605,12880.353903116269,13210.01357605668,placed/k31h8/substituted/partial/mutation-materialized,0.9447056399066501
placed/k31h8/substituted/partial/mutation-materialized,13795.598161524073,13794.142481942821,13800.577150360965,,
placed/k63h16/separated/all/sum-native,8881.41509032881,8871.561317746646,8907.284378320053,placed/k63h16/separated/all/sum-materialized,1.232682995578875
placed/k63h16/separated/all/sum-materialized,7204.9465452048735,7202.474046064263,7209.459608112177,,
placed/k63h16/separated/all/mutation-bound,18811.00448833,18794.96409335643,18862.026032317935,placed/k63h16/separated/all/mutation-materialized,0.7194359651499029
placed/k63h16/separated/all/mutation-materialized,26146.878109451347,26118.69651741292,26175.758084576904,,
placed/k63h16/separated/partial/sum-native,8851.38489208676,8842.716673718718,8866.92530681415,placed/k63h16/separated/partial/sum-materialized,0.7689089739071227
placed/k63h16/separated/partial/sum-materialized,11511.616059192891,11498.66977253978,11516.90106878664,,
placed/k63h16/separated/partial/mutation-bound,20956.26596806494,20955.544411175746,20960.60329341501,placed/k63h16/separated/partial/mutation-materialized,0.6965901023374756
placed/k63h16/separated/partial/mutation-materialized,30084.070815453964,30081.05650930196,30104.995708153467,,
placed/k63h16/interleaved/all/sum-native,8683.10425752753,8669.692419521314,8707.320456906366,placed/k63h16/interleaved/all/sum-materialized,1.2483372295733537
placed/k63h16/interleaved/all/sum-materialized,6955.736039768011,6952.991383595821,6956.488649545364,,
placed/k63h16/interleaved/all/mutation-bound,19948.322195702516,19938.2964200476,20046.692124104466,placed/k63h16/interleaved/all/mutation-materialized,0.7434223766611154
placed/k63h16/interleaved/all/mutation-materialized,26833.09357097256,26827.49777211892,26833.94589433389,,
placed/k63h16/interleaved/partial/sum-native,8674.738490253514,8667.961634176425,8710.282040647971,placed/k63h16/interleaved/partial/sum-materialized,0.7714022447927756
placed/k63h16/interleaved/partial/sum-materialized,11245.415149892178,11229.411134903366,11257.752141327275,,
placed/k63h16/interleaved/partial/mutation-bound,22472.524344571542,22469.154628140557,22475.214018190138,placed/k63h16/interleaved/partial/mutation-materialized,0.7303477117934324
placed/k63h16/interleaved/partial/mutation-materialized,30769.623813003127,30738.653031414757,30786.983929875445,,
placed/k63h16/substituted/all/sum-native,7747.904208193895,7744.913805831837,7764.630121816143,placed/k63h16/substituted/all/sum-materialized,1.4396542949012485
placed/k63h16/substituted/all/sum-materialized,5381.781053711477,5377.456479938115,5382.305473657764,,
placed/k63h16/substituted/all/mutation-bound,21478.205010225356,21360.497955012408,21500.642638037443,placed/k63h16/substituted/all/mutation-materialized,0.9933883916153193
placed/k63h16/substituted/all/mutation-materialized,21621.155624035717,21618.157678476735,21621.38674884764,,
placed/k63h16/substituted/partial/sum-native,7788.012441968377,7773.793871866113,7811.144475393941,placed/k63h16/substituted/partial/sum-materialized,0.8847242295324136
placed/k63h16/substituted/partial/sum-materialized,8802.757042253072,8703.609983429402,8885.849834300227,,
placed/k63h16/substituted/partial/mutation-bound,25403.1096224137,25400.99330085045,25464.591961023314,placed/k63h16/substituted/partial/mutation-materialized,1.0287596007878081
placed/k63h16/substituted/partial/mutation-materialized,24692.950231483035,24665.066550925112,24722.895833333096,,
decode/local/k1/ikea2,247.11797888722535,246.63764891927045,247.5640847106557,decode/local/k1/prior,0.9847258012093763
point/local/k1/ikea2,553.9032615872319,553.8733923148786,553.9314802588644,point/local/k1/prior,0.997452934094095
decode/striped/k1/ikea2,124.12747907757762,124.0039943485605,124.56164497907977,decode/striped/k1/prior,0.9540074419656657
point/striped/k1/ikea2,554.8591584681856,554.8047841954789,554.9624061144281,point/striped/k1/prior,0.9996670779056476
decode/local/k2/ikea2,409.4504389759777,409.4069691695852,409.45286962949757,decode/local/k2/prior,1.0085901846890644
point/local/k2/ikea2,555.0560063433229,555.0544072948313,555.1962468613216,point/local/k2/prior,1.0005546464964834
decode/striped/k2/ikea2,157.5983415920263,157.55962195113332,157.750268500608,decode/striped/k2/prior,1.107069780886185
point/striped/k2/ikea2,554.415398246394,554.3360795566613,554.5285708618035,point/striped/k2/prior,0.9975597274901835
decode/local/k3/ikea2,1406.9601152969003,1406.794509987869,1410.4142981633763,decode/local/k3/prior,0.9958601316093615
point/local/k3/ikea2,573.8251348214402,573.4307188203575,573.844617380085,point/local/k3/prior,1.0101807108356289
decode/striped/k3/ikea2,158.3537923982238,158.267499820745,158.42260685163257,decode/striped/k3/prior,1.1062810969336538
point/striped/k3/ikea2,715.3371409343342,711.6647363014945,723.2959302942562,point/striped/k3/prior,1.1334903313236462
decode/local/k4/ikea2,1399.8701160156218,1399.506934257851,1400.8177757035828,decode/local/k4/prior,0.9862082933891309
point/local/k4/ikea2,555.0058834417933,554.9715876038133,555.0094002856334,point/local/k4/prior,0.9928623343806412
decode/striped/k4/ikea2,161.2750522704561,161.14018105018596,161.28898720478728,decode/striped/k4/prior,1.1223285226481032
point/striped/k4/ikea2,554.5523842258818,554.4353476197571,554.6783311079873,point/striped/k4/prior,0.9979712658286165
decode/local/k5/ikea2,1380.0603998159083,1379.9952982177133,1380.1410534622705,decode/local/k5/prior,1.0180420092120464
point/local/k5/ikea2,576.348941250747,576.236547777492,576.9603946808595,point/local/k5/prior,0.9159037417303711
decode/striped/k5/ikea2,229.03534941222932,227.86246267958177,232.53955961930086,decode/striped/k5/prior,1.4083662363800244
point/striped/k5/ikea2,1117.3276716000717,1098.4812667522033,1180.196917608554,point/striped/k5/prior,0.9855745203729243
decode/local/k6/ikea2,1380.150305739969,1379.8234926689343,1382.5973436782099,decode/local/k6/prior,1.0180366095184856
point/local/k6/ikea2,566.1295679270668,565.995507952088,566.1731529319064,point/local/k6/prior,0.8968943255698831
decode/striped/k6/ikea2,196.4340066086205,196.20868897474315,198.86772932469444,decode/striped/k6/prior,1.0590245308545774
point/striped/k6/ikea2,1017.8447872364072,1011.4704194869803,1021.4815672261801,point/striped/k6/prior,1.0473742468742224
decode/local/k7/ikea2,1378.5939397918153,1378.5630478317305,1378.7421292799115,decode/local/k7/prior,1.0170054639979613
point/local/k7/ikea2,577.5547864303377,577.5116330173853,577.5875017167715,point/local/k7/prior,0.9069362152460858
decode/striped/k7/ikea2,246.2756483155975,245.9032506162818,251.00917009029848,decode/striped/k7/prior,1.3991477386311912
point/striped/k7/ikea2,714.9914051109037,710.9912900009265,760.3561507176565,point/striped/k7/prior,1.0192452041888183
decode/local/k8/ikea2,160.6539683388061,160.6449075594151,160.65856554840732,decode/local/k8/ikea,1.4623606321122928
decode/local/k9/ikea2,818.042579788527,817.3984335326015,818.0918004611185,decode/local/k9/ikea,0.6268661337352588
decode/local/k10/ikea2,1126.5656910746306,1114.4217732822724,1130.026281809712,decode/local/k10/ikea,0.8109067760183376
decode/striped/k10/ikea2,500.98909248008965,500.5639151877963,501.15427721190184,decode/striped/k10/ikea,1.0686582145456458
decode/local/k11/ikea2,1943.6330742182704,1943.4727928929697,1943.8668332406505,decode/local/k11/ikea,1.1080509111580343
decode/local/k12/ikea2,1423.2938378964097,1421.118418371176,1423.745159317632,decode/local/k12/ikea,0.946280041160311
decode/striped/k12/ikea2,542.8362632101943,542.4284476179425,543.1558849781561,decode/striped/k12/ikea,1.1617533145327108
decode/local/k13/ikea2,1945.1483625921005,1945.1392838945224,1945.3820000929213,decode/local/k13/ikea,1.1028154538941515
decode/local/k14/ikea2,1783.745314690938,1783.7043899537462,1784.080702052261,decode/local/k14/ikea,1.013844837826848
decode/striped/k14/ikea2,569.7957953441065,568.7798433506939,570.165671090846,decode/striped/k14/ikea,1.1004647202514166
decode/local/k15/ikea2,1750.8948882587215,1750.8127501672705,1751.1044029354732,decode/local/k15/ikea,0.9883302450808217
decode/striped/k15/ikea2,588.0808365990805,587.9118031265755,588.2157655949943,decode/striped/k15/ikea,1.0748015420635393
decode/local/k16/ikea2,282.1584391675922,248.8436721530208,283.1181760249062,decode/local/k16/ikea,1.31894986196858
decode/local/k17/ikea2,1375.8137563019495,1375.2488705557619,1376.1757676945492,decode/local/k17/ikea,0.9255892962729374
decode/local/k18/ikea2,1642.562668753566,1642.1135981216971,1643.3050283701937,decode/local/k18/ikea,1.0813559532993962
decode/local/k19/ikea2,2162.21253026956,2161.2898140042594,2162.222371064966,decode/local/k19/ikea,1.112418903205652
decode/local/k20/ikea2,1586.3721871337193,1584.3730948148336,1588.9685715369767,decode/local/k20/ikea,1.0077453863172003
decode/striped/k20/ikea2,858.8707649317774,858.1298309055114,859.4617944976337,decode/striped/k20/ikea,0.9984333742199072
decode/local/k21/ikea2,2138.3033787912104,2136.8642886216116,2139.2122430283994,decode/local/k21/ikea,1.096160137510726
decode/local/k22/ikea2,1989.4846875887254,1989.4840713001875,1992.6259125816441,decode/local/k22/ikea,1.0124091874879613
decode/local/k23/ikea2,2003.4762973220938,2001.985391702926,2004.190051080768,decode/local/k23/ikea,1.0360686612281584
decode/local/k24/ikea2,712.4859112965743,712.1041116879661,715.8619392184195,decode/local/k24/ikea,0.9554665400104931
decode/local/k25/ikea2,1540.6081195168222,1539.82222956388,1542.1402562130215,decode/local/k25/ikea,0.8567337668438345
decode/local/k26/ikea2,1851.9467167812222,1850.3632102582146,1853.164536811297,decode/local/k26/ikea,1.0997623963767855
decode/local/k27/ikea2,2293.628064428076,2290.231668031347,2298.3147147145446,decode/local/k27/ikea,1.129249650852608
decode/local/k28/ikea2,1721.4132600764522,1719.136700971924,1721.6409856897808,decode/local/k28/ikea,1.0145833792818795
decode/local/k29/ikea2,2291.2601080373925,2288.3157090626705,2292.192775686039,decode/local/k29/ikea,1.1253978274795828
decode/local/k30/ikea2,2087.734911006982,2087.649298995783,2087.8184349212265,decode/local/k30/ikea,1.0302078829652856
decode/local/k31/ikea2,2084.168807339345,2084.0721051326545,2084.6390280192386,decode/local/k31/ikea,1.0236547223859878
decode/local/k32/ikea2,596.5994604755446,595.1427587491844,597.8763828901281,decode/local/k32/ikea,1.0007379890021368
decode/local/k33/ikea2,2322.259347476202,2322.1611366528527,2324.035174208923,decode/local/k33/ikea,0.9157555302326704
decode/local/k34/ikea2,2621.8016105867123,2620.2674948492977,2622.8354454084597,decode/local/k34/ikea,0.9999222914072698
decode/local/k35/ikea2,2856.369019260839,2850.8660586678284,2857.006601782687,decode/local/k35/ikea,1.0864871053877283
decode/local/k36/ikea2,2399.2456170410487,2398.698760778658,2401.515675861376,decode/local/k36/ikea,1.0043649893210294
decode/local/k37/ikea2,2859.0278458605085,2857.139161220211,2859.8809232020285,decode/local/k37/ikea,1.0856228671132688
decode/local/k38/ikea2,2756.5081396871105,2754.338781671756,2757.862478665829,decode/local/k38/ikea,1.0751645113951294
decode/local/k39/ikea2,2758.470611466615,2757.6403606923504,2760.077272428548,decode/local/k39/ikea,1.0702174765480705
decode/local/k40/ikea2,1488.282122015916,1486.760424403178,1488.741679929345,decode/local/k40/ikea,0.9931254158562565
decode/local/k41/ikea2,2730.2805647727937,2729.912876569588,2732.154401717687,decode/local/k41/ikea,0.930806600517203
decode/local/k42/ikea2,3046.3049825687003,3045.772588611515,3047.1307379429086,decode/local/k42/ikea,1.042025767901649
decode/local/k43/ikea2,2961.1277227719984,2950.271074965311,2972.3111739744722,decode/local/k43/ikea,0.8943505854687473
decode/local/k44/ikea2,3040.0241364355734,3039.971383147782,3042.477742448964,decode/local/k44/ikea,1.0146524450581622
decode/local/k45/ikea2,3020.5821250810686,3020.0439298855404,3022.5929452501737,decode/local/k45/ikea,0.9092668784811423
decode/local/k46/ikea2,2892.245138355778,2892.0559001889487,2909.124207151599,decode/local/k46/ikea,0.879872393663505
decode/local/k47/ikea2,2968.0838348794,2950.722580188625,2970.380514055065,decode/local/k47/ikea,0.889994487129706
decode/local/k48/ikea2,1327.4079579956801,1327.1490700908641,1329.7614815282864,decode/local/k48/ikea,0.9561191369780395
decode/local/k49/ikea2,2743.2096320983323,2743.1628438867137,2747.129321048203,decode/local/k49/ikea,0.9309293040059616
decode/local/k50/ikea2,3050.747259129229,3050.695926813547,3050.9562186890826,decode/local/k50/ikea,1.0460745198924228
decode/local/k51/ikea2,3022.555555555324,3022.4652371677516,3025.5207566237154,decode/local/k51/ikea,0.93943508542897
decode/local/k52/ikea2,3024.9203144150315,3022.2942236960316,3025.357251028185,decode/local/k52/ikea,1.0131864876937877
decode/local/k53/ikea2,2970.014929637228,2965.730980783818,2970.1445817555586,decode/local/k53/ikea,0.9289276880877622
decode/local/k54/ikea2,2911.1498513242555,2904.6001659634217,2912.3772214928745,decode/local/k54/ikea,0.8828682864255604
decode/local/k55/ikea2,2988.191944976625,2985.956179536311,2992.621144436667,decode/local/k55/ikea,0.8926037396658006
decode/local/k56/ikea2,1532.8222792229021,1531.8120923415154,1537.4016123120066,decode/local/k56/prior,0.9808491422728248
point/local/k56/ikea2,554.876884388809,554.8344384885802,554.9580305737915,point/local/k56/prior,0.9960617816395632
decode/local/k57/ikea2,2697.0018642331825,2695.813126767929,2698.0920545129948,decode/local/k57/ikea,0.9104227282253575
decode/local/k58/ikea2,3054.863012698913,3053.5398481973193,3056.137352211304,decode/local/k58/ikea,1.0430707386749827
decode/local/k59/ikea2,3000.424099822171,2995.7147950097888,3000.5521568636323,decode/local/k59/ikea,0.903792396709947
decode/local/k60/ikea2,3070.1803494406213,3067.957014402212,3070.8741136054514,decode/local/k60/ikea,1.0166433697030381
decode/local/k61/ikea2,3024.4724449256637,3023.065005416863,3026.4157457561855,decode/local/k61/ikea,0.901419853670736
decode/local/k62/ikea2,2934.1313512003157,2932.8867950865874,2935.201842546729,decode/local/k62/ikea,0.883834380793132
decode/local/k63/ikea2,2981.07673197075,2979.7261499145634,2983.89522998318,decode/local/k63/ikea,0.8884132963277492
decode/local/k64/ikea2,1129.6214381902691,1129.1510368974402,1129.755938594476,decode/local/k64/ikea,0.9408045982690169
get16/local/k1/ikea2-range,1939.9129831055643,1939.829669058232,1942.1670446655805,get16/local/k1/prior,1.0089731634678767
get16/local/k1/ikea2-region,1884.0081198693545,1881.95163967482,1884.1218428962723,get16/local/k1/prior,0.9798963403299762
get16/striped/k1/ikea2-range,1774.769481206006,1773.2446408187213,1775.1808380196087,get16/striped/k1/prior,1.0195171714280802
get16/striped/k1/ikea2-region,1727.4896548886757,1726.884249927845,1728.2427707620614,get16/striped/k1/prior,0.992357252743936
get16/local/k2/ikea2-range,2155.138891739831,2154.457773216752,2155.265674704825,get16/local/k2/prior,1.0373739628284355
get16/local/k2/ikea2-region,2023.9289638556857,2023.477445782849,2024.2578795183276,get16/local/k2/prior,0.9742161944946625
get16/striped/k2/ikea2-range,1785.6100195627864,1785.4410138642727,1786.0947945905014,get16/striped/k2/prior,1.005571573037883
get16/striped/k2/ikea2-region,1734.1455191501166,1733.5769945875652,1735.0170640007016,get16/striped/k2/prior,0.9765891871481304
get16/local/k3/ikea2-range,2591.46668316582,2586.581018375408,2594.9535358528587,get16/local/k3/prior,0.7507674789275741
get16/local/k3/ikea2-region,2529.639850439848,2524.5762272338575,2530.0550597031934,get16/local/k3/prior,0.732855778330656
get16/striped/k3/ikea2-range,1943.429067224972,1928.6063516212953,1967.0328040313225,get16/striped/k3/prior,1.0167180516994985
get16/striped/k3/ikea2-region,1995.8954282714278,1991.7478622268727,1998.7287058710956,get16/striped/k3/prior,1.0441661830887672
get16/local/k4/ikea2-range,2539.168640483108,2532.5083383684896,2543.9137160117953,get16/local/k4/prior,0.86088779993714
get16/local/k4/ikea2-region,2432.3034990158462,2416.830378867232,2449.8762599932256,get16/local/k4/prior,0.824655902984357
get16/striped/k4/ikea2-range,1785.5231030816228,1785.1709670565817,1785.7683315624697,get16/striped/k4/prior,1.0067832269579873
get16/striped/k4/ikea2-region,1734.3587490200616,1732.2323719930164,1734.460535544863,get16/striped/k4/prior,0.9779337467141213
get16/local/k5/ikea2-range,2599.8698990651933,2599.5554523501683,2599.9252585299164,get16/local/k5/prior,0.750242413145378
get16/local/k5/ikea2-region,2539.214039542407,2536.379466715227,2540.304855191379,get16/local/k5/prior,0.732738999441429
get16/striped/k5/ikea2-range,2477.8572463330647,2467.4029093984846,2499.6507514934306,get16/striped/k5/prior,1.0967029029780366
get16/striped/k5/ikea2-region,2452.006682831638,2442.8737358808257,2461.2010763492,get16/striped/k5/prior,1.0852614092932862
get16/local/k6/ikea2-range,2591.0491944947125,2590.20788840262,2591.745015740214,get16/local/k6/prior,0.7497969783131012
get16/local/k6/ikea2-region,2493.7409055845474,2489.394397958722,2496.4954602099683,get16/local/k6/prior,0.7216379371244261
get16/striped/k6/ikea2-range,2486.8651223728107,2486.456797475385,2491.085154528526,get16/striped/k6/prior,1.172403266418321
get16/striped/k6/ikea2-region,2296.4459580669995,2221.6704787529015,2331.2883731355096,get16/striped/k6/prior,1.0826323945634895
get16/local/k7/ikea2-range,2597.251760345763,2597.2306979613686,2599.2794317479825,get16/local/k7/prior,0.7475141476724382
get16/local/k7/ikea2-region,2485.1776972433795,2485.1391397338502,2485.827233840258,get16/local/k7/prior,0.7152581496073863
get16/striped/k7/ikea2-range,2230.8001075848115,2225.5611081225024,2237.8249596560854,get16/striped/k7/prior,1.0823142221217337
get16/striped/k7/ikea2-region,2194.8769345318256,2160.535659203161,2226.482582566225,get16/striped/k7/prior,1.0648854256254485
get16/local/k56/ikea2-range,1843.1471775963541,1842.9178737597324,1843.2473005001086,get16/local/k56/prior,0.9932545725012621
get16/local/k56/ikea2-region,1783.2857507006543,1783.221769054397,1783.335839918461,get16/local/k56/prior,0.9609958160094758
get16-ends/local/k1/ikea2-range,1181.8727139927378,1181.8324577911358,1183.189088967989,get16-ends/local/k1/prior,1.0458870772653899
get16-ends/local/k1/ikea2-region,1074.3617515635817,1074.0196093451195,1075.6588791013903,get16-ends/local/k1/prior,0.9507462681598586
get16-ends/striped/k1/ikea2-range,1112.3863972923054,1111.5799661518377,1113.0607943729951,get16-ends/striped/k1/prior,1.1071627948637353
get16-ends/striped/k1/ikea2-region,989.0482607260677,989.0206022563103,989.722400528717,get16-ends/striped/k1/prior,0.9844038359926501
get16-ends/local/k2/ikea2-range,1411.8942117109757,1407.3617428696232,1412.383747102919,get16-ends/local/k2/prior,1.1103670412382238
get16-ends/local/k2/ikea2-region,1213.3748087419224,1213.3312162593409,1214.0295331853847,get16-ends/local/k2/prior,0.9542438697748296
get16-ends/striped/k2/ikea2-range,1125.992395437212,1125.9411985218294,1126.2060193862105,get16-ends/striped/k2/prior,1.0795085076750461
get16-ends/striped/k2/ikea2-region,998.5594322322123,998.4598823499862,998.5699111673616,get16-ends/striped/k2/prior,0.9573363078489335
get16-ends/local/k3/ikea2-range,1901.2058022341455,1900.875510759718,1902.1405611548566,get16-ends/local/k3/prior,0.8182858798494184
get16-ends/local/k3/ikea2-region,1783.2697761036504,1776.8446692341709,1786.3920514665908,get16-ends/local/k3/prior,0.7675257860212117
get16-ends/striped/k3/ikea2-range,1247.1732598425917,1232.819086614357,1295.0799055118753,get16-ends/striped/k3/prior,1.0019197031633562
get16-ends/striped/k3/ikea2-region,1363.922164948479,1359.8251202748604,1379.162268041204,get16-ends/striped/k3/prior,1.0957102229850375
get16-ends/local/k4/ikea2-range,1765.6681952042193,1765.3959192262855,1766.045687841695,get16-ends/local/k4/prior,0.8434314166950974
get16-ends/local/k4/ikea2-region,1674.5562597153933,1674.0395392405785,1677.095898601092,get16-ends/local/k4/prior,0.799908704423393
get16-ends/striped/k4/ikea2-range,1125.7560995184938,1125.6320492241246,1125.8171749599223,get16-ends/striped/k4/prior,1.0797224216475025
get16-ends/striped/k4/ikea2-region,997.9356493243912,997.624723957016,998.4654857170094,get16-ends/striped/k4/prior,0.9571287212192481
get16-ends/local/k5/ikea2-range,1910.5394898373822,1909.5019779015377,1911.3022325291558,get16-ends/local/k5/prior,0.8204880041627997
get16-ends/local/k5/ikea2-region,1789.197943773397,1781.541188515816,1789.9513672628098,get16-ends/local/k5/prior,0.7683774440400452
get16-ends/striped/k5/ikea2-range,2097.551009785454,2080.4446699976415,2142.649958359233,get16-ends/striped/k5/prior,1.283867324120772
get16-ends/striped/k5/ikea2-region,1766.654553320474,1752.2305861997258,1788.256846203611,get16-ends/striped/k5/prior,1.0813324889053975
get16-ends/local/k6/ikea2-range,1889.5832995354936,1886.3545130907496,1892.9205984408973,get16-ends/local/k6/prior,0.7865154907802872
get16-ends/local/k6/ikea2-region,1790.2646294164383,1789.8237224568575,1791.6270297918704,get16-ends/local/k6/prior,0.7451753325604632
get16-ends/striped/k6/ikea2-range,1919.6482319266427,1910.38759117326,1922.4915981907131,get16-ends/striped/k6/prior,1.267097750105259
get16-ends/striped/k6/ikea2-region,1606.9614350923966,1514.6240348110898,1772.5934900388224,get16-ends/striped/k6/prior,1.0607033023273738
get16-ends/local/k7/ikea2-range,1916.500022782322,1913.8012940266178,1917.95343327137,get16-ends/local/k7/prior,0.8149703816859702
get16-ends/local/k7/ikea2-region,1783.1214352207962,1782.5005923668703,1785.2937716847155,get16-ends/local/k7/prior,0.7582526164255529
get16-ends/striped/k7/ikea2-range,1740.9463953295235,1737.357040107799,1751.296073785838,get16-ends/striped/k7/prior,1.284901989578246
get16-ends/striped/k7/ikea2-region,1316.8912308756574,1305.3606134389788,1500.1272667803908,get16-ends/striped/k7/prior,0.9719289273636733
get16-ends/local/k56/ikea2-range,1089.5315111872494,1089.3755645538142,1089.8674142136283,get16-ends/local/k56/prior,0.9728678129904397
get16-ends/local/k56/ikea2-region,1082.7366209530326,1082.5683130543998,1082.960739327999,get16-ends/local/k56/prior,0.9668004987973245
sum/local/k5/all/ikea2-native,2188.905719509237,2188.5306346298917,2193.701436406653,sum/local/k5/all/ikea-materialized,0.9986494688038244
sum/local/k5/prefilter75/ikea2-native,2186.6147711878175,2186.3787657661883,2189.068278953397,sum/local/k5/prefilter75/ikea-materialized,0.3746932578361013
sum/local/k7/all/ikea2-native,2205.624671086921,2205.428218081985,2210.2390800967005,sum/local/k7/all/ikea-materialized,1.0065943358835336
sum/local/k7/prefilter75/ikea2-native,2199.910718974785,2199.306076361266,2205.4068063652007,sum/local/k7/prefilter75/ikea-materialized,0.37692692959537466
sum/local/k12/all/ikea2-native,2371.5036748083353,2371.4892017188413,2371.866576210515,sum/local/k12/all/ikea2-materialized,0.9819435801386092
sum/local/k12/prefilter75/ikea2-native,2371.660772793787,2371.6535419726156,2371.8059541296016,sum/local/k12/prefilter75/ikea2-materialized,0.40218852364597635
sum/local/k31/all/ikea2-native,3088.682619276318,3088.3058034070173,3091.735122778764,sum/local/k31/all/ikea-materialized,1.0621907986741446
sum/local/k31/prefilter75/ikea2-native,3089.7143593516666,3088.080044182592,3089.739322533573,sum/local/k31/prefilter75/ikea-materialized,0.4669844492375883
sum/local/k56/all/ikea2-native,2091.603240279352,2089.502442671561,2104.451046859132,sum/local/k56/all/ikea2-materialized,0.6345926818512164
sum/local/k56/prefilter75/ikea2-native,2117.138714574685,2115.5709008099516,2118.013309716473,sum/local/k56/prefilter75/ikea2-materialized,0.4294357083087153
sum/local/k64/all/ikea2-native,1678.853288499246,1678.3158000080343,1679.3441415475022,sum/local/k64/all/ikea2-materialized,0.6681728034081612
sum/local/k64/prefilter75/ikea2-native,1679.0637702033644,1678.6302608418146,1679.4456313010398,sum/local/k64/prefilter75/ikea2-materialized,0.3714845677329119
sum/striped/k12/all/ikea2-native,1296.066012930501,1295.5467565812164,1296.199399882631,sum/striped/k12/all/ikea-materialized,0.9480142075035153
sum/striped/k12/prefilter75/ikea2-native,1296.4307450156614,1295.342725757696,1296.447719276379,sum/striped/k12/prefilter75/ikea-materialized,0.25833340675186084
