corpus,operation,cells,rounds,repetition,cells_per_call,ns_per_cell
uniform,bec_encode,1028,972,0,1,25.109466822
uniform,bec_encode,1028,972,1,1,25.131176843
uniform,bec_encode,1028,972,2,1,25.111758619
uniform,bec_encode,1028,972,3,1,25.117092801
uniform,bec_encode,1028,972,4,1,25.079653448
uniform,calico_encode,1028,972,0,1,32.648980801
uniform,calico_encode,1028,972,1,1,32.661266433
uniform,calico_encode,1028,972,2,1,32.653667475
uniform,calico_encode,1028,972,3,1,32.630260124
uniform,calico_encode,1028,972,4,1,32.650458960
uniform,bec_decode,1028,972,0,1,83.522242438
uniform,bec_decode,1028,972,1,1,83.553749139
uniform,bec_decode,1028,972,2,1,83.611946766
uniform,bec_decode,1028,972,3,1,83.603828401
uniform,bec_decode,1028,972,4,1,83.632346760
uniform,calico_decode,1028,972,0,1,84.923440978
uniform,calico_decode,1028,972,1,1,84.923707186
uniform,calico_decode,1028,972,2,1,84.947264655
uniform,calico_decode,1028,972,3,1,84.911271437
uniform,calico_decode,1028,972,4,1,84.933872156
run,bec_encode,1028,972,0,1,25.081770108
run,bec_encode,1028,972,1,1,25.169615979
run,bec_encode,1028,972,2,1,25.145347953
run,bec_encode,1028,972,3,1,25.094055740
run,bec_encode,1028,972,4,1,24.601385486
run,calico_encode,1028,972,0,1,31.651741966
run,calico_encode,1028,972,1,1,31.658283094
run,calico_encode,1028,972,2,1,31.654925462
run,calico_encode,1028,972,3,1,31.663852460
run,calico_encode,1028,972,4,1,31.680540544
run,bec_decode,1028,972,0,1,83.594758290
run,bec_decode,1028,972,1,1,83.557477062
run,bec_decode,1028,972,2,1,83.539836232
run,bec_decode,1028,972,3,1,83.534410978
run,bec_decode,1028,972,4,1,83.563634890
run,calico_decode,1028,972,0,1,84.923044667
run,calico_decode,1028,972,1,1,84.915376655
run,calico_decode,1028,972,2,1,84.898073089
run,calico_decode,1028,972,3,1,84.891205705
run,calico_decode,1028,972,4,1,84.931732478
msmarco-keyset--3/partial,bec_encode,1024,976,0,1,25.186023149
msmarco-keyset--3/partial,bec_encode,1024,976,1,1,25.179916632
msmarco-keyset--3/partial,bec_encode,1024,976,2,1,25.136570665
msmarco-keyset--3/partial,bec_encode,1024,976,3,1,27.528840612
msmarco-keyset--3/partial,bec_encode,1024,976,4,1,27.297430320
msmarco-keyset--3/partial,calico_encode,1024,976,0,1,32.230472752
msmarco-keyset--3/partial,calico_encode,1024,976,1,1,31.756100514
msmarco-keyset--3/partial,calico_encode,1024,976,2,1,31.760680152
msmarco-keyset--3/partial,calico_encode,1024,976,3,1,31.767725210
msmarco-keyset--3/partial,calico_encode,1024,976,4,1,31.758560931
msmarco-keyset--3/partial,bec_decode,1024,976,0,1,83.554500392
msmarco-keyset--3/partial,bec_decode,1024,976,1,1,83.532965988
msmarco-keyset--3/partial,bec_decode,1024,976,2,1,83.551440630
msmarco-keyset--3/partial,bec_decode,1024,976,3,1,83.550638168
msmarco-keyset--3/partial,bec_decode,1024,976,4,1,83.538322074
msmarco-keyset--3/partial,calico_decode,1024,976,0,1,85.001519875
msmarco-keyset--3/partial,calico_decode,1024,976,1,1,85.034673972
msmarco-keyset--3/partial,calico_decode,1024,976,2,1,84.995466389
msmarco-keyset--3/partial,calico_decode,1024,976,3,1,84.961403769
msmarco-keyset--3/partial,calico_decode,1024,976,4,1,84.898071289
msmarco-keyset--3/all,bec_encode,1024,976,0,1,25.132526335
msmarco-keyset--3/all,bec_encode,1024,976,1,1,25.168539079
msmarco-keyset--3/all,bec_encode,1024,976,2,1,25.130151968
msmarco-keyset--3/all,bec_encode,1024,976,3,1,25.134950732
msmarco-keyset--3/all,bec_encode,1024,976,4,1,25.110375576
msmarco-keyset--3/all,calico_encode,1024,976,0,1,31.764199179
msmarco-keyset--3/all,calico_encode,1024,976,1,1,31.741731237
msmarco-keyset--3/all,calico_encode,1024,976,2,1,31.758473881
msmarco-keyset--3/all,calico_encode,1024,976,3,1,31.750315182
msmarco-keyset--3/all,calico_encode,1024,976,4,1,31.736858430
msmarco-keyset--3/all,bec_decode,1024,976,0,1,83.571744325
msmarco-keyset--3/all,bec_decode,1024,976,1,1,83.557459096
msmarco-keyset--3/all,bec_decode,1024,976,2,1,83.608701612
msmarco-keyset--3/all,bec_decode,1024,976,3,1,83.638638856
msmarco-keyset--3/all,bec_decode,1024,976,4,1,83.554359311
msmarco-keyset--3/all,calico_decode,1024,976,0,1,84.900861896
msmarco-keyset--3/all,calico_decode,1024,976,1,1,85.002103211
msmarco-keyset--3/all,calico_decode,1024,976,2,1,84.975056633
msmarco-keyset--3/all,calico_decode,1024,976,3,1,84.941725434
msmarco-keyset--3/all,calico_decode,1024,976,4,1,84.903204246
msmarco-keyset--a/partial,bec_encode,1023,977,0,1,25.088439785
msmarco-keyset--a/partial,bec_encode,1023,977,1,1,25.084383639
msmarco-keyset--a/partial,bec_encode,1023,977,2,1,24.849849570
msmarco-keyset--a/partial,bec_encode,1023,977,3,1,24.894392133
msmarco-keyset--a/partial,bec_encode,1023,977,4,1,24.879675348
msmarco-keyset--a/partial,calico_encode,1023,977,0,1,33.079624121
msmarco-keyset--a/partial,calico_encode,1023,977,1,1,33.105269688
msmarco-keyset--a/partial,calico_encode,1023,977,2,1,33.116021375
msmarco-keyset--a/partial,calico_encode,1023,977,3,1,33.077759135
msmarco-keyset--a/partial,calico_encode,1023,977,4,1,33.117951396
msmarco-keyset--a/partial,bec_decode,1023,977,0,1,83.556157207
msmarco-keyset--a/partial,bec_decode,1023,977,1,1,83.538611926
msmarco-keyset--a/partial,bec_decode,1023,977,2,1,83.552189108
msmarco-keyset--a/partial,bec_decode,1023,977,3,1,83.570274675
msmarco-keyset--a/partial,bec_decode,1023,977,4,1,83.580236945
msmarco-keyset--a/partial,calico_decode,1023,977,0,1,84.981766354
msmarco-keyset--a/partial,calico_decode,1023,977,1,1,84.949556315
msmarco-keyset--a/partial,calico_decode,1023,977,2,1,84.976820738
msmarco-keyset--a/partial,calico_decode,1023,977,3,1,85.000605320
msmarco-keyset--a/partial,calico_decode,1023,977,4,1,85.052167597
msmarco-keyset--a/all,bec_encode,1024,976,0,1,25.121772141
msmarco-keyset--a/all,bec_encode,1024,976,1,1,25.123955398
msmarco-keyset--a/all,bec_encode,1024,976,2,1,25.133121678
msmarco-keyset--a/all,bec_encode,1024,976,3,1,25.117463659
msmarco-keyset--a/all,bec_encode,1024,976,4,1,25.158072050
msmarco-keyset--a/all,calico_encode,1024,976,0,1,33.089631628
msmarco-keyset--a/all,calico_encode,1024,976,1,1,33.085754395
msmarco-keyset--a/all,calico_encode,1024,976,2,1,33.072824947
msmarco-keyset--a/all,calico_encode,1024,976,3,1,33.166824091
msmarco-keyset--a/all,calico_encode,1024,976,4,1,33.088220815
msmarco-keyset--a/all,bec_decode,1024,976,0,1,83.549990795
msmarco-keyset--a/all,bec_decode,1024,976,1,1,83.552575283
msmarco-keyset--a/all,bec_decode,1024,976,2,1,83.535002161
msmarco-keyset--a/all,bec_decode,1024,976,3,1,83.548926181
msmarco-keyset--a/all,bec_decode,1024,976,4,1,83.552570280
msmarco-keyset--a/all,calico_decode,1024,976,0,1,85.071738321
msmarco-keyset--a/all,calico_decode,1024,976,1,1,85.026627337
msmarco-keyset--a/all,calico_decode,1024,976,2,1,85.001684971
msmarco-keyset--a/all,calico_decode,1024,976,3,1,85.009052214
msmarco-keyset--a/all,calico_decode,1024,976,4,1,85.076597120
msmarco-keyset--and/partial,bec_encode,1024,976,0,1,25.138351691
msmarco-keyset--and/partial,bec_encode,1024,976,1,1,25.087355317
msmarco-keyset--and/partial,bec_encode,1024,976,2,1,25.089328453
msmarco-keyset--and/partial,bec_encode,1024,976,3,1,25.081837138
msmarco-keyset--and/partial,bec_encode,1024,976,4,1,24.939338059
msmarco-keyset--and/partial,calico_encode,1024,976,0,1,32.614250808
msmarco-keyset--and/partial,calico_encode,1024,976,1,1,32.612888024
msmarco-keyset--and/partial,calico_encode,1024,976,2,1,32.597590212
msmarco-keyset--and/partial,calico_encode,1024,976,3,1,32.611731357
msmarco-keyset--and/partial,calico_encode,1024,976,4,1,32.617976955
msmarco-keyset--and/partial,bec_decode,1024,976,0,1,83.586137615
msmarco-keyset--and/partial,bec_decode,1024,976,1,1,83.590787293
msmarco-keyset--and/partial,bec_decode,1024,976,2,1,83.609967341
msmarco-keyset--and/partial,bec_decode,1024,976,3,1,83.578672315
msmarco-keyset--and/partial,bec_decode,1024,976,4,1,83.549432473
msmarco-keyset--and/partial,calico_decode,1024,976,0,1,84.952268507
msmarco-keyset--and/partial,calico_decode,1024,976,1,1,84.935937100
msmarco-keyset--and/partial,calico_decode,1024,976,2,1,84.926246518
msmarco-keyset--and/partial,calico_decode,1024,976,3,1,84.917332383
msmarco-keyset--and/partial,calico_decode,1024,976,4,1,84.936898654
msmarco-keyset--and/all,bec_encode,1024,976,0,1,24.893367580
msmarco-keyset--and/all,bec_encode,1024,976,1,1,25.153568455
msmarco-keyset--and/all,bec_encode,1024,976,2,1,25.127695553
msmarco-keyset--and/all,bec_encode,1024,976,3,1,25.149761262
msmarco-keyset--and/all,bec_encode,1024,976,4,1,24.916158707
msmarco-keyset--and/all,calico_encode,1024,976,0,1,32.602302926
msmarco-keyset--and/all,calico_encode,1024,976,1,1,32.624789879
msmarco-keyset--and/all,calico_encode,1024,976,2,1,32.800839283
msmarco-keyset--and/all,calico_encode,1024,976,3,1,32.657132508
msmarco-keyset--and/all,calico_encode,1024,976,4,1,32.700501489
msmarco-keyset--and/all,bec_decode,1024,976,0,1,83.559006988
msmarco-keyset--and/all,bec_decode,1024,976,1,1,83.555980245
msmarco-keyset--and/all,bec_decode,1024,976,2,1,83.591240555
msmarco-keyset--and/all,bec_decode,1024,976,3,1,85.487143595
msmarco-keyset--and/all,bec_decode,1024,976,4,1,83.574849113
msmarco-keyset--and/all,calico_decode,1024,976,0,1,85.015654017
msmarco-keyset--and/all,calico_decode,1024,976,1,1,85.139314245
msmarco-keyset--and/all,calico_decode,1024,976,2,1,85.192235728
msmarco-keyset--and/all,calico_decode,1024,976,3,1,85.055014688
msmarco-keyset--and/all,calico_decode,1024,976,4,1,85.037461578
msmarco-keyset--categories/partial,bec_encode,461,2169,0,1,24.334937479
msmarco-keyset--categories/partial,bec_encode,461,2169,1,1,24.338406795
msmarco-keyset--categories/partial,bec_encode,461,2169,2,1,24.334239416
msmarco-keyset--categories/partial,bec_encode,461,2169,3,1,24.335318514
msmarco-keyset--categories/partial,bec_encode,461,2169,4,1,24.326830742
msmarco-keyset--categories/partial,calico_encode,461,2169,0,1,31.569840856
msmarco-keyset--categories/partial,calico_encode,461,2169,1,1,31.671375095
msmarco-keyset--categories/partial,calico_encode,461,2169,2,1,31.592604927
msmarco-keyset--categories/partial,calico_encode,461,2169,3,1,31.608621385
msmarco-keyset--categories/partial,calico_encode,461,2169,4,1,31.578012599
msmarco-keyset--categories/partial,bec_decode,461,2169,0,1,83.543340444
msmarco-keyset--categories/partial,bec_decode,461,2169,1,1,83.567318626
msmarco-keyset--categories/partial,bec_decode,461,2169,2,1,83.579556740
msmarco-keyset--categories/partial,bec_decode,461,2169,3,1,83.658930963
msmarco-keyset--categories/partial,bec_decode,461,2169,4,1,83.717774317
msmarco-keyset--categories/partial,calico_decode,461,2169,0,1,84.956267020
msmarco-keyset--categories/partial,calico_decode,461,2169,1,1,85.057892268
msmarco-keyset--categories/partial,calico_decode,461,2169,2,1,84.919948715
msmarco-keyset--categories/partial,calico_decode,461,2169,3,1,84.969788251
msmarco-keyset--categories/partial,calico_decode,461,2169,4,1,85.079930274
msmarco-keyset--categories/all,bec_encode,1024,976,0,1,25.131610808
msmarco-keyset--categories/all,bec_encode,1024,976,1,1,25.242167488
msmarco-keyset--categories/all,bec_encode,1024,976,2,1,25.117737817
msmarco-keyset--categories/all,bec_encode,1024,976,3,1,25.109811251
msmarco-keyset--categories/all,bec_encode,1024,976,4,1,24.717748423
msmarco-keyset--categories/all,calico_encode,1024,976,0,1,31.644124015
msmarco-keyset--categories/all,calico_encode,1024,976,1,1,31.634932721
msmarco-keyset--categories/all,calico_encode,1024,976,2,1,31.728092381
msmarco-keyset--categories/all,calico_encode,1024,976,3,1,31.641410452
msmarco-keyset--categories/all,calico_encode,1024,976,4,1,31.647031690
msmarco-keyset--categories/all,bec_decode,1024,976,0,1,83.631104516
msmarco-keyset--categories/all,bec_decode,1024,976,1,1,83.612473785
msmarco-keyset--categories/all,bec_decode,1024,976,2,1,83.577956903
msmarco-keyset--categories/all,bec_decode,1024,976,3,1,83.543853259
msmarco-keyset--categories/all,bec_decode,1024,976,4,1,83.555904201
msmarco-keyset--categories/all,calico_decode,1024,976,0,1,85.044925877
msmarco-keyset--categories/all,calico_decode,1024,976,1,1,84.960478235
msmarco-keyset--categories/all,calico_decode,1024,976,2,1,84.925914327
msmarco-keyset--categories/all,calico_decode,1024,976,3,1,84.883402840
msmarco-keyset--categories/all,calico_decode,1024,976,4,1,84.901443231
msmarco-keyset--for/partial,bec_encode,1023,977,0,1,25.094710102
msmarco-keyset--for/partial,bec_encode,1023,977,1,1,25.101498693
msmarco-keyset--for/partial,bec_encode,1023,977,2,1,25.119350136
msmarco-keyset--for/partial,bec_encode,1023,977,3,1,25.141022601
msmarco-keyset--for/partial,bec_encode,1023,977,4,1,25.109810090
msmarco-keyset--for/partial,calico_encode,1023,977,0,1,33.470996157
msmarco-keyset--for/partial,calico_encode,1023,977,1,1,33.419588963
msmarco-keyset--for/partial,calico_encode,1023,977,2,1,33.441281438
msmarco-keyset--for/partial,calico_encode,1023,977,3,1,33.418858576
msmarco-keyset--for/partial,calico_encode,1023,977,4,1,33.405009250
msmarco-keyset--for/partial,bec_decode,1023,977,0,1,83.558455423
msmarco-keyset--for/partial,bec_decode,1023,977,1,1,83.563141902
msmarco-keyset--for/partial,bec_decode,1023,977,2,1,83.760023052
msmarco-keyset--for/partial,bec_decode,1023,977,3,1,83.545342486
msmarco-keyset--for/partial,bec_decode,1023,977,4,1,83.535214128
msmarco-keyset--for/partial,calico_decode,1023,977,0,1,84.931767905
msmarco-keyset--for/partial,calico_decode,1023,977,1,1,84.975445010
msmarco-keyset--for/partial,calico_decode,1023,977,2,1,85.026431983
msmarco-keyset--for/partial,calico_decode,1023,977,3,1,85.072072126
msmarco-keyset--for/partial,calico_decode,1023,977,4,1,84.991874702
msmarco-keyset--for/all,bec_encode,1024,976,0,1,25.107306809
msmarco-keyset--for/all,bec_encode,1024,976,1,1,25.112926045
msmarco-keyset--for/all,bec_encode,1024,976,2,1,25.102356958
msmarco-keyset--for/all,bec_encode,1024,976,3,1,25.060520860
msmarco-keyset--for/all,bec_encode,1024,976,4,1,24.821665279
msmarco-keyset--for/all,calico_encode,1024,976,0,1,33.439189973
msmarco-keyset--for/all,calico_encode,1024,976,1,1,33.424609575
msmarco-keyset--for/all,calico_encode,1024,976,2,1,33.413219014
msmarco-keyset--for/all,calico_encode,1024,976,3,1,33.414175565
msmarco-keyset--for/all,calico_encode,1024,976,4,1,33.410131236
msmarco-keyset--for/all,bec_decode,1024,976,0,1,83.566240154
msmarco-keyset--for/all,bec_decode,1024,976,1,1,83.560951108
msmarco-keyset--for/all,bec_decode,1024,976,2,1,83.569815214
msmarco-keyset--for/all,bec_decode,1024,976,3,1,83.617689789
msmarco-keyset--for/all,bec_decode,1024,976,4,1,83.609743212
msmarco-keyset--for/all,calico_decode,1024,976,0,1,84.994649918
msmarco-keyset--for/all,calico_decode,1024,976,1,1,84.994224673
msmarco-keyset--for/all,calico_decode,1024,976,2,1,84.990870742
msmarco-keyset--for/all,calico_decode,1024,976,3,1,85.023963803
msmarco-keyset--for/all,calico_decode,1024,976,4,1,85.022704078
msmarco-keyset--humble/partial,bec_encode,66,15151,0,1,24.321658936
msmarco-keyset--humble/partial,bec_encode,66,15151,1,1,24.278947484
msmarco-keyset--humble/partial,bec_encode,66,15151,2,1,24.282511605
msmarco-keyset--humble/partial,bec_encode,66,15151,3,1,24.274196323
msmarco-keyset--humble/partial,bec_encode,66,15151,4,1,24.286593744
msmarco-keyset--humble/partial,calico_encode,66,15151,0,1,31.609397720
msmarco-keyset--humble/partial,calico_encode,66,15151,1,1,31.590819088
msmarco-keyset--humble/partial,calico_encode,66,15151,2,1,31.595038231
msmarco-keyset--humble/partial,calico_encode,66,15151,3,1,31.593615183
msmarco-keyset--humble/partial,calico_encode,66,15151,4,1,31.582480804
msmarco-keyset--humble/partial,bec_decode,66,15151,0,1,83.625274259
msmarco-keyset--humble/partial,bec_decode,66,15151,1,1,83.588901023
msmarco-keyset--humble/partial,bec_decode,66,15151,2,1,83.545557549
msmarco-keyset--humble/partial,bec_decode,66,15151,3,1,83.556752930
msmarco-keyset--humble/partial,bec_decode,66,15151,4,1,83.552262777
msmarco-keyset--humble/partial,calico_decode,66,15151,0,1,84.794838024
msmarco-keyset--humble/partial,calico_decode,66,15151,1,1,84.780472536
msmarco-keyset--humble/partial,calico_decode,66,15151,2,1,84.786155729
msmarco-keyset--humble/partial,calico_decode,66,15151,3,1,84.783375635
msmarco-keyset--humble/partial,calico_decode,66,15151,4,1,84.790920891
msmarco-keyset--humble/all,bec_encode,1024,976,0,1,24.895497807
msmarco-keyset--humble/all,bec_encode,1024,976,1,1,24.894906466
msmarco-keyset--humble/all,bec_encode,1024,976,2,1,25.121205815
msmarco-keyset--humble/all,bec_encode,1024,976,3,1,25.113113153
msmarco-keyset--humble/all,bec_encode,1024,976,4,1,25.171834977
msmarco-keyset--humble/all,calico_encode,1024,976,0,1,31.726868676
msmarco-keyset--humble/all,calico_encode,1024,976,1,1,31.714782715
msmarco-keyset--humble/all,calico_encode,1024,976,2,1,31.719381364
msmarco-keyset--humble/all,calico_encode,1024,976,3,1,31.703107990
msmarco-keyset--humble/all,calico_encode,1024,976,4,1,31.634821657
msmarco-keyset--humble/all,bec_decode,1024,976,0,1,83.780584617
msmarco-keyset--humble/all,bec_decode,1024,976,1,1,83.572075515
msmarco-keyset--humble/all,bec_decode,1024,976,2,1,83.548044674
msmarco-keyset--humble/all,bec_decode,1024,976,3,1,83.534925117
msmarco-keyset--humble/all,bec_decode,1024,976,4,1,83.530953829
msmarco-keyset--humble/all,calico_decode,1024,976,0,1,84.948708456
msmarco-keyset--humble/all,calico_decode,1024,976,1,1,85.013166584
msmarco-keyset--humble/all,calico_decode,1024,976,2,1,85.056733679
msmarco-keyset--humble/all,calico_decode,1024,976,3,1,84.992118460
msmarco-keyset--humble/all,calico_decode,1024,976,4,1,84.972930408
msmarco-keyset--in/partial,bec_encode,1024,976,0,1,25.217554311
msmarco-keyset--in/partial,bec_encode,1024,976,1,1,25.146331287
msmarco-keyset--in/partial,bec_encode,1024,976,2,1,25.170769363
msmarco-keyset--in/partial,bec_encode,1024,976,3,1,25.202487633
msmarco-keyset--in/partial,bec_encode,1024,976,4,1,25.166523918
msmarco-keyset--in/partial,calico_encode,1024,976,0,1,33.356318239
msmarco-keyset--in/partial,calico_encode,1024,976,1,1,33.371738121
msmarco-keyset--in/partial,calico_encode,1024,976,2,1,33.347247014
msmarco-keyset--in/partial,calico_encode,1024,976,3,1,33.356818527
msmarco-keyset--in/partial,calico_encode,1024,976,4,1,33.358202325
msmarco-keyset--in/partial,bec_decode,1024,976,0,1,83.532253578
msmarco-keyset--in/partial,bec_decode,1024,976,1,1,83.532884942
msmarco-keyset--in/partial,bec_decode,1024,976,2,1,83.559064021
msmarco-keyset--in/partial,bec_decode,1024,976,3,1,83.571817367
msmarco-keyset--in/partial,bec_decode,1024,976,4,1,83.609938324
msmarco-keyset--in/partial,calico_decode,1024,976,0,1,84.996699099
msmarco-keyset--in/partial,calico_decode,1024,976,1,1,84.966493700
msmarco-keyset--in/partial,calico_decode,1024,976,2,1,84.967572322
msmarco-keyset--in/partial,calico_decode,1024,976,3,1,84.964401495
msmarco-keyset--in/partial,calico_decode,1024,976,4,1,84.946299068
msmarco-keyset--in/all,bec_encode,1024,976,0,1,25.198789503
msmarco-keyset--in/all,bec_encode,1024,976,1,1,25.161856229
msmarco-keyset--in/all,bec_encode,1024,976,2,1,25.173173748
msmarco-keyset--in/all,bec_encode,1024,976,3,1,25.176873879
msmarco-keyset--in/all,bec_encode,1024,976,4,1,25.181790711
msmarco-keyset--in/all,calico_encode,1024,976,0,1,33.361524238
msmarco-keyset--in/all,calico_encode,1024,976,1,1,33.370260270
msmarco-keyset--in/all,calico_encode,1024,976,2,1,33.362390737
msmarco-keyset--in/all,calico_encode,1024,976,3,1,33.361688332
msmarco-keyset--in/all,calico_encode,1024,976,4,1,33.379288470
msmarco-keyset--in/all,bec_decode,1024,976,0,1,83.549658603
msmarco-keyset--in/all,bec_decode,1024,976,1,1,83.539672852
msmarco-keyset--in/all,bec_decode,1024,976,2,1,83.538396116
msmarco-keyset--in/all,bec_decode,1024,976,3,1,83.523095303
msmarco-keyset--in/all,bec_decode,1024,976,4,1,83.585913486
msmarco-keyset--in/all,calico_decode,1024,976,0,1,84.931642626
msmarco-keyset--in/all,calico_decode,1024,976,1,1,84.938088339
msmarco-keyset--in/all,calico_decode,1024,976,2,1,84.930874184
msmarco-keyset--in/all,calico_decode,1024,976,3,1,84.934591325
msmarco-keyset--in/all,calico_decode,1024,976,4,1,85.011356541
msmarco-keyset--into/partial,bec_encode,1023,977,0,1,25.154796888
msmarco-keyset--into/partial,bec_encode,1023,977,1,1,25.207060535
msmarco-keyset--into/partial,bec_encode,1023,977,2,1,25.151646221
msmarco-keyset--into/partial,bec_encode,1023,977,3,1,25.157523330
msmarco-keyset--into/partial,bec_encode,1023,977,4,1,25.144466423
msmarco-keyset--into/partial,calico_encode,1023,977,0,1,31.659910092
msmarco-keyset--into/partial,calico_encode,1023,977,1,1,31.650713227
msmarco-keyset--into/partial,calico_encode,1023,977,2,1,31.646490994
msmarco-keyset--into/partial,calico_encode,1023,977,3,1,31.632232451
msmarco-keyset--into/partial,calico_encode,1023,977,4,1,31.649566621
msmarco-keyset--into/partial,bec_decode,1023,977,0,1,83.600332576
msmarco-keyset--into/partial,bec_decode,1023,977,1,1,83.558968694
msmarco-keyset--into/partial,bec_decode,1023,977,2,1,83.540301820
msmarco-keyset--into/partial,bec_decode,1023,977,3,1,83.532910910
msmarco-keyset--into/partial,bec_decode,1023,977,4,1,83.564371553
msmarco-keyset--into/partial,calico_decode,1023,977,0,1,85.006615500
msmarco-keyset--into/partial,calico_decode,1023,977,1,1,85.068613296
msmarco-keyset--into/partial,calico_decode,1023,977,2,1,84.973090765
msmarco-keyset--into/partial,calico_decode,1023,977,3,1,84.973698086
msmarco-keyset--into/partial,calico_decode,1023,977,4,1,84.975055805
msmarco-keyset--into/all,bec_encode,1024,976,0,1,25.251196689
msmarco-keyset--into/all,bec_encode,1024,976,1,1,25.185406794
msmarco-keyset--into/all,bec_encode,1024,976,2,1,25.215570168
msmarco-keyset--into/all,bec_encode,1024,976,3,1,25.191817487
msmarco-keyset--into/all,bec_encode,1024,976,4,1,25.178471800
msmarco-keyset--into/all,calico_encode,1024,976,0,1,31.660259309
msmarco-keyset--into/all,calico_encode,1024,976,1,1,31.681479532
msmarco-keyset--into/all,calico_encode,1024,976,2,1,31.677162045
msmarco-keyset--into/all,calico_encode,1024,976,3,1,31.663265041
msmarco-keyset--into/all,calico_encode,1024,976,4,1,31.666101675
msmarco-keyset--into/all,bec_decode,1024,976,0,1,83.518964924
msmarco-keyset--into/all,bec_decode,1024,976,1,1,83.552089003
msmarco-keyset--into/all,bec_decode,1024,976,2,1,83.561779585
msmarco-keyset--into/all,bec_decode,1024,976,3,1,83.570297491
msmarco-keyset--into/all,bec_decode,1024,976,4,1,83.563321473
msmarco-keyset--into/all,calico_decode,1024,976,0,1,84.935810027
msmarco-keyset--into/all,calico_decode,1024,976,1,1,95.747420514
msmarco-keyset--into/all,calico_decode,1024,976,2,1,85.140118708
msmarco-keyset--into/all,calico_decode,1024,976,3,1,84.971702701
msmarco-keyset--into/all,calico_decode,1024,976,4,1,84.980441734
msmarco-keyset--is/partial,bec_encode,1024,976,0,1,25.098585785
msmarco-keyset--is/partial,bec_encode,1024,976,1,1,25.101428423
msmarco-keyset--is/partial,bec_encode,1024,976,2,1,25.081653032
msmarco-keyset--is/partial,bec_encode,1024,976,3,1,25.109618140
msmarco-keyset--is/partial,bec_encode,1024,976,4,1,24.888374704
msmarco-keyset--is/partial,calico_encode,1024,976,0,1,33.384712594
msmarco-keyset--is/partial,calico_encode,1024,976,1,1,33.437053743
msmarco-keyset--is/partial,calico_encode,1024,976,2,1,33.418801230
msmarco-keyset--is/partial,calico_encode,1024,976,3,1,33.400390625
msmarco-keyset--is/partial,calico_encode,1024,976,4,1,33.409885094
msmarco-keyset--is/partial,bec_decode,1024,976,0,1,83.560035580
msmarco-keyset--is/partial,bec_decode,1024,976,1,1,83.572701876
msmarco-keyset--is/partial,bec_decode,1024,976,2,1,83.562185819
msmarco-keyset--is/partial,bec_decode,1024,976,3,1,84.124664807
msmarco-keyset--is/partial,bec_decode,1024,976,4,1,83.559488265
msmarco-keyset--is/partial,calico_decode,1024,976,0,1,85.030844767
msmarco-keyset--is/partial,calico_decode,1024,976,1,1,84.993082015
msmarco-keyset--is/partial,calico_decode,1024,976,2,1,84.978722744
msmarco-keyset--is/partial,calico_decode,1024,976,3,1,85.023387471
msmarco-keyset--is/partial,calico_decode,1024,976,4,1,85.060284724
msmarco-keyset--is/all,bec_encode,1024,976,0,1,25.176565702
msmarco-keyset--is/all,bec_encode,1024,976,1,1,25.180337875
msmarco-keyset--is/all,bec_encode,1024,976,2,1,25.182194944
msmarco-keyset--is/all,bec_encode,1024,976,3,1,25.170804383
msmarco-keyset--is/all,bec_encode,1024,976,4,1,24.971417537
msmarco-keyset--is/all,calico_encode,1024,976,0,1,33.373339043
msmarco-keyset--is/all,calico_encode,1024,976,1,1,33.380949427
msmarco-keyset--is/all,calico_encode,1024,976,2,1,33.368619325
msmarco-keyset--is/all,calico_encode,1024,976,3,1,33.379938845
msmarco-keyset--is/all,calico_encode,1024,976,4,1,33.382173132
msmarco-keyset--is/all,bec_decode,1024,976,0,1,83.530930816
msmarco-keyset--is/all,bec_decode,1024,976,1,1,83.537428559
msmarco-keyset--is/all,bec_decode,1024,976,2,1,83.584464652
msmarco-keyset--is/all,bec_decode,1024,976,3,1,83.531699259
msmarco-keyset--is/all,bec_decode,1024,976,4,1,83.532629795
msmarco-keyset--is/all,calico_decode,1024,976,0,1,85.064862361
msmarco-keyset--is/all,calico_decode,1024,976,1,1,85.030271436
msmarco-keyset--is/all,calico_decode,1024,976,2,1,85.019474217
msmarco-keyset--is/all,calico_decode,1024,976,3,1,85.005781330
msmarco-keyset--is/all,calico_decode,1024,976,4,1,85.099406258
msmarco-keyset--numbers/partial,bec_encode,752,1329,0,1,25.030889286
msmarco-keyset--numbers/partial,bec_encode,752,1329,1,1,24.999474689
msmarco-keyset--numbers/partial,bec_encode,752,1329,2,1,25.003103837
msmarco-keyset--numbers/partial,bec_encode,752,1329,3,1,24.989953052
msmarco-keyset--numbers/partial,bec_encode,752,1329,4,1,25.006539872
msmarco-keyset--numbers/partial,calico_encode,752,1329,0,1,31.640483166
msmarco-keyset--numbers/partial,calico_encode,752,1329,1,1,31.617920809
msmarco-keyset--numbers/partial,calico_encode,752,1329,2,1,31.660689128
msmarco-keyset--numbers/partial,calico_encode,752,1329,3,1,31.638684101
msmarco-keyset--numbers/partial,calico_encode,752,1329,4,1,31.636716936
msmarco-keyset--numbers/partial,bec_decode,752,1329,0,1,83.552748227
msmarco-keyset--numbers/partial,bec_decode,752,1329,1,1,83.586253062
msmarco-keyset--numbers/partial,bec_decode,752,1329,2,1,83.599111674
msmarco-keyset--numbers/partial,bec_decode,752,1329,3,1,83.591470150
msmarco-keyset--numbers/partial,bec_decode,752,1329,4,1,83.552003786
msmarco-keyset--numbers/partial,calico_decode,752,1329,0,1,85.022422274
msmarco-keyset--numbers/partial,calico_decode,752,1329,1,1,84.967353673
msmarco-keyset--numbers/partial,calico_decode,752,1329,2,1,84.896558763
msmarco-keyset--numbers/partial,calico_decode,752,1329,3,1,84.977753830
msmarco-keyset--numbers/partial,calico_decode,752,1329,4,1,85.271185542
msmarco-keyset--numbers/all,bec_encode,1024,976,0,1,25.159437836
msmarco-keyset--numbers/all,bec_encode,1024,976,1,1,25.163103948
msmarco-keyset--numbers/all,bec_encode,1024,976,2,1,24.764364274
msmarco-keyset--numbers/all,bec_encode,1024,976,3,1,24.608016217
msmarco-keyset--numbers/all,bec_encode,1024,976,4,1,24.624131500
msmarco-keyset--numbers/all,calico_encode,1024,976,0,1,31.760406994
msmarco-keyset--numbers/all,calico_encode,1024,976,1,1,31.728812796
msmarco-keyset--numbers/all,calico_encode,1024,976,2,1,31.909956135
msmarco-keyset--numbers/all,calico_encode,1024,976,3,1,31.695358527
msmarco-keyset--numbers/all,calico_encode,1024,976,4,1,31.694305920
msmarco-keyset--numbers/all,bec_decode,1024,976,0,1,83.561579470
msmarco-keyset--numbers/all,bec_decode,1024,976,1,1,83.554795562
msmarco-keyset--numbers/all,bec_decode,1024,976,2,1,83.557104892
msmarco-keyset--numbers/all,bec_decode,1024,976,3,1,83.550815270
msmarco-keyset--numbers/all,bec_decode,1024,976,4,1,83.557243973
msmarco-keyset--numbers/all,calico_decode,1024,976,0,1,84.990869741
msmarco-keyset--numbers/all,calico_decode,1024,976,1,1,84.978069368
msmarco-keyset--numbers/all,calico_decode,1024,976,2,1,84.953041952
msmarco-keyset--numbers/all,calico_decode,1024,976,3,1,85.002568479
msmarco-keyset--numbers/all,calico_decode,1024,976,4,1,85.050778248
msmarco-keyset--of/partial,bec_encode,1023,977,0,1,25.183309971
msmarco-keyset--of/partial,bec_encode,1023,977,1,1,25.106299232
msmarco-keyset--of/partial,bec_encode,1023,977,2,1,25.127507451
msmarco-keyset--of/partial,bec_encode,1023,977,3,1,25.148342473
msmarco-keyset--of/partial,bec_encode,1023,977,4,1,25.151423103
msmarco-keyset--of/partial,calico_encode,1023,977,0,1,32.404482971
msmarco-keyset--of/partial,calico_encode,1023,977,1,1,32.411403633
msmarco-keyset--of/partial,calico_encode,1023,977,2,1,32.406913257
msmarco-keyset--of/partial,calico_encode,1023,977,3,1,32.400824036
msmarco-keyset--of/partial,calico_encode,1023,977,4,1,32.396201591
msmarco-keyset--of/partial,bec_decode,1023,977,0,1,83.523353854
msmarco-keyset--of/partial,bec_decode,1023,977,1,1,83.566285565
msmarco-keyset--of/partial,bec_decode,1023,977,2,1,83.552065042
msmarco-keyset--of/partial,bec_decode,1023,977,3,1,83.543955753
msmarco-keyset--of/partial,bec_decode,1023,977,4,1,83.583729793
msmarco-keyset--of/partial,calico_decode,1023,977,0,1,85.022555932
msmarco-keyset--of/partial,calico_decode,1023,977,1,1,85.018066557
msmarco-keyset--of/partial,calico_decode,1023,977,2,1,85.006327347
msmarco-keyset--of/partial,calico_decode,1023,977,3,1,85.051138052
msmarco-keyset--of/partial,calico_decode,1023,977,4,1,84.978968875
msmarco-keyset--of/all,bec_encode,1024,976,0,1,25.129132380
msmarco-keyset--of/all,bec_encode,1024,976,1,1,25.140838123
msmarco-keyset--of/all,bec_encode,1024,976,2,1,25.129776751
msmarco-keyset--of/all,bec_encode,1024,976,3,1,25.154312884
msmarco-keyset--of/all,bec_encode,1024,976,4,1,24.814742292
msmarco-keyset--of/all,calico_encode,1024,976,0,1,32.452516650
msmarco-keyset--of/all,calico_encode,1024,976,1,1,32.448633413
msmarco-keyset--of/all,calico_encode,1024,976,2,1,32.441593358
msmarco-keyset--of/all,calico_encode,1024,976,3,1,32.431732678
msmarco-keyset--of/all,calico_encode,1024,976,4,1,32.448937588
msmarco-keyset--of/all,bec_decode,1024,976,0,1,83.606827533
msmarco-keyset--of/all,bec_decode,1024,976,1,1,83.628767170
msmarco-keyset--of/all,bec_decode,1024,976,2,1,83.598435699
msmarco-keyset--of/all,bec_decode,1024,976,3,1,83.578812396
msmarco-keyset--of/all,bec_decode,1024,976,4,1,83.572437724
msmarco-keyset--of/all,calico_decode,1024,976,0,1,84.930789135
msmarco-keyset--of/all,calico_decode,1024,976,1,1,84.939139945
msmarco-keyset--of/all,calico_decode,1024,976,2,1,84.939721279
msmarco-keyset--of/all,calico_decode,1024,976,3,1,84.967917520
msmarco-keyset--of/all,calico_decode,1024,976,4,1,84.943949715
msmarco-keyset--s/partial,bec_encode,1024,976,0,1,25.091860912
msmarco-keyset--s/partial,bec_encode,1024,976,1,1,25.099369237
msmarco-keyset--s/partial,bec_encode,1024,976,2,1,25.085036981
msmarco-keyset--s/partial,bec_encode,1024,976,3,1,25.129074347
msmarco-keyset--s/partial,bec_encode,1024,976,4,1,25.085485239
msmarco-keyset--s/partial,calico_encode,1024,976,0,1,32.412083360
msmarco-keyset--s/partial,calico_encode,1024,976,1,1,32.372741699
msmarco-keyset--s/partial,calico_encode,1024,976,2,1,32.375623359
msmarco-keyset--s/partial,calico_encode,1024,976,3,1,32.344157235
msmarco-keyset--s/partial,calico_encode,1024,976,4,1,32.399346023
msmarco-keyset--s/partial,bec_decode,1024,976,0,1,83.561866635
msmarco-keyset--s/partial,bec_decode,1024,976,1,1,83.602354956
msmarco-keyset--s/partial,bec_decode,1024,976,2,1,83.565247583
msmarco-keyset--s/partial,bec_decode,1024,976,3,1,83.558627770
msmarco-keyset--s/partial,bec_decode,1024,976,4,1,83.587075155
msmarco-keyset--s/partial,calico_decode,1024,976,0,1,86.311951684
msmarco-keyset--s/partial,calico_decode,1024,976,1,1,84.982773077
msmarco-keyset--s/partial,calico_decode,1024,976,2,1,85.037567639
msmarco-keyset--s/partial,calico_decode,1024,976,3,1,85.086629899
msmarco-keyset--s/partial,calico_decode,1024,976,4,1,85.021541408
msmarco-keyset--s/all,bec_encode,1024,976,0,1,25.109308962
msmarco-keyset--s/all,bec_encode,1024,976,1,1,25.148742676
msmarco-keyset--s/all,bec_encode,1024,976,2,1,25.107786085
msmarco-keyset--s/all,bec_encode,1024,976,3,1,25.037878818
msmarco-keyset--s/all,bec_encode,1024,976,4,1,24.892738217
msmarco-keyset--s/all,calico_encode,1024,976,0,1,32.375330190
msmarco-keyset--s/all,calico_encode,1024,976,1,1,32.360051390
msmarco-keyset--s/all,calico_encode,1024,976,2,1,32.369543857
msmarco-keyset--s/all,calico_encode,1024,976,3,1,32.358291376
msmarco-keyset--s/all,calico_encode,1024,976,4,1,32.347711282
msmarco-keyset--s/all,bec_decode,1024,976,0,1,83.580647453
msmarco-keyset--s/all,bec_decode,1024,976,1,1,83.548043673
msmarco-keyset--s/all,bec_decode,1024,976,2,1,83.571101955
msmarco-keyset--s/all,bec_decode,1024,976,3,1,83.542629555
msmarco-keyset--s/all,bec_decode,1024,976,4,1,83.589526567
msmarco-keyset--s/all,calico_decode,1024,976,0,1,85.023182353
msmarco-keyset--s/all,calico_decode,1024,976,1,1,84.988161181
msmarco-keyset--s/all,calico_decode,1024,976,2,1,85.083999384
msmarco-keyset--s/all,calico_decode,1024,976,3,1,85.009549501
msmarco-keyset--s/all,calico_decode,1024,976,4,1,85.015562964
msmarco-keyset--services/partial,bec_encode,945,1058,0,1,25.042329043
msmarco-keyset--services/partial,bec_encode,945,1058,1,1,25.062032786
msmarco-keyset--services/partial,bec_encode,945,1058,2,1,25.035007651
msmarco-keyset--services/partial,bec_encode,945,1058,3,1,25.090988288
msmarco-keyset--services/partial,bec_encode,945,1058,4,1,25.049649433
msmarco-keyset--services/partial,calico_encode,945,1058,0,1,31.650710635
msmarco-keyset--services/partial,calico_encode,945,1058,1,1,31.629296566
msmarco-keyset--services/partial,calico_encode,945,1058,2,1,31.638984407
msmarco-keyset--services/partial,calico_encode,945,1058,3,1,31.636102860
msmarco-keyset--services/partial,calico_encode,945,1058,4,1,31.619665736
msmarco-keyset--services/partial,bec_decode,945,1058,0,1,83.611454176
msmarco-keyset--services/partial,bec_decode,945,1058,1,1,83.572674808
msmarco-keyset--services/partial,bec_decode,945,1058,2,1,83.582910753
msmarco-keyset--services/partial,bec_decode,945,1058,3,1,83.550764645
msmarco-keyset--services/partial,bec_decode,945,1058,4,1,83.533735410
msmarco-keyset--services/partial,calico_decode,945,1058,0,1,84.919102629
msmarco-keyset--services/partial,calico_decode,945,1058,1,1,84.915080865
msmarco-keyset--services/partial,calico_decode,945,1058,2,1,84.916752183
msmarco-keyset--services/partial,calico_decode,945,1058,3,1,84.888933897
msmarco-keyset--services/partial,calico_decode,945,1058,4,1,84.882193617
msmarco-keyset--services/all,bec_encode,1024,976,0,1,24.906088907
msmarco-keyset--services/all,bec_encode,1024,976,1,1,25.153093182
msmarco-keyset--services/all,bec_encode,1024,976,2,1,25.112826988
msmarco-keyset--services/all,bec_encode,1024,976,3,1,25.080231213
msmarco-keyset--services/all,bec_encode,1024,976,4,1,24.978078373
msmarco-keyset--services/all,calico_encode,1024,976,0,1,31.679022117
msmarco-keyset--services/all,calico_encode,1024,976,1,1,31.644042969
msmarco-keyset--services/all,calico_encode,1024,976,2,1,31.677533259
msmarco-keyset--services/all,calico_encode,1024,976,3,1,31.649519123
msmarco-keyset--services/all,calico_encode,1024,976,4,1,31.638642858
msmarco-keyset--services/all,bec_decode,1024,976,0,1,83.561759574
msmarco-keyset--services/all,bec_decode,1024,976,1,1,83.537103372
msmarco-keyset--services/all,bec_decode,1024,976,2,1,83.564826340
msmarco-keyset--services/all,bec_decode,1024,976,3,1,83.553281690
msmarco-keyset--services/all,bec_decode,1024,976,4,1,83.561078181
msmarco-keyset--services/all,calico_decode,1024,976,0,1,84.971238433
msmarco-keyset--services/all,calico_decode,1024,976,1,1,84.984057817
msmarco-keyset--services/all,calico_decode,1024,976,2,1,85.007905554
msmarco-keyset--services/all,calico_decode,1024,976,3,1,85.005045906
msmarco-keyset--services/all,calico_decode,1024,976,4,1,84.955072122
msmarco-keyset--system/partial,bec_encode,1016,984,0,1,25.089540922
msmarco-keyset--system/partial,bec_encode,1016,984,1,1,25.094034073
msmarco-keyset--system/partial,bec_encode,1016,984,2,1,25.074692121
msmarco-keyset--system/partial,bec_encode,1016,984,3,1,25.126125288
msmarco-keyset--system/partial,bec_encode,1016,984,4,1,25.089903015
msmarco-keyset--system/partial,calico_encode,1016,984,0,1,31.655211734
msmarco-keyset--system/partial,calico_encode,1016,984,1,1,31.673227346
msmarco-keyset--system/partial,calico_encode,1016,984,2,1,31.661088239
msmarco-keyset--system/partial,calico_encode,1016,984,3,1,31.639396686
msmarco-keyset--system/partial,calico_encode,1016,984,4,1,31.631658705
msmarco-keyset--system/partial,bec_decode,1016,984,0,1,83.551431166
msmarco-keyset--system/partial,bec_decode,1016,984,1,1,83.532536329
msmarco-keyset--system/partial,bec_decode,1016,984,2,1,83.545863741
msmarco-keyset--system/partial,bec_decode,1016,984,3,1,83.695396021
msmarco-keyset--system/partial,bec_decode,1016,984,4,1,83.655932919
msmarco-keyset--system/partial,calico_decode,1016,984,0,1,84.964100810
msmarco-keyset--system/partial,calico_decode,1016,984,1,1,84.948754881
msmarco-keyset--system/partial,calico_decode,1016,984,2,1,85.036865438
msmarco-keyset--system/partial,calico_decode,1016,984,3,1,84.950186248
msmarco-keyset--system/partial,calico_decode,1016,984,4,1,84.951538594
msmarco-keyset--system/all,bec_encode,1024,976,0,1,25.190606790
msmarco-keyset--system/all,bec_encode,1024,976,1,1,25.138172587
msmarco-keyset--system/all,bec_encode,1024,976,2,1,25.109450043
msmarco-keyset--system/all,bec_encode,1024,976,3,1,25.104947450
msmarco-keyset--system/all,bec_encode,1024,976,4,1,25.123660228
msmarco-keyset--system/all,calico_encode,1024,976,0,1,31.656261006
msmarco-keyset--system/all,calico_encode,1024,976,1,1,31.628523029
msmarco-keyset--system/all,calico_encode,1024,976,2,1,31.643524670
msmarco-keyset--system/all,calico_encode,1024,976,3,1,31.638261639
msmarco-keyset--system/all,calico_encode,1024,976,4,1,31.622245413
msmarco-keyset--system/all,bec_decode,1024,976,0,1,83.639895580
msmarco-keyset--system/all,bec_decode,1024,976,1,1,83.579496790
msmarco-keyset--system/all,bec_decode,1024,976,2,1,83.575192311
msmarco-keyset--system/all,bec_decode,1024,976,3,1,83.570500608
msmarco-keyset--system/all,bec_decode,1024,976,4,1,83.564331055
msmarco-keyset--system/all,calico_decode,1024,976,0,1,84.928843014
msmarco-keyset--system/all,calico_decode,1024,976,1,1,84.917871694
msmarco-keyset--system/all,calico_decode,1024,976,2,1,84.952859847
msmarco-keyset--system/all,calico_decode,1024,976,3,1,84.907888944
msmarco-keyset--system/all,calico_decode,1024,976,4,1,84.913053919
msmarco-keyset--the/partial,bec_encode,1024,976,0,1,25.104345103
msmarco-keyset--the/partial,bec_encode,1024,976,1,1,25.081109719
msmarco-keyset--the/partial,bec_encode,1024,976,2,1,25.133589948
msmarco-keyset--the/partial,bec_encode,1024,976,3,1,25.086956087
msmarco-keyset--the/partial,bec_encode,1024,976,4,1,25.089790719
msmarco-keyset--the/partial,calico_encode,1024,976,0,1,31.749316606
msmarco-keyset--the/partial,calico_encode,1024,976,1,1,31.714786717
msmarco-keyset--the/partial,calico_encode,1024,976,2,1,31.718859063
msmarco-keyset--the/partial,calico_encode,1024,976,3,1,31.714021276
msmarco-keyset--the/partial,calico_encode,1024,976,4,1,31.709534692
msmarco-keyset--the/partial,bec_decode,1024,976,0,1,83.643329558
msmarco-keyset--the/partial,bec_decode,1024,976,1,1,83.539459729
msmarco-keyset--the/partial,bec_decode,1024,976,2,1,83.553270684
msmarco-keyset--the/partial,bec_decode,1024,976,3,1,83.574775070
msmarco-keyset--the/partial,bec_decode,1024,976,4,1,83.545231053
msmarco-keyset--the/partial,calico_decode,1024,976,0,1,84.933905930
msmarco-keyset--the/partial,calico_decode,1024,976,1,1,84.981695457
msmarco-keyset--the/partial,calico_decode,1024,976,2,1,84.985716773
msmarco-keyset--the/partial,calico_decode,1024,976,3,1,84.979115971
msmarco-keyset--the/partial,calico_decode,1024,976,4,1,84.963468958
msmarco-keyset--the/all,bec_encode,1024,976,0,1,25.249444680
msmarco-keyset--the/all,bec_encode,1024,976,1,1,25.118925501
msmarco-keyset--the/all,bec_encode,1024,976,2,1,25.110069400
msmarco-keyset--the/all,bec_encode,1024,976,3,1,25.119699947
msmarco-keyset--the/all,bec_encode,1024,976,4,1,25.076521076
msmarco-keyset--the/all,calico_encode,1024,976,0,1,31.716190526
msmarco-keyset--the/all,calico_encode,1024,976,1,1,31.716007420
msmarco-keyset--the/all,calico_encode,1024,976,2,1,31.698039071
msmarco-keyset--the/all,calico_encode,1024,976,3,1,31.705187188
msmarco-keyset--the/all,calico_encode,1024,976,4,1,31.702540663
msmarco-keyset--the/all,bec_decode,1024,976,0,1,83.555156770
msmarco-keyset--the/all,bec_decode,1024,976,1,1,83.536867236
msmarco-keyset--the/all,bec_decode,1024,976,2,1,83.573513344
msmarco-keyset--the/all,bec_decode,1024,976,3,1,83.597847360
msmarco-keyset--the/all,bec_decode,1024,976,4,1,83.567687988
msmarco-keyset--the/all,calico_decode,1024,976,0,1,84.967753426
msmarco-keyset--the/all,calico_decode,1024,976,1,1,85.072799933
msmarco-keyset--the/all,calico_decode,1024,976,2,1,84.961295706
msmarco-keyset--the/all,calico_decode,1024,976,3,1,84.979464171
msmarco-keyset--the/all,calico_decode,1024,976,4,1,84.958451068
msmarco-keyset--to/partial,bec_encode,1024,976,0,1,25.125527304
msmarco-keyset--to/partial,bec_encode,1024,976,1,1,25.099080070
msmarco-keyset--to/partial,bec_encode,1024,976,2,1,25.104883413
msmarco-keyset--to/partial,bec_encode,1024,976,3,1,25.093741995
msmarco-keyset--to/partial,bec_encode,1024,976,4,1,25.108308386
msmarco-keyset--to/partial,calico_encode,1024,976,0,1,33.123165944
msmarco-keyset--to/partial,calico_encode,1024,976,1,1,33.120919650
msmarco-keyset--to/partial,calico_encode,1024,976,2,1,33.107782082
msmarco-keyset--to/partial,calico_encode,1024,976,3,1,33.163631252
msmarco-keyset--to/partial,calico_encode,1024,976,4,1,33.137813381
msmarco-keyset--to/partial,bec_decode,1024,976,0,1,83.605640849
msmarco-keyset--to/partial,bec_decode,1024,976,1,1,83.568877674
msmarco-keyset--to/partial,bec_decode,1024,976,2,1,83.560329750
msmarco-keyset--to/partial,bec_decode,1024,976,3,1,83.569283908
msmarco-keyset--to/partial,bec_decode,1024,976,4,1,83.564838347
msmarco-keyset--to/partial,calico_decode,1024,976,0,1,84.945694720
msmarco-keyset--to/partial,calico_decode,1024,976,1,1,84.925949347
msmarco-keyset--to/partial,calico_decode,1024,976,2,1,84.924136303
msmarco-keyset--to/partial,calico_decode,1024,976,3,1,84.934711394
msmarco-keyset--to/partial,calico_decode,1024,976,4,1,84.956620013
msmarco-keyset--to/all,bec_encode,1024,976,0,1,25.052964508
msmarco-keyset--to/all,bec_encode,1024,976,1,1,25.144681336
msmarco-keyset--to/all,bec_encode,1024,976,2,1,25.314852355
msmarco-keyset--to/all,bec_encode,1024,976,3,1,25.108819680
msmarco-keyset--to/all,bec_encode,1024,976,4,1,25.141037237
msmarco-keyset--to/all,calico_encode,1024,976,0,1,33.138719903
msmarco-keyset--to/all,calico_encode,1024,976,1,1,33.136248479
msmarco-keyset--to/all,calico_encode,1024,976,2,1,33.144547259
msmarco-keyset--to/all,calico_encode,1024,976,3,1,33.129909828
msmarco-keyset--to/all,calico_encode,1024,976,4,1,33.140996214
msmarco-keyset--to/all,bec_decode,1024,976,0,1,83.569311924
msmarco-keyset--to/all,bec_decode,1024,976,1,1,83.571043921
msmarco-keyset--to/all,bec_decode,1024,976,2,1,83.595888232
msmarco-keyset--to/all,bec_decode,1024,976,3,1,83.566740442
msmarco-keyset--to/all,bec_decode,1024,976,4,1,83.571574227
msmarco-keyset--to/all,calico_decode,1024,976,0,1,85.035437412
msmarco-keyset--to/all,calico_decode,1024,976,1,1,85.067146676
msmarco-keyset--to/all,calico_decode,1024,976,2,1,85.021000096
msmarco-keyset--to/all,calico_decode,1024,976,3,1,84.987602859
msmarco-keyset--to/all,calico_decode,1024,976,4,1,84.950624560
real-roaring--census-income/partial,bec_encode,574,1742,0,1,24.758987827
real-roaring--census-income/partial,bec_encode,574,1742,1,1,24.770975930
real-roaring--census-income/partial,bec_encode,574,1742,2,1,24.772066030
real-roaring--census-income/partial,bec_encode,574,1742,3,1,24.765627438
real-roaring--census-income/partial,bec_encode,574,1742,4,1,24.765365414
real-roaring--census-income/partial,calico_encode,574,1742,0,1,31.808862415
real-roaring--census-income/partial,calico_encode,574,1742,1,1,31.807378279
real-roaring--census-income/partial,calico_encode,574,1742,2,1,31.799428547
real-roaring--census-income/partial,calico_encode,574,1742,3,1,31.834281754
real-roaring--census-income/partial,calico_encode,574,1742,4,1,31.815783052
real-roaring--census-income/partial,bec_decode,574,1742,0,1,83.569601403
real-roaring--census-income/partial,bec_decode,574,1742,1,1,83.606035755
real-roaring--census-income/partial,bec_decode,574,1742,2,1,83.617943851
real-roaring--census-income/partial,bec_decode,574,1742,3,1,83.601322322
real-roaring--census-income/partial,bec_decode,574,1742,4,1,83.583873716
real-roaring--census-income/partial,calico_decode,574,1742,0,1,85.034693192
real-roaring--census-income/partial,calico_decode,574,1742,1,1,84.983438476
real-roaring--census-income/partial,calico_decode,574,1742,2,1,84.966113882
real-roaring--census-income/partial,calico_decode,574,1742,3,1,84.928012377
real-roaring--census-income/partial,calico_decode,574,1742,4,1,85.000861079
real-roaring--census-income/all,bec_encode,1024,976,0,1,25.129804768
real-roaring--census-income/all,bec_encode,1024,976,1,1,25.121757132
real-roaring--census-income/all,bec_encode,1024,976,2,1,25.104239042
real-roaring--census-income/all,bec_encode,1024,976,3,1,25.140947186
real-roaring--census-income/all,bec_encode,1024,976,4,1,25.110021372
real-roaring--census-income/all,calico_encode,1024,976,0,1,31.784546899
real-roaring--census-income/all,calico_encode,1024,976,1,1,31.812247855
real-roaring--census-income/all,calico_encode,1024,976,2,1,31.796969054
real-roaring--census-income/all,calico_encode,1024,976,3,1,31.817279753
real-roaring--census-income/all,calico_encode,1024,976,4,1,31.823719462
real-roaring--census-income/all,bec_decode,1024,976,0,1,83.565642810
real-roaring--census-income/all,bec_decode,1024,976,1,1,83.556054287
real-roaring--census-income/all,bec_decode,1024,976,2,1,83.581711066
real-roaring--census-income/all,bec_decode,1024,976,3,1,83.535425405
real-roaring--census-income/all,bec_decode,1024,976,4,1,83.543350970
real-roaring--census-income/all,calico_decode,1024,976,0,1,84.973421691
real-roaring--census-income/all,calico_decode,1024,976,1,1,84.961911061
real-roaring--census-income/all,calico_decode,1024,976,2,1,84.920638288
real-roaring--census-income/all,calico_decode,1024,976,3,1,84.912598657
real-roaring--census-income/all,calico_decode,1024,976,4,1,85.018294538
real-roaring--census-income_srt/partial,bec_encode,199,5025,0,1,24.289910248
real-roaring--census-income_srt/partial,bec_encode,199,5025,1,1,24.272817820
real-roaring--census-income_srt/partial,bec_encode,199,5025,2,1,24.305747644
real-roaring--census-income_srt/partial,bec_encode,199,5025,3,1,24.271931798
real-roaring--census-income_srt/partial,bec_encode,199,5025,4,1,24.264056601
real-roaring--census-income_srt/partial,calico_encode,199,5025,0,1,31.567256181
real-roaring--census-income_srt/partial,calico_encode,199,5025,1,1,31.575308383
real-roaring--census-income_srt/partial,calico_encode,199,5025,2,1,31.571318283
real-roaring--census-income_srt/partial,calico_encode,199,5025,3,1,31.561138028
real-roaring--census-income_srt/partial,calico_encode,199,5025,4,1,31.573225331
real-roaring--census-income_srt/partial,bec_decode,199,5025,0,1,83.518515963
real-roaring--census-income_srt/partial,bec_decode,199,5025,1,1,83.545409635
real-roaring--census-income_srt/partial,bec_decode,199,5025,2,1,83.520376009
real-roaring--census-income_srt/partial,bec_decode,199,5025,3,1,83.522890072
real-roaring--census-income_srt/partial,bec_decode,199,5025,4,1,83.525594140
real-roaring--census-income_srt/partial,calico_decode,199,5025,0,1,84.916819920
real-roaring--census-income_srt/partial,calico_decode,199,5025,1,1,84.860328508
real-roaring--census-income_srt/partial,calico_decode,199,5025,2,1,84.864066602
real-roaring--census-income_srt/partial,calico_decode,199,5025,3,1,84.829530738
real-roaring--census-income_srt/partial,calico_decode,199,5025,4,1,84.842153054
real-roaring--census-income_srt/all,bec_encode,1024,976,0,1,25.095888232
real-roaring--census-income_srt/all,bec_encode,1024,976,1,1,25.111257084
real-roaring--census-income_srt/all,bec_encode,1024,976,2,1,24.982549949
real-roaring--census-income_srt/all,bec_encode,1024,976,3,1,24.905283443
real-roaring--census-income_srt/all,bec_encode,1024,976,4,1,24.872288438
real-roaring--census-income_srt/all,calico_encode,1024,976,0,1,31.640488922
real-roaring--census-income_srt/all,calico_encode,1024,976,1,1,31.659268739
real-roaring--census-income_srt/all,calico_encode,1024,976,2,1,31.636676726
real-roaring--census-income_srt/all,calico_encode,1024,976,3,1,31.625135078
real-roaring--census-income_srt/all,calico_encode,1024,976,4,1,31.630948426
real-roaring--census-income_srt/all,bec_decode,1024,976,0,1,83.568867668
real-roaring--census-income_srt/all,bec_decode,1024,976,1,1,83.581172756
real-roaring--census-income_srt/all,bec_decode,1024,976,2,1,83.637036933
real-roaring--census-income_srt/all,bec_decode,1024,976,3,1,83.572923004
real-roaring--census-income_srt/all,bec_decode,1024,976,4,1,83.579044530
real-roaring--census-income_srt/all,calico_decode,1024,976,0,1,85.040645412
real-roaring--census-income_srt/all,calico_decode,1024,976,1,1,84.917200307
real-roaring--census-income_srt/all,calico_decode,1024,976,2,1,84.905840764
real-roaring--census-income_srt/all,calico_decode,1024,976,3,1,84.932830310
real-roaring--census-income_srt/all,calico_decode,1024,976,4,1,84.974792480
real-roaring--census1881/partial,bec_encode,580,1724,0,1,24.750274022
real-roaring--census1881/partial,bec_encode,580,1724,1,1,24.758862709
real-roaring--census1881/partial,bec_encode,580,1724,2,1,24.688077046
real-roaring--census1881/partial,bec_encode,580,1724,3,1,24.757274582
real-roaring--census1881/partial,bec_encode,580,1724,4,1,24.761317905
real-roaring--census1881/partial,calico_encode,580,1724,0,1,31.585877870
real-roaring--census1881/partial,calico_encode,580,1724,1,1,31.590833267
real-roaring--census1881/partial,calico_encode,580,1724,2,1,31.656448516
real-roaring--census1881/partial,calico_encode,580,1724,3,1,31.590666253
real-roaring--census1881/partial,calico_encode,580,1724,4,1,31.596871750
real-roaring--census1881/partial,bec_decode,580,1724,0,1,83.589630170
real-roaring--census1881/partial,bec_decode,580,1724,1,1,83.576780142
real-roaring--census1881/partial,bec_decode,580,1724,2,1,83.568323466
real-roaring--census1881/partial,bec_decode,580,1724,3,1,83.563074046
real-roaring--census1881/partial,bec_decode,580,1724,4,1,83.581842547
real-roaring--census1881/partial,calico_decode,580,1724,0,1,85.460093808
real-roaring--census1881/partial,calico_decode,580,1724,1,1,84.970628650
real-roaring--census1881/partial,calico_decode,580,1724,2,1,84.958273662
real-roaring--census1881/partial,calico_decode,580,1724,3,1,84.993484479
real-roaring--census1881/partial,calico_decode,580,1724,4,1,84.989923194
real-roaring--census1881/all,bec_encode,1024,976,0,1,25.129745734
real-roaring--census1881/all,bec_encode,1024,976,1,1,25.116162910
real-roaring--census1881/all,bec_encode,1024,976,2,1,25.110460625
real-roaring--census1881/all,bec_encode,1024,976,3,1,25.113260238
real-roaring--census1881/all,bec_encode,1024,976,4,1,25.119647917
real-roaring--census1881/all,calico_encode,1024,976,0,1,31.638698891
real-roaring--census1881/all,calico_encode,1024,976,1,1,31.675631164
real-roaring--census1881/all,calico_encode,1024,976,2,1,31.658493292
real-roaring--census1881/all,calico_encode,1024,976,3,1,31.636579670
real-roaring--census1881/all,calico_encode,1024,976,4,1,31.647552991
real-roaring--census1881/all,bec_decode,1024,976,0,1,83.556315438
real-roaring--census1881/all,bec_decode,1024,976,1,1,83.588753122
real-roaring--census1881/all,bec_decode,1024,976,2,1,83.576250921
real-roaring--census1881/all,bec_decode,1024,976,3,1,83.544740771
real-roaring--census1881/all,bec_decode,1024,976,4,1,83.588788142
real-roaring--census1881/all,calico_decode,1024,976,0,1,84.919677734
real-roaring--census1881/all,calico_decode,1024,976,1,1,84.921628858
real-roaring--census1881/all,calico_decode,1024,976,2,1,84.913525191
real-roaring--census1881/all,calico_decode,1024,976,3,1,84.906155946
real-roaring--census1881/all,calico_decode,1024,976,4,1,84.928373743
real-roaring--census1881_srt/partial,bec_encode,33,30303,0,1,24.258219258
real-roaring--census1881_srt/partial,bec_encode,33,30303,1,1,24.269848270
real-roaring--census1881_srt/partial,bec_encode,33,30303,2,1,24.254403254
real-roaring--census1881_srt/partial,bec_encode,33,30303,3,1,24.253560254
real-roaring--census1881_srt/partial,bec_encode,33,30303,4,1,24.268101268
real-roaring--census1881_srt/partial,calico_encode,33,30303,0,1,31.575120575
real-roaring--census1881_srt/partial,calico_encode,33,30303,1,1,31.572975573
real-roaring--census1881_srt/partial,calico_encode,33,30303,2,1,31.547499547
real-roaring--census1881_srt/partial,calico_encode,33,30303,3,1,31.541604542
real-roaring--census1881_srt/partial,calico_encode,33,30303,4,1,31.548820549
real-roaring--census1881_srt/partial,bec_decode,33,30303,0,1,83.532484532
real-roaring--census1881_srt/partial,bec_decode,33,30303,1,1,83.544678545
real-roaring--census1881_srt/partial,bec_decode,33,30303,2,1,83.529511530
real-roaring--census1881_srt/partial,bec_decode,33,30303,3,1,83.523889524
real-roaring--census1881_srt/partial,bec_decode,33,30303,4,1,83.511459511
real-roaring--census1881_srt/partial,calico_decode,33,30303,0,1,84.854596855
real-roaring--census1881_srt/partial,calico_decode,33,30303,1,1,84.831479831
real-roaring--census1881_srt/partial,calico_decode,33,30303,2,1,84.812716813
real-roaring--census1881_srt/partial,calico_decode,33,30303,3,1,84.826130826
real-roaring--census1881_srt/partial,calico_decode,33,30303,4,1,84.810384810
real-roaring--census1881_srt/all,bec_encode,1024,976,0,1,25.200737625
real-roaring--census1881_srt/all,bec_encode,1024,976,1,1,25.167144275
real-roaring--census1881_srt/all,bec_encode,1024,976,2,1,25.123571177
real-roaring--census1881_srt/all,bec_encode,1024,976,3,1,25.180404913
real-roaring--census1881_srt/all,bec_encode,1024,976,4,1,25.216767858
real-roaring--census1881_srt/all,calico_encode,1024,976,0,1,31.761671723
real-roaring--census1881_srt/all,calico_encode,1024,976,1,1,31.774433073
real-roaring--census1881_srt/all,calico_encode,1024,976,2,1,31.754777752
real-roaring--census1881_srt/all,calico_encode,1024,976,3,1,31.651906498
real-roaring--census1881_srt/all,calico_encode,1024,976,4,1,31.692989162
real-roaring--census1881_srt/all,bec_decode,1024,976,0,1,83.543246910
real-roaring--census1881_srt/all,bec_decode,1024,976,1,1,83.546139576
real-roaring--census1881_srt/all,bec_decode,1024,976,2,1,83.526271132
real-roaring--census1881_srt/all,bec_decode,1024,976,3,1,83.520366731
real-roaring--census1881_srt/all,bec_decode,1024,976,4,1,83.558326596
real-roaring--census1881_srt/all,calico_decode,1024,976,0,1,84.899421067
real-roaring--census1881_srt/all,calico_decode,1024,976,1,1,84.901621334
real-roaring--census1881_srt/all,calico_decode,1024,976,2,1,84.983176310
real-roaring--census1881_srt/all,calico_decode,1024,976,3,1,86.601077220
real-roaring--census1881_srt/all,calico_decode,1024,976,4,1,85.060911085
real-roaring--dimension_003/partial,bec_encode,3,333333,0,1,24.286240286
real-roaring--dimension_003/partial,bec_encode,3,333333,1,1,24.305520306
real-roaring--dimension_003/partial,bec_encode,3,333333,2,1,24.287652288
real-roaring--dimension_003/partial,bec_encode,3,333333,3,1,24.285952286
real-roaring--dimension_003/partial,bec_encode,3,333333,4,1,24.300010300
real-roaring--dimension_003/partial,calico_encode,3,333333,0,1,31.662053662
real-roaring--dimension_003/partial,calico_encode,3,333333,1,1,31.691015691
real-roaring--dimension_003/partial,calico_encode,3,333333,2,1,31.689800690
real-roaring--dimension_003/partial,calico_encode,3,333333,3,1,31.685426685
real-roaring--dimension_003/partial,calico_encode,3,333333,4,1,31.697953698
real-roaring--dimension_003/partial,bec_decode,3,333333,0,1,83.708351708
real-roaring--dimension_003/partial,bec_decode,3,333333,1,1,83.661239661
real-roaring--dimension_003/partial,bec_decode,3,333333,2,1,83.653223653
real-roaring--dimension_003/partial,bec_decode,3,333333,3,1,83.670544671
real-roaring--dimension_003/partial,bec_decode,3,333333,4,1,83.716101716
real-roaring--dimension_003/partial,calico_decode,3,333333,0,1,85.027142027
real-roaring--dimension_003/partial,calico_decode,3,333333,1,1,85.017498017
real-roaring--dimension_003/partial,calico_decode,3,333333,2,1,85.030500031
real-roaring--dimension_003/partial,calico_decode,3,333333,3,1,85.042077042
real-roaring--dimension_003/partial,calico_decode,3,333333,4,1,85.022087022
real-roaring--dimension_003/all,bec_encode,1024,976,0,1,25.112875016
real-roaring--dimension_003/all,bec_encode,1024,976,1,1,25.134214307
real-roaring--dimension_003/all,bec_encode,1024,976,2,1,25.108159300
real-roaring--dimension_003/all,bec_encode,1024,976,3,1,24.955504371
real-roaring--dimension_003/all,bec_encode,1024,976,4,1,24.909868084
real-roaring--dimension_003/all,calico_encode,1024,976,0,1,31.717835473
real-roaring--dimension_003/all,calico_encode,1024,976,1,1,31.717190101
real-roaring--dimension_003/all,calico_encode,1024,976,2,1,31.720006724
real-roaring--dimension_003/all,calico_encode,1024,976,3,1,31.713693087
real-roaring--dimension_003/all,calico_encode,1024,976,4,1,31.648004250
real-roaring--dimension_003/all,bec_decode,1024,976,0,1,83.575453461
real-roaring--dimension_003/all,bec_decode,1024,976,1,1,83.622518571
real-roaring--dimension_003/all,bec_decode,1024,976,2,1,83.571731317
real-roaring--dimension_003/all,bec_decode,1024,976,3,1,83.548475922
real-roaring--dimension_003/all,bec_decode,1024,976,4,1,83.639263216
real-roaring--dimension_003/all,calico_decode,1024,976,0,1,84.950383421
real-roaring--dimension_003/all,calico_decode,1024,976,1,1,84.931522557
real-roaring--dimension_003/all,calico_decode,1024,976,2,1,84.956527960
real-roaring--dimension_003/all,calico_decode,1024,976,3,1,84.927115018
real-roaring--dimension_003/all,calico_decode,1024,976,4,1,84.902609903
real-roaring--dimension_008/partial,bec_encode,6,166666,0,1,24.297081188
real-roaring--dimension_008/partial,bec_encode,6,166666,1,1,24.292207169
real-roaring--dimension_008/partial,bec_encode,6,166666,2,1,24.321935288
real-roaring--dimension_008/partial,bec_encode,6,166666,3,1,24.305820223
real-roaring--dimension_008/partial,bec_encode,6,166666,4,1,24.331093324
real-roaring--dimension_008/partial,calico_encode,6,166666,0,1,31.631469526
real-roaring--dimension_008/partial,calico_encode,6,166666,1,1,31.603590414
real-roaring--dimension_008/partial,calico_encode,6,166666,2,1,31.612608450
real-roaring--dimension_008/partial,calico_encode,6,166666,3,1,31.622175489
real-roaring--dimension_008/partial,calico_encode,6,166666,4,1,31.591118364
real-roaring--dimension_008/partial,bec_decode,6,166666,0,1,83.583065332
real-roaring--dimension_008/partial,bec_decode,6,166666,1,1,83.587387350
real-roaring--dimension_008/partial,bec_decode,6,166666,2,1,83.564617258
real-roaring--dimension_008/partial,bec_decode,6,166666,3,1,83.589616358
real-roaring--dimension_008/partial,bec_decode,6,166666,4,1,83.602852411
real-roaring--dimension_008/partial,calico_decode,6,166666,0,1,84.865761463
real-roaring--dimension_008/partial,calico_decode,6,166666,1,1,84.912516650
real-roaring--dimension_008/partial,calico_decode,6,166666,2,1,84.922097688
real-roaring--dimension_008/partial,calico_decode,6,166666,3,1,84.907017628
real-roaring--dimension_008/partial,calico_decode,6,166666,4,1,84.905674623
real-roaring--dimension_008/all,bec_encode,1024,976,0,1,24.908392234
real-roaring--dimension_008/all,bec_encode,1024,976,1,1,24.900099457
real-roaring--dimension_008/all,bec_encode,1024,976,2,1,25.223453709
real-roaring--dimension_008/all,bec_encode,1024,976,3,1,25.123443103
real-roaring--dimension_008/all,bec_encode,1024,976,4,1,25.139309242
real-roaring--dimension_008/all,calico_encode,1024,976,0,1,31.642132869
real-roaring--dimension_008/all,calico_encode,1024,976,1,1,31.657114498
real-roaring--dimension_008/all,calico_encode,1024,976,2,1,31.645658900
real-roaring--dimension_008/all,calico_encode,1024,976,3,1,31.637077957
real-roaring--dimension_008/all,calico_encode,1024,976,4,1,31.651215100
real-roaring--dimension_008/all,bec_decode,1024,976,0,1,83.584267538
real-roaring--dimension_008/all,bec_decode,1024,976,1,1,83.545346119
real-roaring--dimension_008/all,bec_decode,1024,976,2,1,83.541052646
real-roaring--dimension_008/all,bec_decode,1024,976,3,1,83.595576052
real-roaring--dimension_008/all,bec_decode,1024,976,4,1,83.622642642
real-roaring--dimension_008/all,calico_decode,1024,976,0,1,84.996133773
real-roaring--dimension_008/all,calico_decode,1024,976,1,1,84.971996870
real-roaring--dimension_008/all,calico_decode,1024,976,2,1,84.975537910
real-roaring--dimension_008/all,calico_decode,1024,976,3,1,84.995853612
real-roaring--dimension_008/all,calico_decode,1024,976,4,1,84.982458896
real-roaring--dimension_033/partial,bec_encode,27,37037,0,1,24.285955286
real-roaring--dimension_033/partial,bec_encode,27,37037,1,1,24.260612261
real-roaring--dimension_033/partial,bec_encode,27,37037,2,1,24.306088306
real-roaring--dimension_033/partial,bec_encode,27,37037,3,1,24.262310262
real-roaring--dimension_033/partial,bec_encode,27,37037,4,1,24.277288277
real-roaring--dimension_033/partial,calico_encode,27,37037,0,1,31.588227588
real-roaring--dimension_033/partial,calico_encode,27,37037,1,1,31.558255558
real-roaring--dimension_033/partial,calico_encode,27,37037,2,1,31.551603552
real-roaring--dimension_033/partial,calico_encode,27,37037,3,1,31.567616568
real-roaring--dimension_033/partial,calico_encode,27,37037,4,1,31.562604563
real-roaring--dimension_033/partial,bec_decode,27,37037,0,1,83.608162608
real-roaring--dimension_033/partial,bec_decode,27,37037,1,1,83.516957517
real-roaring--dimension_033/partial,bec_decode,27,37037,2,1,83.536117536
real-roaring--dimension_033/partial,bec_decode,27,37037,3,1,83.520973521
real-roaring--dimension_033/partial,bec_decode,27,37037,4,1,83.643744644
real-roaring--dimension_033/partial,calico_decode,27,37037,0,1,84.935661936
real-roaring--dimension_033/partial,calico_decode,27,37037,1,1,84.834451834
real-roaring--dimension_033/partial,calico_decode,27,37037,2,1,84.807396807
real-roaring--dimension_033/partial,calico_decode,27,37037,3,1,84.792533793
real-roaring--dimension_033/partial,calico_decode,27,37037,4,1,84.913245913
real-roaring--dimension_033/all,bec_encode,1024,976,0,1,25.162461578
real-roaring--dimension_033/all,bec_encode,1024,976,1,1,25.117813861
real-roaring--dimension_033/all,bec_encode,1024,976,2,1,25.110780810
real-roaring--dimension_033/all,bec_encode,1024,976,3,1,25.158930544
real-roaring--dimension_033/all,bec_encode,1024,976,4,1,25.111231069
real-roaring--dimension_033/all,calico_encode,1024,976,0,1,31.721021308
real-roaring--dimension_033/all,calico_encode,1024,976,1,1,31.761293505
real-roaring--dimension_033/all,calico_encode,1024,976,2,1,31.706294826
real-roaring--dimension_033/all,calico_encode,1024,976,3,1,31.659913110
real-roaring--dimension_033/all,calico_encode,1024,976,4,1,31.642283956
real-roaring--dimension_033/all,bec_decode,1024,976,0,1,83.549553543
real-roaring--dimension_033/all,bec_decode,1024,976,1,1,83.540634405
real-roaring--dimension_033/all,bec_decode,1024,976,2,1,83.716326604
real-roaring--dimension_033/all,bec_decode,1024,976,3,1,83.565807905
real-roaring--dimension_033/all,bec_decode,1024,976,4,1,83.541424861
real-roaring--dimension_033/all,calico_decode,1024,976,0,1,84.922715484
real-roaring--dimension_033/all,calico_decode,1024,976,1,1,84.978258477
real-roaring--dimension_033/all,calico_decode,1024,976,2,1,85.029431953
real-roaring--dimension_033/all,calico_decode,1024,976,3,1,84.984899302
real-roaring--dimension_033/all,calico_decode,1024,976,4,1,84.975568928
real-roaring--uscensus2000/partial,bec_encode,9,111111,0,1,24.301977302
real-roaring--uscensus2000/partial,bec_encode,9,111111,1,1,24.284163284
real-roaring--uscensus2000/partial,bec_encode,9,111111,2,1,24.308606309
real-roaring--uscensus2000/partial,bec_encode,9,111111,3,1,24.285796286
real-roaring--uscensus2000/partial,bec_encode,9,111111,4,1,24.299173299
real-roaring--uscensus2000/partial,calico_encode,9,111111,0,1,31.626809627
real-roaring--uscensus2000/partial,calico_encode,9,111111,1,1,31.623377623
real-roaring--uscensus2000/partial,calico_encode,9,111111,2,1,31.597731598
real-roaring--uscensus2000/partial,calico_encode,9,111111,3,1,31.624387624
real-roaring--uscensus2000/partial,calico_encode,9,111111,4,1,31.578540579
real-roaring--uscensus2000/partial,bec_decode,9,111111,0,1,83.558245558
real-roaring--uscensus2000/partial,bec_decode,9,111111,1,1,83.542363542
real-roaring--uscensus2000/partial,bec_decode,9,111111,2,1,83.534561535
real-roaring--uscensus2000/partial,bec_decode,9,111111,3,1,83.566848567
real-roaring--uscensus2000/partial,bec_decode,9,111111,4,1,83.635256635
real-roaring--uscensus2000/partial,calico_decode,9,111111,0,1,84.913074913
real-roaring--uscensus2000/partial,calico_decode,9,111111,1,1,84.881047881
real-roaring--uscensus2000/partial,calico_decode,9,111111,2,1,84.884680885
real-roaring--uscensus2000/partial,calico_decode,9,111111,3,1,84.878862879
real-roaring--uscensus2000/partial,calico_decode,9,111111,4,1,84.892690893
real-roaring--uscensus2000/all,bec_encode,1024,976,0,1,25.142332984
real-roaring--uscensus2000/all,bec_encode,1024,976,1,1,25.095342918
real-roaring--uscensus2000/all,bec_encode,1024,976,2,1,25.113872591
real-roaring--uscensus2000/all,bec_encode,1024,976,3,1,25.068991739
real-roaring--uscensus2000/all,bec_encode,1024,976,4,1,24.902507845
real-roaring--uscensus2000/all,calico_encode,1024,976,0,1,31.640924172
real-roaring--uscensus2000/all,calico_encode,1024,976,1,1,31.638523790
real-roaring--uscensus2000/all,calico_encode,1024,976,2,1,31.618860464
real-roaring--uscensus2000/all,calico_encode,1024,976,3,1,31.632771476
real-roaring--uscensus2000/all,calico_encode,1024,976,4,1,31.665937580
real-roaring--uscensus2000/all,bec_decode,1024,976,0,1,83.590588179
real-roaring--uscensus2000/all,bec_decode,1024,976,1,1,83.576889288
real-roaring--uscensus2000/all,bec_decode,1024,976,2,1,83.548149734
real-roaring--uscensus2000/all,bec_decode,1024,976,3,1,83.635389985
real-roaring--uscensus2000/all,bec_decode,1024,976,4,1,83.553703933
real-roaring--uscensus2000/all,calico_decode,1024,976,0,1,84.916161709
real-roaring--uscensus2000/all,calico_decode,1024,976,1,1,84.942802054
real-roaring--uscensus2000/all,calico_decode,1024,976,2,1,84.918328957
real-roaring--uscensus2000/all,calico_decode,1024,976,3,1,84.890730061
real-roaring--uscensus2000/all,calico_decode,1024,976,4,1,84.925990370
real-roaring--weather_sept_85/partial,bec_encode,570,1754,0,1,24.778240213
real-roaring--weather_sept_85/partial,bec_encode,570,1754,1,1,24.800599132
real-roaring--weather_sept_85/partial,bec_encode,570,1754,2,1,24.779882574
real-roaring--weather_sept_85/partial,bec_encode,570,1754,3,1,24.749390866
real-roaring--weather_sept_85/partial,bec_encode,570,1754,4,1,24.283849447
real-roaring--weather_sept_85/partial,calico_encode,570,1754,0,1,31.840923003
real-roaring--weather_sept_85/partial,calico_encode,570,1754,1,1,31.822334914
real-roaring--weather_sept_85/partial,calico_encode,570,1754,2,1,31.811267479
real-roaring--weather_sept_85/partial,calico_encode,570,1754,3,1,31.827352017
real-roaring--weather_sept_85/partial,calico_encode,570,1754,4,1,31.826168757
real-roaring--weather_sept_85/partial,bec_decode,570,1754,0,1,83.554186921
real-roaring--weather_sept_85/partial,bec_decode,570,1754,1,1,83.546600252
real-roaring--weather_sept_85/partial,bec_decode,570,1754,2,1,83.541967233
real-roaring--weather_sept_85/partial,bec_decode,570,1754,3,1,83.561306487
real-roaring--weather_sept_85/partial,bec_decode,570,1754,4,1,83.551371302
real-roaring--weather_sept_85/partial,calico_decode,570,1754,0,1,84.959204025
real-roaring--weather_sept_85/partial,calico_decode,570,1754,1,1,85.010394287
real-roaring--weather_sept_85/partial,calico_decode,570,1754,2,1,84.986137950
real-roaring--weather_sept_85/partial,calico_decode,570,1754,3,1,84.966091540
real-roaring--weather_sept_85/partial,calico_decode,570,1754,4,1,84.913848047
real-roaring--weather_sept_85/all,bec_encode,1024,976,0,1,25.128283892
real-roaring--weather_sept_85/all,bec_encode,1024,976,1,1,25.117415631
real-roaring--weather_sept_85/all,bec_encode,1024,976,2,1,25.105277640
real-roaring--weather_sept_85/all,bec_encode,1024,976,3,1,24.900512695
real-roaring--weather_sept_85/all,bec_encode,1024,976,4,1,24.893127441
real-roaring--weather_sept_85/all,calico_encode,1024,976,0,1,31.792885702
real-roaring--weather_sept_85/all,calico_encode,1024,976,1,1,31.806074299
real-roaring--weather_sept_85/all,calico_encode,1024,976,2,1,31.782613786
real-roaring--weather_sept_85/all,calico_encode,1024,976,3,1,31.798156738
real-roaring--weather_sept_85/all,calico_encode,1024,976,4,1,31.884567511
real-roaring--weather_sept_85/all,bec_decode,1024,976,0,1,83.573587386
real-roaring--weather_sept_85/all,bec_decode,1024,976,1,1,83.567239730
real-roaring--weather_sept_85/all,bec_decode,1024,976,2,1,83.575524502
real-roaring--weather_sept_85/all,bec_decode,1024,976,3,1,83.624106485
real-roaring--weather_sept_85/all,bec_decode,1024,976,4,1,83.600385822
real-roaring--weather_sept_85/all,calico_decode,1024,976,0,1,84.985766802
real-roaring--weather_sept_85/all,calico_decode,1024,976,1,1,84.926949923
real-roaring--weather_sept_85/all,calico_decode,1024,976,2,1,85.002501441
real-roaring--weather_sept_85/all,calico_decode,1024,976,3,1,84.951169874
real-roaring--weather_sept_85/all,calico_decode,1024,976,4,1,84.917404425
real-roaring--weather_sept_85_srt/partial,bec_encode,191,5235,0,1,24.298833366
real-roaring--weather_sept_85_srt/partial,bec_encode,191,5235,1,1,24.265793566
real-roaring--weather_sept_85_srt/partial,bec_encode,191,5235,2,1,24.276917846
real-roaring--weather_sept_85_srt/partial,bec_encode,191,5235,3,1,24.259273816
real-roaring--weather_sept_85_srt/partial,bec_encode,191,5235,4,1,24.276263770
real-roaring--weather_sept_85_srt/partial,calico_encode,191,5235,0,1,31.578023473
real-roaring--weather_sept_85_srt/partial,calico_encode,191,5235,1,1,31.572381824
real-roaring--weather_sept_85_srt/partial,calico_encode,191,5235,2,1,31.572810873
real-roaring--weather_sept_85_srt/partial,calico_encode,191,5235,3,1,31.599749971
real-roaring--weather_sept_85_srt/partial,calico_encode,191,5235,4,1,31.582216955
real-roaring--weather_sept_85_srt/partial,bec_decode,191,5235,0,1,83.555262855
real-roaring--weather_sept_85_srt/partial,bec_decode,191,5235,1,1,83.539969096
real-roaring--weather_sept_85_srt/partial,bec_decode,191,5235,2,1,83.520633873
real-roaring--weather_sept_85_srt/partial,bec_decode,191,5235,3,1,83.615641799
real-roaring--weather_sept_85_srt/partial,bec_decode,191,5235,4,1,83.521583982
real-roaring--weather_sept_85_srt/partial,calico_decode,191,5235,0,1,84.846849388
real-roaring--weather_sept_85_srt/partial,calico_decode,191,5235,1,1,84.853785185
real-roaring--weather_sept_85_srt/partial,calico_decode,191,5235,2,1,84.841055721
real-roaring--weather_sept_85_srt/partial,calico_decode,191,5235,3,1,84.840346640
real-roaring--weather_sept_85_srt/partial,calico_decode,191,5235,4,1,84.875150642
real-roaring--weather_sept_85_srt/all,bec_encode,1024,976,0,1,25.115780690
real-roaring--weather_sept_85_srt/all,bec_encode,1024,976,1,1,25.120774566
real-roaring--weather_sept_85_srt/all,bec_encode,1024,976,2,1,25.104446161
real-roaring--weather_sept_85_srt/all,bec_encode,1024,976,3,1,25.091710825
real-roaring--weather_sept_85_srt/all,bec_encode,1024,976,4,1,25.134371398
real-roaring--weather_sept_85_srt/all,calico_encode,1024,976,0,1,31.648203365
real-roaring--weather_sept_85_srt/all,calico_encode,1024,976,1,1,31.657289599
real-roaring--weather_sept_85_srt/all,calico_encode,1024,976,2,1,31.638304663
real-roaring--weather_sept_85_srt/all,calico_encode,1024,976,3,1,31.645793977
real-roaring--weather_sept_85_srt/all,calico_encode,1024,976,4,1,31.654371918
real-roaring--weather_sept_85_srt/all,bec_decode,1024,976,0,1,83.551076420
real-roaring--weather_sept_85_srt/all,bec_decode,1024,976,1,1,83.554887615
real-roaring--weather_sept_85_srt/all,bec_decode,1024,976,2,1,83.558590748
real-roaring--weather_sept_85_srt/all,bec_decode,1024,976,3,1,83.565141522
real-roaring--weather_sept_85_srt/all,bec_decode,1024,976,4,1,83.546119565
real-roaring--weather_sept_85_srt/all,calico_decode,1024,976,0,1,84.923411885
real-roaring--weather_sept_85_srt/all,calico_decode,1024,976,1,1,84.973760886
real-roaring--weather_sept_85_srt/all,calico_decode,1024,976,2,1,84.909746014
real-roaring--weather_sept_85_srt/all,calico_decode,1024,976,3,1,84.917167288
real-roaring--weather_sept_85_srt/all,calico_decode,1024,976,4,1,84.940959993
real-roaring--wikileaks-noquotes/partial,bec_encode,65,15384,0,1,24.299436977
real-roaring--wikileaks-noquotes/partial,bec_encode,65,15384,1,1,24.278428137
real-roaring--wikileaks-noquotes/partial,bec_encode,65,15384,2,1,24.283175327
real-roaring--wikileaks-noquotes/partial,bec_encode,65,15384,3,1,24.273292932
real-roaring--wikileaks-noquotes/partial,bec_encode,65,15384,4,1,24.282458298
real-roaring--wikileaks-noquotes/partial,calico_encode,65,15384,0,1,31.605189208
real-roaring--wikileaks-noquotes/partial,calico_encode,65,15384,1,1,31.625138006
real-roaring--wikileaks-noquotes/partial,calico_encode,65,15384,2,1,31.587182487
real-roaring--wikileaks-noquotes/partial,calico_encode,65,15384,3,1,31.630314213
real-roaring--wikileaks-noquotes/partial,calico_encode,65,15384,4,1,31.613505540
real-roaring--wikileaks-noquotes/partial,bec_decode,65,15384,0,1,83.554673187
real-roaring--wikileaks-noquotes/partial,bec_decode,65,15384,1,1,83.591735669
real-roaring--wikileaks-noquotes/partial,bec_decode,65,15384,2,1,83.588722549
real-roaring--wikileaks-noquotes/partial,bec_decode,65,15384,3,1,83.607810312
real-roaring--wikileaks-noquotes/partial,bec_decode,65,15384,4,1,83.567702708
real-roaring--wikileaks-noquotes/partial,calico_decode,65,15384,0,1,84.788997560
real-roaring--wikileaks-noquotes/partial,calico_decode,65,15384,1,1,84.805482219
real-roaring--wikileaks-noquotes/partial,calico_decode,65,15384,2,1,84.782931317
real-roaring--wikileaks-noquotes/partial,calico_decode,65,15384,3,1,84.796864875
real-roaring--wikileaks-noquotes/partial,calico_decode,65,15384,4,1,84.808408336
real-roaring--wikileaks-noquotes/all,bec_encode,1024,976,0,1,25.140134718
real-roaring--wikileaks-noquotes/all,bec_encode,1024,976,1,1,25.119319728
real-roaring--wikileaks-noquotes/all,bec_encode,1024,976,2,1,25.122085321
real-roaring--wikileaks-noquotes/all,bec_encode,1024,976,3,1,25.097754306
real-roaring--wikileaks-noquotes/all,bec_encode,1024,976,4,1,25.125557321
real-roaring--wikileaks-noquotes/all,calico_encode,1024,976,0,1,31.662197426
real-roaring--wikileaks-noquotes/all,calico_encode,1024,976,1,1,31.734816254
real-roaring--wikileaks-noquotes/all,calico_encode,1024,976,2,1,31.642154881
real-roaring--wikileaks-noquotes/all,calico_encode,1024,976,3,1,31.654291872
real-roaring--wikileaks-noquotes/all,calico_encode,1024,976,4,1,31.697879979
real-roaring--wikileaks-noquotes/all,bec_decode,1024,976,0,1,83.598188557
real-roaring--wikileaks-noquotes/all,bec_decode,1024,976,1,1,83.567367804
real-roaring--wikileaks-noquotes/all,bec_decode,1024,976,2,1,83.631927991
real-roaring--wikileaks-noquotes/all,bec_decode,1024,976,3,1,83.566475290
real-roaring--wikileaks-noquotes/all,bec_decode,1024,976,4,1,83.547753506
real-roaring--wikileaks-noquotes/all,calico_decode,1024,976,0,1,84.921148582
real-roaring--wikileaks-noquotes/all,calico_decode,1024,976,1,1,84.986355141
real-roaring--wikileaks-noquotes/all,calico_decode,1024,976,2,1,85.024489106
real-roaring--wikileaks-noquotes/all,calico_decode,1024,976,3,1,84.988625448
real-roaring--wikileaks-noquotes/all,calico_decode,1024,976,4,1,85.014402296
real-roaring--wikileaks-noquotes_srt/partial,bec_encode,28,35714,0,1,24.275318203
real-roaring--wikileaks-noquotes_srt/partial,bec_encode,28,35714,1,1,24.291940336
real-roaring--wikileaks-noquotes_srt/partial,bec_encode,28,35714,2,1,24.306264450
real-roaring--wikileaks-noquotes_srt/partial,bec_encode,28,35714,3,1,24.263852111
real-roaring--wikileaks-noquotes_srt/partial,bec_encode,28,35714,4,1,24.267220138
real-roaring--wikileaks-noquotes_srt/partial,calico_encode,28,35714,0,1,31.552701422
real-roaring--wikileaks-noquotes_srt/partial,calico_encode,28,35714,1,1,31.573250586
real-roaring--wikileaks-noquotes_srt/partial,calico_encode,28,35714,2,1,31.561929495
real-roaring--wikileaks-noquotes_srt/partial,calico_encode,28,35714,3,1,31.570567565
real-roaring--wikileaks-noquotes_srt/partial,calico_encode,28,35714,4,1,31.571121569
real-roaring--wikileaks-noquotes_srt/partial,bec_decode,28,35714,0,1,83.526488212
real-roaring--wikileaks-noquotes_srt/partial,bec_decode,28,35714,1,1,83.527680221
real-roaring--wikileaks-noquotes_srt/partial,bec_decode,28,35714,2,1,83.625058000
real-roaring--wikileaks-noquotes_srt/partial,bec_decode,28,35714,3,1,83.591479732
real-roaring--wikileaks-noquotes_srt/partial,bec_decode,28,35714,4,1,83.517863143
real-roaring--wikileaks-noquotes_srt/partial,calico_decode,28,35714,0,1,84.982269858
real-roaring--wikileaks-noquotes_srt/partial,calico_decode,28,35714,1,1,84.857609861
real-roaring--wikileaks-noquotes_srt/partial,calico_decode,28,35714,2,1,84.879615037
real-roaring--wikileaks-noquotes_srt/partial,calico_decode,28,35714,3,1,84.814124513
real-roaring--wikileaks-noquotes_srt/partial,calico_decode,28,35714,4,1,84.812569501
real-roaring--wikileaks-noquotes_srt/all,bec_encode,1024,976,0,1,25.216160508
real-roaring--wikileaks-noquotes_srt/all,bec_encode,1024,976,1,1,25.119332736
real-roaring--wikileaks-noquotes_srt/all,bec_encode,1024,976,2,1,25.134007188
real-roaring--wikileaks-noquotes_srt/all,bec_encode,1024,976,3,1,25.156750288
real-roaring--wikileaks-noquotes_srt/all,bec_encode,1024,976,4,1,25.128501017
real-roaring--wikileaks-noquotes_srt/all,calico_encode,1024,976,0,1,31.655191390
real-roaring--wikileaks-noquotes_srt/all,calico_encode,1024,976,1,1,31.641634582
real-roaring--wikileaks-noquotes_srt/all,calico_encode,1024,976,2,1,31.736354140
real-roaring--wikileaks-noquotes_srt/all,calico_encode,1024,976,3,1,31.721654673
real-roaring--wikileaks-noquotes_srt/all,calico_encode,1024,976,4,1,31.668600114
real-roaring--wikileaks-noquotes_srt/all,bec_decode,1024,976,0,1,83.546994069
real-roaring--wikileaks-noquotes_srt/all,bec_decode,1024,976,1,1,83.669095399
real-roaring--wikileaks-noquotes_srt/all,bec_decode,1024,976,2,1,83.602906274
real-roaring--wikileaks-noquotes_srt/all,bec_decode,1024,976,3,1,83.597306048
real-roaring--wikileaks-noquotes_srt/all,bec_decode,1024,976,4,1,83.550603147
real-roaring--wikileaks-noquotes_srt/all,calico_decode,1024,976,0,1,85.297154161
real-roaring--wikileaks-noquotes_srt/all,calico_decode,1024,976,1,1,85.057311011
real-roaring--wikileaks-noquotes_srt/all,calico_decode,1024,976,2,1,85.003550045
real-roaring--wikileaks-noquotes_srt/all,calico_decode,1024,976,3,1,85.010463027
real-roaring--wikileaks-noquotes_srt/all,calico_decode,1024,976,4,1,84.970189829
