input,case,threads,repetitions,cpu_ns,median_cpu_ns,real_ns,median_real_ns,ns_per_item,median_ns_per_item,counter:logical_values,counter:values_per_batch,counter:encoded_bytes
before1,bulk/series/neon/local/k1/h0/u8/decode,1,5,"[195.3588683546006,195.58410802476246,195.98034034280107,196.0005111846068,195.80462133231998]",195.80462133231998,"[195.3532872242585,195.59409707499344,195.97482904575764,195.999388254467,195.7990234419693]",195.7990234419693,"[0.02384751810969246,0.02387501318661651,0.023923381389502087,0.023925843650464698,0.02390193131498047]",0.02390193131498047,8192.0,,1024.0
before1,bulk/series/neon/local/k1/h0/u8/encode,1,5,"[152.79678235332017,154.52015691654705,156.2497374005862,155.5583035006124,154.25135801410505]",154.52015691654705,"[152.7921777527538,154.51577525711667,156.2487470258641,155.5584256888954,154.27116979991916]",154.51577525711667,"[0.018651950970864282,0.018862323842351935,0.019073454272532493,0.018989050720289596,0.018829511476331183]",0.018862323842351935,8192.0,,1024.0
before1,bulk/series/neon/local/k2/h0/u8/decode,1,5,"[404.87803636111283,405.1066878059479,405.29809862170384,404.9661848607259,404.7085209059038]",404.9661848607259,"[404.86547430280376,405.11102753125476,405.35921931107714,404.954861072661,404.6968441508567]",404.954861072661,"[0.0494235884229874,0.049451499976312006,0.049474865554407214,0.049434348737881585,0.04940289561839647]",0.049434348737881585,8192.0,,2048.0
before1,bulk/series/neon/local/k2/h0/u8/encode,1,5,"[1640.1206330597704,1640.1969519343563,1639.931254396242,1640.3990855802933,1639.9086987104351]",1640.1206330597704,"[1640.0740210992424,1640.1501758521592,1639.9139742138404,1640.3525439570406,1639.8630246191917]",1640.0740210992424,"[0.20021003821530403,0.20021935448417438,0.20018692070266625,0.20024402900150065,0.20018416732305117]",0.20021003821530403,8192.0,,2048.0
before1,bulk/series/neon/local/k3/h0/u8/decode,1,5,"[1394.1239442231079,1394.1033067728995,1394.2935856573586,1394.1226494023895,1394.108645418335]",1394.1226494023895,"[1394.0840637471874,1394.0642430313176,1394.2538047815895,1394.1313346618422,1394.069541825355]",1394.0840637471874,"[0.17018114553504732,0.1701786263150512,0.1702018537179393,0.17018098747587765,0.17017927800516783]",0.17018098747587765,8192.0,,3072.0
before1,bulk/series/neon/local/k3/h0/u8/encode,1,5,"[1416.6671933556174,1416.5988453357597,1416.2305479590812,1416.2744657145754,1416.1751443330165]",1416.2744657145754,"[1416.6268408861733,1416.5587562030755,1416.188615423593,1416.2342955572774,1416.135217251359]",1416.2342955572774,"[0.17293300700141817,0.17292466373727536,0.1728797055614113,0.17288506661554875,0.1728729424234639]",0.17288506661554875,8192.0,,3072.0
before1,local2_grain/bound/256,1,5,"[52.26547173716033,52.212376044928284,52.20868382183192,52.276176345117506,52.22803698797673]",52.22803698797673,"[52.269282751033884,52.21232075850235,52.208500032611006,52.2746163772275,52.227703776275746]",52.227703776275746,"[0.20416199897328252,0.2039545939255011,0.20394017117903096,0.20420381384811526,0.2040157694842841]",0.2040157694842841,,256.0,64.0
before1,local2_grain/bound/65536,1,5,"[13099.819236526951,13105.960142215557,13098.563997005991,13099.28274700598,13097.612088323353]",13099.28274700598,"[13099.437500036647,13106.504116784165,13103.978106298886,13099.640905701546,13097.236526942912]",13099.640905701546,"[0.19988737848704455,0.19998108127159972,0.19986822505197127,0.1998791923066098,0.19985370007817618]",0.1998791923066098,,65536.0,16384.0
before1,local2_grain/bound/8192,1,5,"[1639.317655605549,1639.8821709786273,1639.693100862394,1640.2305493063377,1639.6909683164624]",1639.693100862394,"[1639.2713020165504,1639.8807414745797,1639.6439351378435,1640.1799071944815,1639.6437945212497]",1639.6439351378435,"[0.2001120185065367,0.20018092907453947,0.20015784922636645,0.2002234557258713,0.20015758890581817]",0.20015784922636645,,8192.0,2048.0
before1,local2_grain/coalesced64/256,1,5,"[42.34140131164639,42.339536259623856,42.33661557484802,42.338908324496124,42.341593684835935]",42.339536259623856,"[42.34157735123368,42.33832515543282,42.33541173002215,42.33769661512741,42.34125491451855]",42.33832515543282,"[0.16539609887361875,0.16538881351415569,0.16537740458925007,0.165386360642563,0.16539685033139034]",0.16538881351415569,,256.0,64.0
before1,local2_grain/coalesced64/65536,1,5,"[10599.534039334312,10583.491376701924,10604.960816944014,10611.091981845664,10564.86928895616]",10599.534039334312,"[10599.229198183235,10583.18714069267,10610.263086292156,10610.803630846376,10564.547352513151]",10599.229198183235,"[0.16173605406699085,0.16149126246188242,0.16181886012182642,0.16191241427376807,0.16120711195306645]",0.16173605406699085,,65536.0,16384.0
before1,local2_grain/coalesced64/8192,1,5,"[1326.3787847385759,1320.6945266132843,1318.7044182760217,1323.4011116344848,1317.51958549223]",1320.6945266132843,"[1326.3409514899133,1320.6575600622102,1318.6670183750823,1323.4135091853516,1317.7177767327903]",1320.6575600622102,"[0.1619114727464082,0.16121759358072318,0.16097466043408465,0.16154798726006894,0.160830027525907]",0.16121759358072318,,8192.0,2048.0
before1,local2_grain/native/256,1,5,"[51.301852441387716,51.25534995694205,51.27336310462547,51.264387705551684,51.26800397863386]",51.26800397863386,"[51.30263584517618,51.25388951044433,51.27189825733515,51.26291772349963,51.26653839779575]",51.26653839779575,"[0.20039786109917074,0.20021621076930488,0.20028657462744323,0.20025151447481127,0.2002656405415385]",0.2002656405415385,,256.0,64.0
before1,local2_grain/native/65536,1,5,"[13100.64669537539,13097.356487549174,13095.264369968165,13098.22954502903,13096.091743119247]",13097.356487549174,"[13100.769331578234,13100.32353494257,13094.899644259003,13098.633776460272,13095.720089876457]",13098.633776460272,"[0.1999000045070708,0.19984979991987875,0.1998178767390162,0.19986312171980328,0.1998305014514045]",0.19984979991987875,,65536.0,16384.0
before1,local2_grain/native/8192,1,5,"[1636.9192318488028,1636.6396893712565,1636.6665185254449,1636.564441429641,1636.4269507859267]",1636.6396893712565,"[1636.8722165117265,1636.593165233301,1636.6208130680882,1636.5179406908048,1636.4343188627797]",1636.593165233301,"[0.19981924216904334,0.1997851183314522,0.1997883933746881,0.19977593279170422,0.1997591492658602]",0.1997851183314522,,8192.0,2048.0
before1,local2_grain/predecessor256/256,1,5,"[43.93712632000671,43.9473177923483,43.92502665442652,43.91589445223722,43.92076131824177]",43.92502665442652,"[43.93749238671989,43.946060105482914,43.923781525347266,43.91464430006281,43.91958337449673]",43.923781525347266,"[0.17162939968752625,0.17166921012636052,0.17158213536885358,0.17154646270405163,0.17156547389938193]",0.17158213536885358,,256.0,64.0
before1,local2_grain/predecessor256/65536,1,5,"[10866.841226053619,10802.077854406174,10742.758007662922,10869.451340996226,10765.811647509556]",10802.077854406174,"[10866.5340996309,10801.769655152808,10742.453486624956,10869.339003871728,10765.502681989483]",10801.769655152808,"[0.16581483804403108,0.16482662741708637,0.16392147838841128,0.16585466523736916,0.16427324901595391]",0.16482662741708637,,65536.0,16384.0
before1,local2_grain/predecessor256/8192,1,5,"[1360.73433545222,1388.6155302664388,1393.8846339625613,1382.9126301756332,1374.6362231195815]",1382.9126301756332,"[1360.76538438904,1388.7773827722685,1393.8458759262135,1382.9365303295579,1374.6336727418395]",1382.9365303295579,"[0.16610526555813232,0.1695087317219774,0.17015193285675798,0.1688125769257365,0.16780227333002704]",0.1688125769257365,,8192.0,2048.0
before1,local2_grain/predecessor64/256,1,5,"[43.93253567191239,43.93843401402394,43.93856081959101,43.931467240849045,43.93515527404437]",43.93515527404437,"[43.931289587367694,43.93718918510657,43.937300924911156,43.93021174002909,43.9339060507681]",43.9339060507681,"[0.17161146746840777,0.17163450786728102,0.1716350032015274,0.17160729390956658,0.17162170028923582]",0.17162170028923582,,256.0,64.0
before1,local2_grain/predecessor64/65536,1,5,"[11113.477168588995,11101.444620003216,11117.81719070937,11162.623163216917,11093.055775004006]",11113.477168588995,"[11113.522831406424,11101.128930329765,11117.792384300656,11162.303839478733,11092.740559313024]",11113.522831406424,"[0.1695782038664092,0.16939460174565454,0.16964442734847063,0.17032811223170344,0.1692665981293336]",0.1695782038664092,,65536.0,16384.0
before1,local2_grain/predecessor64/8192,1,5,"[1394.1696435675053,1395.8774166600344,1396.444605776122,1398.2907550322122,1396.5333160951518]",1396.444605776122,"[1394.1791908671612,1395.8979831374195,1396.6253878590016,1398.2517105532709,1396.4932373254892]",1396.4932373254892,"[0.170186724068299,0.1703951924633831,0.17046442941603054,0.1706897894326431,0.17047525831239646]",0.17046442941603054,,8192.0,2048.0
before2,bulk/series/neon/local/k1/h0/u8/decode,1,5,"[195.87635077626652,196.15626448388937,196.29347273447527,196.51800988205036,196.86204455630394]",196.29347273447527,"[195.87083390750334,196.15047233203168,196.28774799917653,196.51823741039402,196.86483389029246]",196.28774799917653,"[0.02391068735061847,0.02394485650438103,0.023961605558407623,0.02398901487817998,0.024031011298376943]",0.023961605558407623,8192.0,,1024.0
before2,bulk/series/neon/local/k1/h0/u8/encode,1,5,"[152.60907268749716,152.99845582413803,152.7156186409074,152.80378715673174,152.68591070388732]",152.7156186409074,"[152.6046495392333,152.99388654596007,152.7111300620968,152.79939454352498,152.6814243058586]",152.7111300620968,"[0.018629037193297993,0.018676569314469975,0.01864204329112639,0.01865280604940573,0.01863841683397062]",0.01864204329112639,8192.0,,1024.0
before2,bulk/series/neon/local/k2/h0/u8/decode,1,5,"[410.2521123209438,410.6021096823732,410.6956381525307,410.86189144341444,410.9082833471128]",410.6956381525307,"[410.2522589081085,410.59027716797533,410.6835476449325,410.8585785742855,410.8961224747254]",410.6835476449325,"[0.05007960355480271,0.05012232784208657,0.050133744891666346,0.050154039482838676,0.05015970255702061]",0.050133744891666346,8192.0,,2048.0
before2,bulk/series/neon/local/k2/h0/u8/encode,1,5,"[1640.2638696824147,1640.3888433141913,1640.0104066565068,1640.2457283487668,1640.3442634477865]",1640.2638696824147,"[1640.5835462331247,1640.3427633890249,1640.0341028971638,1640.261736790627,1640.3540138267613]",1640.3427633890249,"[0.20022752315459166,0.2002427787248769,0.2001965828438119,0.20022530863632407,0.20023733684665362]",0.20022752315459166,8192.0,,2048.0
before2,bulk/series/neon/local/k3/h0/u8/decode,1,5,"[1394.095647147926,1394.2158089847453,1394.1375812173644,1394.1804320963108,1394.0357555706164]",1394.1375812173644,"[1394.0563239973253,1394.1751903361353,1394.098198267046,1394.1407501895335,1393.9961733142923]",1394.098198267046,"[0.17017769130223706,0.1701923594952082,0.1701828102071978,0.1701880410273817,0.17017038031867876]",0.1701828102071978,8192.0,,3072.0
before2,bulk/series/neon/local/k3/h0/u8/encode,1,5,"[1416.3920647773277,1416.5306477732747,1417.0486234817715,1417.2983603238818,1416.3024089068895]",1416.5306477732747,"[1416.3511740835277,1416.4907692218194,1417.1097773269803,1418.4819028300053,1416.261923076295]",1416.4907692218194,"[0.17289942196988864,0.17291633883951107,0.1729795682961147,0.17301005375047387,0.1728884776497668]",0.17291633883951107,8192.0,,3072.0
before2,local2_grain/bound/256,1,5,"[52.16818709830779,52.16113062107466,52.19313667888095,52.17439963880406,52.15342156919911]",52.16818709830779,"[52.16660537132057,52.15958626928222,52.195773140075154,52.172837346729885,52.155156535395086]",52.16660537132057,"[0.2037819808527648,0.20375441648857287,0.20387944015187873,0.20380624858907834,0.203724303004684]",0.2037819808527648,,256.0,64.0
before2,local2_grain/bound/65536,1,5,"[13099.410333208534,13094.660426806431,13096.959378509924,13095.345750655166,13098.934481467624]",13096.959378509924,"[13099.41576192103,13094.28509919579,13096.914077055526,13094.970610311691,13098.55990263476]",13096.914077055526,"[0.19988113911756183,0.19980866129770558,0.19984374051681406,0.1998191185097529,0.1998738781962223]",0.19984374051681406,,65536.0,16384.0
before2,local2_grain/bound/8192,1,5,"[1639.2409655495667,1639.5297867354116,1639.2344035622218,1639.6484883993435,1639.8938364190299]",1639.5297867354116,"[1639.193648939341,1639.4829388272012,1639.2382470148955,1639.6002109220256,1639.847246308428]",1639.4829388272012,"[0.20010265692743734,0.2001379134198501,0.2001018559035915,0.20015240336906048,0.20018235307849486]",0.2001379134198501,,8192.0,2048.0
before2,local2_grain/coalesced64/256,1,5,"[42.35812136387214,42.34348883171435,42.338546389688176,42.33948648208812,42.348388927236]",42.34348883171435,"[42.35869304162981,42.3497373609522,42.33739093498408,42.33826750771067,42.35062119300278]",42.3497373609522,"[0.16546141157762553,0.16540425324888416,0.1653849468347194,0.16538861907065672,0.16542339424701563]",0.16540425324888416,,256.0,64.0
before2,local2_grain/coalesced64/65536,1,5,"[10609.902724920079,10595.23078094078,10561.044146749879,10595.304917034537,10579.789617902303]",10595.23078094078,"[10609.876845826348,10594.926472855816,10560.74151321689,10595.003044584055,10579.489419980202]",10594.926472855816,"[0.16189426765319945,0.1616703915548825,0.1611487449150067,0.16167152278189906,0.16143477810519868]",0.1616703915548825,,65536.0,16384.0
before2,local2_grain/coalesced64/8192,1,5,"[1320.827683882543,1315.975601926164,1322.0828061561665,1317.7012746671705,1320.5224624681312]",1320.5224624681312,"[1320.790085921776,1315.9769615739333,1322.0752148079384,1317.6641488017885,1320.485374376396]",1320.485374376396,"[0.16123384813019323,0.16064155296950247,0.16138706129836017,0.16085220638026984,0.16119658965675426]",0.16119658965675426,,8192.0,2048.0
before2,local2_grain/native/256,1,5,"[51.27231814882438,51.27028132767293,51.288062087118455,51.27679578265111,51.26998438290484]",51.27231814882438,"[51.27082829264043,51.26880613514119,51.28901084411442,51.28479789426516,51.268510656890875]",51.27082829264043,"[0.20028249276884527,0.2002745364362224,0.20034399252780644,0.20029998352598088,0.20027337649572202]",0.20028249276884527,,256.0,64.0
before2,local2_grain/native/65536,1,5,"[13092.676833832347,13095.447604790452,13096.072979041921,13095.824663173637,13095.95228293412]",13095.824663173637,"[13092.30145960476,13095.073727523648,13095.695920694885,13095.43431885689,13095.581025423942]",13095.43431885689,"[0.19977839407092815,0.19982067268051837,0.19983021513430665,0.19982642613485166,0.1998283734578571]",0.19982642613485166,,65536.0,16384.0
before2,local2_grain/native/8192,1,5,"[1636.529074797169,1637.3203722322214,1636.628352311252,1636.5273445720031,1636.6192803198585]",1636.6192803198585,"[1636.48205476581,1637.3614767697666,1636.5816128567153,1636.4809090776587,1636.5722602808473]",1636.5722602808473,"[0.1997716155758263,0.1998682095010036,0.19978373441299463,0.19977140436669957,0.19978262699217025]",0.19978262699217025,,8192.0,2048.0
before2,local2_grain/predecessor256/256,1,5,"[43.93752355989374,43.94215637738055,43.94622752700265,43.93454370454529,43.926332924543466]",43.93752355989374,"[43.940828227535,43.94088979759638,43.94495969079116,43.934712079256336,43.92507011422039]",43.940828227535,"[0.17163095140583493,0.17164904834914277,0.1716649512773541,0.17161931134588002,0.17158723798649791]",0.17163095140583493,,256.0,64.0
before2,local2_grain/predecessor256/65536,1,5,"[10750.35197418959,10739.170840374763,10738.128898448227,10685.225072975827,10723.29374711937]",10738.128898448227,"[10750.043017417713,10739.369642065598,10739.23275465939,10684.931786807801,10723.424489174065]",10739.23275465939,"[0.16403735312178938,0.16386674255942935,0.16385084378735698,0.16304359547387431,0.1636244773425197]",0.16385084378735698,,65536.0,16384.0
before2,local2_grain/predecessor256/8192,1,5,"[1388.3023702139947,1388.003051530552,1385.4724690528737,1393.2817387966588,1388.798234334519]",1388.3023702139947,"[1388.3140005716639,1388.000518187811,1385.4336052184274,1393.2424143610492,1388.7588907053405]",1388.3140005716639,"[0.16947050417651305,0.1694339662512881,0.16912505725743088,0.17007833725545152,0.16953103446466294]",0.16947050417651305,,8192.0,2048.0
before2,local2_grain/predecessor64/256,1,5,"[43.94535950668925,43.93797178479533,43.9239163281911,43.93930118521445,43.94926666226887]",43.93930118521445,"[43.951367567378554,43.93675735619652,43.922641586388394,43.93805031722798,43.947991920362924]",43.93805031722798,"[0.17166156057300488,0.17163270228435676,0.1715777981569965,0.17163789525474393,0.17167682289948777]",0.17163789525474393,,256.0,64.0
before2,local2_grain/predecessor64/65536,1,5,"[11075.724395674404,11064.847646310493,11055.129452926176,11085.740298982157,11098.58444656482]",11075.724395674404,"[11075.40871500507,11064.858778598544,11055.545324466237,11085.42191473331,11099.871342217628]",11075.40871500507,"[0.16900214226798102,0.1688361762437514,0.1686878883808315,0.16915497282382444,0.16935095896247593]",0.16900214226798102,,65536.0,16384.0
before2,local2_grain/predecessor64/8192,1,5,"[1401.3703807056015,1395.4675702611128,1391.9714969105028,1385.3462826390294,1397.458700418568]",1395.4675702611128,"[1401.3298186166849,1395.4279250540922,1391.9322304207153,1385.3070759438758,1397.4196930442213]",1395.4279250540922,"[0.17106572030097675,0.17034516238538977,0.16991839561895786,0.16910965364245964,0.17058822026593845]",0.17034516238538977,,8192.0,2048.0
candidate1,bulk/series/neon/local/k1/h0/u8/decode,1,5,"[196.23019887585795,196.45291284384277,196.23687680831443,196.2940820865505,196.24021436866082]",196.24021436866082,"[196.22439540052108,196.47705743563725,196.23140231035688,196.30496360200328,196.2345599165712]",196.2345599165712,"[0.02395388169871313,0.02398106846238315,0.02395469687601495,0.02396167994220587,0.023955104293049416]",0.023955104293049416,8192.0,,1024.0
candidate1,bulk/series/neon/local/k1/h0/u8/encode,1,5,"[150.67391186172514,153.33615791568062,153.2928476530304,155.30198242626983,155.6802916343225]",153.33615791568062,"[150.66956300529634,153.33163075626612,153.2884270406669,155.29759660465365,155.68579076395758]",153.33163075626612,"[0.018392811506558245,0.018717792714316478,0.018712505817020313,0.018957761526644266,0.01900394184989288]",0.018717792714316478,8192.0,,1024.0
candidate1,bulk/series/neon/local/k2/h0/u8/decode,1,5,"[405.5808873878611,404.97348629922226,405.1315936074645,405.2846697538351,405.36585889534786]",405.2846697538351,"[405.5697166988379,404.9619848431154,405.120086349464,405.2910588055307,405.4572264182829]",405.2910588055307,"[0.04950938566746352,0.04943524002676052,0.049454540235286185,0.04947322628830995,0.04948313707218601]",0.04947322628830995,8192.0,,2048.0
candidate1,bulk/series/neon/local/k2/h0/u8/encode,1,5,"[1323.3565015216532,1320.636315520861,1321.7781600287228,1321.5518023552524,1322.3309075099808]",1321.7781600287228,"[1323.3179025785255,1320.6346142894806,1321.73869156871,1321.5137515819845,1322.3211727167147]",1321.73869156871,"[0.16154254168965493,0.16121048773448007,0.16134987305038123,0.1613222414984439,0.16141734710815195]",0.16134987305038123,8192.0,,2048.0
candidate1,bulk/series/neon/local/k3/h0/u8/decode,1,5,"[1394.051515574246,1394.0853145738274,1394.0558600211318,1394.3313736822056,1394.1810916917402]",1394.0853145738274,"[1394.011777839126,1394.0457362622642,1394.0162617754245,1394.2909782941274,1394.1415333107457]",1394.0457362622642,"[0.17017230414724682,0.17017643000168792,0.1701728344752358,0.1702064665139411,0.17018812154440188]",0.17017643000168792,8192.0,,3072.0
candidate1,bulk/series/neon/local/k3/h0/u8/encode,1,5,"[1419.098391252309,1419.2699166210164,1419.4827460288489,1419.4346458929112,1420.0137342016171]",1419.4346458929112,"[1419.0581015534085,1419.2299312251994,1419.494816709146,1419.3953299670238,1419.9737285222398]",1419.3953299670238,"[0.17322978408841666,0.1732507222437764,0.1732767023960997,0.1732708307974745,0.17334152028828334]",0.1732708307974745,8192.0,,3072.0
candidate1,local2_grain/bound/256,1,5,"[42.80361528589292,42.7813771649211,42.78434359414695,42.77972778865462,42.789078742263406]",42.78434359414695,"[42.81984159871649,42.78248552118423,42.784249344239214,42.77844011243394,42.78780085806496]",42.784249344239214,"[0.16720162221051918,0.16711475455047306,0.1671263421646365,0.1671083116744321,0.16714483883696643]",0.1671263421646365,,256.0,64.0
candidate1,local2_grain/bound/65536,1,5,"[10510.190139786573,10508.19344656547,10516.600330677886,10527.389298061036,10533.067187734854]",10516.600330677886,"[10509.88711857977,10507.898992963264,10516.298061018877,10527.609950380724,10535.172553780458]",10516.298061018877,"[0.16037277434977074,0.16034230722908738,0.1604705861004316,0.16063521267793332,0.16072185039878623]",0.1604705861004316,,65536.0,16384.0
candidate1,local2_grain/bound/8192,1,5,"[1319.9618584120874,1319.9554071642797,1319.80570803388,1319.9304887480441,1319.7123535736503]",1319.9304887480441,"[1319.95784053391,1319.9175862534607,1319.7674909941886,1319.9204534786984,1319.674683564596]",1319.9175862534607,"[0.16112815654444426,0.16112736903860833,0.16110909521897948,0.16112432723975148,0.161097699410846]",0.16112432723975148,,8192.0,2048.0
candidate1,local2_grain/coalesced64/256,1,5,"[42.346671991238615,42.337430833507355,42.34190044865584,42.337780561076755,42.33740239545246]",42.337780561076755,"[42.34544189421264,42.33770855824696,42.341554956491535,42.33657829695007,42.336175323795]",42.33770855824696,"[0.1654166874657758,0.1653805891933881,0.16539804862756188,0.16538195531670608,0.16538047810723616]",0.16538195531670608,,256.0,64.0
candidate1,local2_grain/coalesced64/65536,1,5,"[10604.992128368149,10583.384650317863,10590.75673630034,10593.030881017265,10562.353617923078]",10590.75673630034,"[10605.23463520437,10584.879049383688,10590.46518318929,10592.729639683372,10562.046321540169]",10590.46518318929,"[0.16181933789624248,0.1614896339465006,0.16160212305145782,0.16163682374599098,0.161168725859422]",0.16160212305145782,,65536.0,16384.0
candidate1,local2_grain/coalesced64/8192,1,5,"[1320.5765574907657,1322.6150284032312,1320.7860664804361,1319.4603760850448,1317.0955585969016]",1320.5765574907657,"[1320.5740077631453,1322.575957553641,1320.747951783597,1319.4224301135728,1317.0578938458646]",1320.5740077631453,"[0.161203193053072,0.16145202983437884,0.16122876788091264,0.16106694044006897,0.16077826643028584]",0.161203193053072,,8192.0,2048.0
candidate1,local2_grain/native/256,1,5,"[42.293060129195624,42.289204678977384,42.31009914101147,42.29225363812043,42.28611101545993]",42.29225363812043,"[42.29181928084153,42.28797712108679,42.311037933003334,42.29103876664518,42.28489010276909]",42.29103876664518,"[0.1652072661296704,0.1651922057772554,0.16527382476957608,0.16520411577390792,0.16518012115414035]",0.16520411577390792,,256.0,64.0
candidate1,local2_grain/native/65536,1,5,"[10913.688301532682,10884.75211135442,10868.1570222083,10899.185017203645,10879.50297153582]",10884.75211135442,"[10913.758210880587,10884.87425709777,10869.627306843311,10898.878479851232,10879.194713742152]",10884.87425709777,"[0.1665296676869611,0.16608813646475862,0.16583491550000454,0.16630836513067082,0.166008040947507]",0.16608813646475862,,65536.0,16384.0
candidate1,local2_grain/native/8192,1,5,"[1344.506263208452,1344.4057060518744,1344.4196541786735,1344.5708549471678,1344.3882036503396]",1344.4196541786735,"[1344.4679731093383,1344.3672814656593,1344.381344857297,1344.532411140955,1344.3523727244692]",1344.381344857297,"[0.16412429970806297,0.16411202466453545,0.16411372731673263,0.16413218444179298,0.16410988814091063]",0.16411372731673263,,8192.0,2048.0
candidate1,local2_grain/predecessor256/256,1,5,"[43.92569456469101,43.9388788090953,43.94967401696906,43.92958866914121,43.89789441060764]",43.92958866914121,"[43.92443103539555,43.93760335991952,43.94970224882945,43.92830443636994,43.89946723463775]",43.92830443636994,"[0.17158474439332425,0.17163624534802852,0.17167841412878537,0.17159995573883288,0.17147615004143607]",0.17159995573883288,,256.0,64.0
candidate1,local2_grain/predecessor256/65536,1,5,"[10805.125986738221,10777.609251657635,10743.446321439884,10816.287653931156,10687.302020839887]",10777.609251657635,"[10805.19450588809,10777.300599896644,10743.14035359436,10815.978054957744,10686.997316084475]",10777.300599896644,"[0.16487313822537572,0.1644532661690923,0.16393198122314276,0.1650434517506585,0.1630752871832258]",0.1644532661690923,,65536.0,16384.0
candidate1,local2_grain/predecessor256/8192,1,5,"[1357.3561209496665,1356.5943275848724,1351.7997641326951,1361.7049918799703,1362.277124738988]",1357.3561209496665,"[1357.3172801840753,1356.6172763087275,1351.956016544404,1361.6662091040298,1362.2386126433883]",1357.3172801840753,"[0.16569288585811356,0.16559989350401277,0.1650146196451044,0.16622375389159796,0.16629359432848975]",0.16569288585811356,,8192.0,2048.0
candidate1,local2_grain/predecessor64/256,1,5,"[43.9550954814248,43.94099737598712,43.92300970508112,43.916213009579536,43.9342452510389]",43.9342452510389,"[43.9538154905353,43.93972805688544,43.92174289678848,43.91496189548818,43.93299288116235]",43.93299288116235,"[0.17169959172431565,0.17164452099994967,0.1715742566604731,0.17154770706867006,0.17161814551187074]",0.17161814551187074,,256.0,64.0
candidate1,local2_grain/predecessor64/65536,1,5,"[11168.48177622161,11113.174916441174,11146.412223460124,11151.408721948033,11058.548464109586]",11146.412223460124,"[11168.155180653575,11113.103931235451,11146.080534742425,11151.417157464772,11058.418430703858]",11146.080534742425,"[0.17041750757174087,0.16957359186464194,0.1700807529214496,0.17015699343792776,0.16874005835128153]",0.1700807529214496,,65536.0,16384.0
candidate1,local2_grain/predecessor64/8192,1,5,"[1392.6555696806001,1385.4517916732887,1393.7277331956057,1396.7039369140255,1396.2819402510818]",1393.7277331956057,"[1392.6140155713288,1385.791415060544,1393.7349833096166,1396.7101541409988,1396.4659145092132]",1393.7349833096166,"[0.17000190059577638,0.16912253316324327,0.17013277993110418,0.17049608604907537,0.1704445727845559]",0.17013277993110418,,8192.0,2048.0
candidate2,bulk/series/neon/local/k1/h0/u8/decode,1,5,"[195.93651659356922,196.97663844553938,196.31881019125575,196.05054652529614,195.83280395171258]",196.05054652529614,"[195.9374773926272,196.97858830303036,196.31329124653772,196.0951360947847,195.82724827039883]",196.0951360947847,"[0.02391803181073843,0.024044999810246506,0.023964698509674778,0.023931951480138693,0.02390537157613679]",0.023931951480138693,8192.0,,1024.0
candidate2,bulk/series/neon/local/k1/h0/u8/encode,1,5,"[154.52231226941095,155.30857109796915,153.74249322420857,153.9198743196392,153.26536847399032]",153.9198743196392,"[154.51787740850585,155.30414291252944,153.73809619244807,153.91545280992779,153.26101372133022]",153.91545280992779,"[0.018862586946949575,0.018958565807857562,0.018767394192408273,0.01878904715815908,0.018709151425047647]",0.01878904715815908,8192.0,,1024.0
candidate2,bulk/series/neon/local/k2/h0/u8/decode,1,5,"[405.6709754186346,405.1918855384982,405.21813274516296,405.3098064253987,405.15180079519325]",405.21813274516296,"[405.670905766439,405.18030588735087,405.20657631332506,405.2982035585814,405.14005281904014]",405.20657631332506,"[0.049520382741532545,0.04946190009014872,0.049465104094868526,0.04947629472966292,0.04945700693300699]",0.049465104094868526,8192.0,,2048.0
candidate2,bulk/series/neon/local/k2/h0/u8/encode,1,5,"[1317.9540674734358,1319.0783665917845,1316.8298249919756,1315.1420453472733,1315.7430572599123]",1316.8298249919756,"[1317.9692272903433,1319.0779134969764,1316.7918593899842,1315.1327568936786,1315.7057901783642]",1316.7918593899842,"[0.1608830648771284,0.16102030842184872,0.16074582824609077,0.1605398004574308,0.1606131661694229]",0.16074582824609077,8192.0,,2048.0
candidate2,bulk/series/neon/local/k3/h0/u8/decode,1,5,"[1394.1652421652423,1394.184248799631,1394.0619807542914,1394.0279321817777,1394.0122925507512]",1394.0619807542914,"[1394.1250174361235,1394.144741301793,1394.0220349413496,1393.9884446019591,1393.9731835171476]",1394.0220349413496,"[0.17018618678774927,0.17018850693354873,0.17017358163504534,0.1701694253151584,0.1701675161805116]",0.17017358163504534,8192.0,,3072.0
candidate2,bulk/series/neon/local/k3/h0/u8/encode,1,5,"[1417.1804599562734,1416.62861365294,1416.3932707101744,1416.356668556164,1416.5714430318178]",1416.5714430318178,"[1417.2712972726538,1416.7837274297399,1416.3535104007883,1416.3160377405661,1416.5313385716702]",1416.5313385716702,"[0.172995661615756,0.17292829756505615,0.1728995691784881,0.17289510114210987,0.17292131872946995]",0.17292131872946995,8192.0,,3072.0
candidate2,local2_grain/bound/256,1,5,"[42.801540661368115,42.799654112291854,42.79533571220284,42.778439910722106,42.778413623745315]",42.79533571220284,"[42.8039700672597,42.80289535780532,42.81059805303727,42.77726372150626,42.77717202260788]",42.80289535780532,"[0.16719351820846923,0.16718614887614006,0.16716928012579235,0.16710328090125826,0.16710317821775514]",0.16716928012579235,,256.0,64.0
candidate2,local2_grain/bound/65536,1,5,"[10535.07325896896,10521.136116973164,10513.53768465482,10522.59134760323,10520.670786855595]",10521.136116973164,"[10535.10114566171,10520.834639714252,10513.234700043866,10522.288664413241,10520.370214004422]",10520.834639714252,"[0.16075246061659176,0.16053979670674381,0.16042385383079255,0.1605620017639653,0.16053269633263542]",0.16053979670674381,,65536.0,16384.0
candidate2,local2_grain/bound/8192,1,5,"[1320.0828054298643,1319.7737933634999,1319.515196078432,1319.7077488687773,1319.7645927601802]",1319.7645927601802,"[1320.1117081439372,1319.736161388722,1319.5184766182945,1319.6700791909889,1319.7271116077873]",1319.7271116077873,"[0.16114292058470026,0.16110519938519285,0.16107363233379296,0.16109713731308317,0.1611040762646704]",0.1611040762646704,,8192.0,2048.0
candidate2,local2_grain/coalesced64/256,1,5,"[42.34255185037764,42.3401672713812,42.340374152663934,42.340624587901054,42.34025195962565]",42.340374152663934,"[42.34130148888548,42.34156886169471,42.339141334024234,42.34077097763445,42.33984908544864]",42.34077097763445,"[0.16540059316553768,0.1653912784038328,0.1653920865338435,0.1653930647964885,0.16539160921728768]",0.1653920865338435,,256.0,64.0
candidate2,local2_grain/coalesced64/65536,1,5,"[10591.589510383492,10582.618917689848,10573.198120357709,10595.982567833886,10588.653478854027]",10588.653478854027,"[10591.287100184272,10582.319690738645,10575.030771549713,10595.6868273335,10588.35273609185]",10588.35273609185,"[0.16161483017552936,0.16147794979385144,0.16133419983455977,0.1616818629125044,0.1615700298897404]",0.1615700298897404,,65536.0,16384.0
candidate2,local2_grain/coalesced64/8192,1,5,"[1322.829417985416,1317.5427540884505,1320.0748196547963,1314.4129999622319,1318.0582203421855]",1318.0582203421855,"[1322.7919326247616,1317.5056086452284,1320.0715149047944,1314.3758356281273,1318.0205650125374]",1318.0205650125374,"[0.16147820043767286,0.1608328557236878,0.16114194575864213,0.16045080565945213,0.16089577885036443]",0.16089577885036443,,8192.0,2048.0
candidate2,local2_grain/native/256,1,5,"[42.30328379025117,42.289164736992234,42.28542543882963,42.311380567251824,42.28637234901407]",42.289164736992234,"[42.31061252443889,42.28798155230257,42.284217478806475,42.311701440962445,42.28515109480202]",42.28798155230257,"[0.16524720230566867,0.1651920497538759,0.1651774431204282,0.16527883034082744,0.16518114198833622]",0.1651920497538759,,256.0,64.0
candidate2,local2_grain/native/65536,1,5,"[10906.189311311937,10924.089747584869,10908.049859769388,10888.64661888439,10940.245403552524]",10908.049859769388,"[10905.87535057883,10923.782330968452,10908.130414420733,10888.739482749668,10941.484574648648]",10908.130414420733,"[0.16641524217700102,0.16668838115821638,0.16644363189345376,0.16614756193366076,0.16693489690479316]",0.16644363189345376,,65536.0,16384.0
candidate2,local2_grain/native/8192,1,5,"[1344.4623410060324,1344.426161472544,1344.4803058832579,1344.3925181570178,1344.5165238442942]",1344.4623410060324,"[1344.4237405402982,1344.3881950614978,1344.4420512552686,1344.3546093842347,1344.4781539363141]",1344.4237405402982,"[0.16411893811108794,0.16411452166412893,0.16412113108926488,0.16411041481408908,0.1641255522270867]",0.16411893811108794,,8192.0,2048.0
candidate2,local2_grain/predecessor256/256,1,5,"[43.93185889589782,43.93930891629804,43.93919279414997,43.92098170291574,43.922519536766494]",43.93185889589782,"[43.93183378837586,43.938046009401596,43.93793114270123,43.91970812545274,43.922364498214186]",43.93183378837586,"[0.17160882381210088,0.17163792545428921,0.17163747185214828,0.1715663347770146,0.17157234194049412]",0.17160882381210088,,256.0,64.0
candidate2,local2_grain/predecessor256/65536,1,5,"[10724.188425713844,10847.445411513281,10799.537944724356,10844.001374255662,10766.242327072909]",10799.537944724356,"[10723.881203261484,10847.558405879963,10799.230111513643,10843.688654798301,10765.935868099205]",10799.230111513643,"[0.1636381290544715,0.16551888140126464,0.16478787147101373,0.16546632956322727,0.16427982066456465]",0.16478787147101373,,65536.0,16384.0
candidate2,local2_grain/predecessor256/8192,1,5,"[1363.465061884795,1354.1978169769045,1357.0748854887415,1357.7830815710083,1355.5984212065136]",1357.0748854887415,"[1363.4262742381381,1354.159185267597,1357.035922416105,1357.8293148852367,1355.7542344822325]",1357.035922416105,"[0.16643860618710876,0.16530735070518854,0.1656585553575124,0.16574500507458598,0.16547832290118575]",0.1656585553575124,,8192.0,2048.0
candidate2,local2_grain/predecessor64/256,1,5,"[43.94570492766428,43.920204151832024,43.93358725726999,43.93836339578482,43.93469262984495]",43.93469262984495,"[43.944442003474876,43.91895064320508,43.93232307740174,43.9370898008762,43.93343033334374]",43.93343033334374,"[0.17166290987368862,0.17156329746809382,0.1716155752237109,0.17163423201478448,0.17161989308533188]",0.17161989308533188,,256.0,64.0
candidate2,local2_grain/predecessor64/65536,1,5,"[11072.808373843547,11078.332444723223,11132.466206680248,11104.52626626938,11107.065077622712]",11104.52626626938,"[11072.493335423093,11079.432962267374,11132.163870144499,11104.538654514286,11106.747687003148]",11104.538654514286,"[0.1689576473059623,0.16904193793828157,0.16986795359314344,0.16944162393599516,0.16948036312290513]",0.16944162393599516,,65536.0,16384.0
candidate2,local2_grain/predecessor64/8192,1,5,"[1397.8684733765397,1396.094086769788,1389.039527577838,1393.4872748240364,1396.7952439654969]",1396.094086769788,"[1397.8287867327185,1396.0540024715758,1388.9998011724656,1393.4477273631899,1396.8452698062063]",1396.0540024715758,"[0.17063824137897213,0.17042164145139013,0.16956048920627909,0.17010342710254353,0.17050723192938194]",0.17042164145139013,,8192.0,2048.0
