stage,transport,window,batch,rate,wait_us,count,bytes,mtu,device,method,layout,placement,samples,min_us,mean_us,stddev_us,max_us,p01_us,p05_us,p25_us,p50_us,p75_us,p90_us,p95_us,p99_us,p999_us,over_1000us_pct,over_2000us_pct,over_5000us_pct,over_10000us_pct,repetitions,stable_all_passes,goodput_rps,goodput_min_rps,goodput_max_rps,offered_rps,measurement_seconds,below_1ms_pct,retried_packets,max_drain_seconds,max_quorum_drain_seconds,max_all_followers_drain_seconds,recorded_stable_all_passes,max_sampled_queue,max_follower_lag_batches,max_sampled_backlog,first_quarter_mean_queue,last_quarter_mean_queue,leader_cpu_us_per_record,mean_batch_records,record_weighted_batch_records,queue_samples,queue_min_us,queue_mean_us,queue_stddev_us,queue_max_us,queue_p01_us,queue_p05_us,queue_p25_us,queue_p50_us,queue_p75_us,queue_p90_us,queue_p95_us,queue_p99_us,queue_p999_us,queue_over_1000us_pct,queue_over_2000us_pct,queue_over_5000us_pct,queue_over_10000us_pct,p50_repeat_min_us,p50_repeat_max_us,p90_repeat_min_us,p90_repeat_max_us,p99_repeat_min_us,p99_repeat_max_us,p999_repeat_min_us,p999_repeat_max_us
closed,tcp,4,64,0,50,250000,4096,8900,nvme,direct-dsync,raw,good,225040,789.438,1140.2098691788126,109.6525539089823,1559.617,967.79,1008.951,1047.593,1107.907,1247.532,1301.117,1310.498,1315.425,1445.179,96.18201208674013,0.0,0.0,0.0,1,False,207896.49235792368,207896.49235792368,207896.49235792368,207719.2700869643,1.083385282,3.817987913259865,0,0.0,0.0,5.6193e-05,False,64,4,256,10.24,15.36,2.254416,63.9877143588431,63.99658727337362,225040,13.166,50.89315535015997,2.504488548383481,115.286,48.884,49.035,49.545,50.193,51.181,53.806,55.967,59.174,65.605,0.0,0.0,0.0,0.0,1107.907,1107.907,1301.117,1301.117,1315.425,1315.425,1445.179,1445.179
closed,tcp,16,16,0,50,250000,4096,8900,nvme,direct-dsync,raw,good,225008,605.236,830.9963663514186,91.75188653818734,1203.996,665.876,679.623,746.437,849.486,899.687,940.776,972.556,1011.664,1052.936,2.5527981227334138,0.0,0.0,0.0,1,False,273768.467925363,273768.467925363,273768.467925363,273515.6269134967,0.822651351,97.44720187726658,0,0.0,0.0,0.000234718,False,16,16,256,3.84,3.2,2.508492,16.0,16.0,225008,12.332,14.153178055891347,1.6123612797842608,88.978,12.468,12.869,13.08,14.521,14.723,14.848,15.214,21.025,26.894,0.0,0.0,0.0,0.0,849.486,849.486,940.776,940.776,1011.664,1011.664,1052.936,1052.936
closed,tcp,16,64,0,50,250000,4096,8900,nvme,direct-dsync,raw,good,225040,856.998,2245.9205170991822,365.75660576519647,2871.747,1028.953,1513.499,2037.872,2307.336,2533.894,2637.611,2680.661,2749.93,2796.766,99.31745467472449,78.86242445787416,0.0,0.0,1,False,377587.22883667,377587.22883667,377587.22883667,377158.18291227636,0.596672723,0.6825453252755066,0,0.0,0.0,0.000882443,False,64,16,1024,30.72,15.36,1.916572,63.9877143588431,63.99658727337362,225040,13.529,54.179745254177035,4.481557864485281,150.44,48.915,49.281,51.071,54.402,55.86,57.497,61.988,68.007,89.36,0.0,0.0,0.0,0.0,2307.336,2307.336,2637.611,2637.611,2749.93,2749.93,2796.766,2796.766
closed,tcp,64,1,0,50,128000,4096,8900,nvme,direct-dsync,raw,good,115200,504.345,800.6684254513889,77.06514883046226,1121.077,630.83772,666.3459,749.80725,807.901,850.42625,894.404,923.3132499999999,977.5763699999999,1025.7413140000008,0.3862847222222222,0.0,0.0,0.0,1,False,70183.4354220955,70183.4354220955,70183.4354220955,70148.11779334537,1.642239359,99.61371527777777,0,0.0,0.0,0.000328443,False,1,64,64,0.12,0.12,9.45359375,1.0,1.0,115200,0.746,0.8017768142361111,0.29553998951940275,13.856,0.752,0.755,0.76,0.765,0.775,0.793,0.806,1.763,5.208239000000264,0.0,0.0,0.0,0.0,807.901,807.901,894.404,894.404,977.5763699999999,977.5763699999999,1025.7413140000008,1025.7413140000008
closed,tcp,64,4,0,50,250000,4096,8900,nvme,direct-dsync,raw,good,225000,456.701,908.2597718755555,53.79647290668764,1070.604,701.542,819.613,883.458,915.942,943.56,965.0341,974.833,995.119,1031.065,0.6862222222222222,0.0,0.0,0.0,1,False,259227.05335036042,259227.05335036042,259227.05335036042,259075.06264694087,0.86847417,99.31377777777777,0,0.0,0.0,0.000220707,False,4,64,256,0.8,1.44,3.783676,4.0,4.0,225000,2.994,3.225158222222222,0.7362156418854733,22.114,3.048,3.057,3.081,3.096,3.124,3.226,4.203,4.81,13.542,0.0,0.0,0.0,0.0,915.942,915.942,965.0341,965.0341,995.119,995.119,1031.065,1031.065
closed,udp,4,64,0,50,250000,4096,8900,nvme,direct-dsync,raw,good,225040,607.926,889.6509871311766,70.62231719261429,1166.608,699.928,743.783,853.395,900.365,946.844,961.697,970.394,999.154,1079.644,0.9669392108069677,0.0,0.0,0.0,1,False,260676.98394358606,260676.98394358606,260676.98394358606,260528.7983490754,0.863781668,99.03306078919303,180,0.0,0.0,0.000149363,False,64,4,256,15.36,12.8,2.870708,63.9877143588431,63.99658727337362,225040,15.403,56.93190067543548,2.741310795031294,111.948,54.176,54.503,55.176,55.866,58.873,60.251,61.304,66.208,70.993,0.0,0.0,0.0,0.0,900.365,900.365,961.697,961.697,999.154,999.154,1079.644,1079.644
closed,udp,16,16,0,50,250000,4096,8900,nvme,direct-dsync,raw,good,225008,603.155,884.0185582734836,71.56726529532467,1089.705,687.376,744.72,839.939,883.326,930.688,964.68,997.331,1013.681,1054.519,4.444286425371542,0.0,0.0,0.0,1,False,262628.09517246345,262628.09517246345,262628.09517246345,262385.54293907026,0.857547247,95.55571357462846,0,0.0,0.0,3.03e-05,False,16,16,256,3.2,7.04,3.03522,16.0,16.0,225008,13.615,14.693717770034842,1.1834114126065962,39.663,14.011,14.111,14.354,14.513,14.588,14.706,15.981,21.845,26.849,0.0,0.0,0.0,0.0,883.326,883.326,964.68,964.68,1013.681,1013.681,1054.519,1054.519
closed,udp,16,64,0,50,250000,4096,8900,nvme,direct-dsync,raw,good,225040,660.801,1062.355640881621,127.72524000497756,1903.642,793.243,917.071,971.138,1020.389,1177.466,1222.268,1259.934,1441.547,1846.039,59.60895840739424,0.0,0.0,0.0,1,False,250039.04639188852,250039.04639188852,250039.04639188852,249896.90808654248,0.90053135,40.39104159260576,118538,0.0,0.0,0.003310259,False,64,16,384,12.8,17.92,3.823768,63.9877143588431,63.99658727337362,225040,15.429,57.83608908638464,2.915516790324799,83.371,53.745,54.21,55.296,58.138,59.423,60.658,63.151,66.998,70.592,0.0,0.0,0.0,0.0,1020.389,1020.389,1222.268,1222.268,1441.547,1441.547,1846.039,1846.039
closed,udp,64,1,0,50,128000,4096,8900,nvme,direct-dsync,raw,good,115200,395.945,681.6854968142361,75.8280822310865,973.111,528.1214699999999,569.1296,623.1055,672.372,744.8165,783.0364,803.6221499999999,850.3864999999997,906.0486070000001,0.0,0.0,0.0,0.0,1,False,80587.43233492975,80587.43233492975,80587.43233492975,80555.96516103871,1.430061694,100.0,0,0.0,0.0,0.000192608,False,1,64,64,0.08,0.12,7.468203125,1.0,1.0,115200,0.801,1.0125885677083333,0.47004324579728823,72.943,0.818,0.827,0.858,0.89,0.923,1.785,1.86,2.123009999999995,5.743821000000142,0.0,0.0,0.0,0.0,672.372,672.372,783.0364,783.0364,850.3864999999997,850.3864999999997,906.0486070000001,906.0486070000001
closed,udp,64,4,0,50,250000,4096,8900,nvme,direct-dsync,raw,good,225000,619.126,887.50841248,36.82133545408106,1058.098,789.416,822.491,864.624,891.32,913.962,929.6714000000001,939.447,962.047,1004.731,0.1688888888888889,0.0,0.0,0.0,1,False,271927.8131132547,271927.8131132547,271927.8131132547,271628.41823448957,0.828337482,99.83111111111111,0,0.0,0.0,3.0619e-05,False,4,64,256,1.28,1.6,3.615484,4.0,4.0,225000,3.302,3.5574664355555554,0.6657212304545143,84.272,3.345,3.364,3.397,3.444,3.526,3.642,4.481,5.187,10.451,0.0,0.0,0.0,0.0,891.32,891.32,929.6714000000001,929.6714000000001,962.047,962.047,1004.731,1004.731
open,tcp,16,1,1000,0,7000,4096,8900,nvme,direct-dsync,raw,good,5961,385.358,415.8936148297266,22.700053677200163,610.198,391.4172,394.636,402.205,409.811,420.889,441.911,459.543,509.28899999999993,564.0545999999998,0.0,0.0,0.0,0.0,1,True,984.134609450462,984.134609450462,984.134609450462,984.134609450462,6.057098229,100.0,0,0.000418996,0.000418996,0.00047448,True,1,6,3,0.0,0.04,17.539428571428573,1.0,1.0,5961,0.79,3.2160476430129172,0.6964982933097222,39.255,1.435,2.62,2.923,3.2,3.465,3.708,3.871,5.089199999999993,6.724799999999999,0.0,0.0,0.0,0.0,409.811,409.811,441.911,441.911,509.28899999999993,509.28899999999993,564.0545999999998,564.0545999999998
open,tcp,16,1,264300,50,1850100,4096,8900,nvme,direct-dsync,raw,good,1585792,12016249.359,48780992.471958,21274224.972702716,84485081.881,12736830.45293,15623209.589300001,30050379.087750003,48841495.331,67687749.72875,77749139.50330001,81119753.48975,83818252.52941,84419179.411345,100.0,100.0,100.0,100.0,1,False,20302.15810052903,20302.15810052903,20302.15810052903,263977.82814632653,6.007292397,0.0,0,84.485081881,84.485081881,84.485273678,False,1707774,16,1707783,419910.84,1531929.52,9.985298091995027,1.0,1.0,1585792,12015692.862,48780384.82740125,21274238.64626667,84484480.082,12736324.6008,15622563.0566,30049747.7045,48840933.6155,67687283.29875,77748596.1489,81119188.41894999,83817792.35982,84418526.88235901,100.0,100.0,100.0,100.0,48841495.331,48841495.331,77749139.50330001,77749139.50330001,83818252.52941,83818252.52941,84419179.411345,84419179.411345
open,tcp,16,4,264300,50,1850100,4096,8900,nvme,direct-dsync,raw,good,1585792,2529656.138,9361444.522884918,3920975.796132363,16162526.031,2680957.64335,3255269.9869,5963618.90875,9359718.660500001,12758553.284,14795527.4408,15473572.60715,16023004.49195,16148804.460177999,100.0,100.0,100.0,100.0,1,False,77734.18857274245,77734.18857274245,77734.18857274245,263977.82814632653,6.007292397,0.0,0,16.162485598,16.162485598,16.162594334,False,1307820,16,1307872,325701.68,1175973.56,3.944819198962218,4.0,4.0,1585792,2528931.597,9360761.605335396,3920977.2268039305,16161815.597,2680311.5025400002,3254530.21145,5962958.893750001,9359143.46,12757850.214499999,14794800.0205,15472903.81605,16022336.0389,16148132.862133,100.0,100.0,100.0,100.0,9359718.660500001,9359718.660500001,14795527.4408,14795527.4408,16023004.49195,16023004.49195,16148804.460177999,16148804.460177999
open,tcp,16,16,264300,50,1850100,4096,8900,nvme,direct-dsync,raw,good,1585792,845.341,111479.36909554659,87228.0158405153,276149.256,1673.9882699999998,3823.4451,28683.819000000003,98551.476,189141.03975,239315.71930000014,257535.18889999998,272849.86748,275717.130617,99.98915368472032,98.80942771813706,91.52007325046412,88.00031782226168,1,False,254456.06755605375,254456.06755605375,254456.06755605375,263977.82814632653,6.007292397,0.010846315279683591,0,0.275835625,0.275835625,0.275926023,False,68724,16,68932,4815.76,58117.88,2.520193503053889,15.999896222498963,15.999969731213174,1585792,64.471,110639.75690920689,87219.68858370806,275227.771,828.42196,2960.6947,27864.85675,97617.079,188331.81975,238475.50430000006,256693.78435,271978.94669000007,274882.181659,98.90023407861813,97.86031207119218,90.77552415449189,87.36713263782387,98551.476,98551.476,239315.71930000014,239315.71930000014,272849.86748,272849.86748,275717.130617,275717.130617
open,tcp,16,64,18900,50,132300,4096,8900,nvme,direct-dsync,raw,good,113502,402.863,659.2519991806312,95.46511759281299,1011.664,471.01409,510.398,587.79775,655.117,725.90175,787.0187000000001,823.77355,886.3128700000001,939.6854149999997,0.0008810417437578193,0.0,0.0,0.0,1,True,18849.392465201396,18849.392465201396,18849.392465201396,18849.890691418324,6.021361177,99.99911895825625,0,0.000538683,0.000538683,0.000717316,True,5,16,24,0.76,0.6,8.256084656084656,1.987501126701319,2.4771633980017973,113502,1.541,41.48692008070342,16.560519082556365,84.285,3.50201,7.838,28.969250000000002,52.692,53.923,54.855,55.427949999999996,56.94999000000001,59.39998599999994,0.0,0.0,0.0,0.0,655.117,655.117,787.0187000000001,787.0187000000001,886.3128700000001,886.3128700000001,939.6854149999997,939.6854149999997
open,tcp,16,64,188800,50,1321600,4096,8900,nvme,direct-dsync,raw,good,1132756,462.631,705.6921207409187,102.98094911236966,1757.026,535.867,568.78775,633.707,695.518,761.484,819.717,865.18075,1065.8599,1344.2840800000206,1.640423886521016,0.0,0.0,0.0,1,True,188730.7887993256,188730.7887993256,188730.7887993256,188736.45377874613,6.001787028,98.35957611347898,0,0.000702152,0.000702152,0.0008054,True,19,16,203,7.28,7.12,2.945021186440678,11.432822651106862,12.48783497946601,1132756,2.492,41.22905517251729,22.932308562733784,608.951,8.753,12.798,25.291,40.184,54.95425,61.981,65.749,116.8268499999994,247.51190500000772,0.0,0.0,0.0,0.0,695.518,695.518,819.717,819.717,1065.8599,1065.8599,1344.2840800000206,1344.2840800000206
open,tcp,16,64,264300,0,1850100,4096,8900,nvme,direct-dsync,raw,good,1585792,567.159,1176.8508341434438,201.72476552372243,2586.838,779.06482,891.09055,1041.79575,1155.645,1285.724,1434.3599000000002,1533.43645,1770.38509,2185.149433000011,82.4741201872629,0.3167502421502946,0.0,0.0,1,True,263981.3238975922,263981.3238975922,263981.3238975922,263977.82814632653,6.007292397,17.52562757284688,0,0.000889228,0.000889228,0.001127982,True,172,16,615,38.52,31.92,2.451672882546889,22.84497129097981,44.02823951691016,1585792,0.825,141.89229719219168,104.39783470400818,1035.689,5.904,14.353,57.793,121.895,207.714,285.78,324.0014499999999,442.3632700000002,704.760958000002,0.0006305997255629995,0.0,0.0,0.0,1155.645,1155.645,1434.3599000000002,1434.3599000000002,1770.38509,1770.38509,2185.149433000011,2185.149433000011
open,tcp,16,64,264300,50,1850100,4096,8900,nvme,direct-dsync,raw,good,1585792,504.5,714.036776947418,74.63199267561313,1439.873,575.75982,609.134,664.03,708.445,754.195,799.453,834.7464499999999,958.9695400000005,1149.302209,0.6423288804584713,0.0,0.0,0.0,1,True,263978.1610750185,263978.1610750185,263978.1610750185,263977.82814632653,6.007292397,99.35767111954154,0,0.000644592,0.000644592,0.000820662,True,56,16,264,11.08,11.56,2.628771417761202,16.04805482066184,17.243699047542176,1585792,3.675,46.06378517106909,25.4484479172783,459.942,11.94,16.55,29.178,43.944,58.539,66.873,73.391,150.459,263.0415980000007,0.0,0.0,0.0,0.0,708.445,708.445,799.453,799.453,958.9695400000005,958.9695400000005,1149.302209,1149.302209
open,tcp,16,64,264300,100,1850100,4096,8900,nvme,direct-dsync,raw,good,1585792,577.971,881.2083759837356,98.72672300342134,1328.304,655.03973,721.736,813.101,881.0865,951.879,1009.9209000000002,1038.07345,1105.5712700000001,1142.8546720000004,12.421994813947856,0.0,0.0,0.0,1,True,263978.99339674844,263978.99339674844,263978.99339674844,263977.82814632653,6.007292397,87.57794212607959,0,0.000798892,0.000798892,0.000831341,True,44,16,313,19.96,17.6,2.37714177612021,29.195663494768734,29.103187555492777,1585792,9.048,78.09585396004016,31.007305585295942,311.922,23.092,29.81,51.499,78.174,104.835,120.612,125.647,132.102,138.55220900000003,0.0,0.0,0.0,0.0,881.0865,881.0865,1009.9209000000002,1009.9209000000002,1105.5712700000001,1105.5712700000001,1142.8546720000004,1142.8546720000004
open,tcp,16,64,320900,50,2000000,4096,8900,nvme,direct-dsync,raw,good,1679695,546.018,1066.094470410402,202.64163165713288,2133.454,674.1498799999999,743.7627,912.927,1067.428,1206.915,1323.6806000000001,1400.9582999999998,1553.5287200000007,1775.283300000005,61.785026448254,0.008096708033303665,0.0,0.0,1,True,321026.3354525189,321026.3354525189,321026.3354525189,321026.5265744348,5.232262324,38.214973551746,0,0.00081927,0.00081927,0.00085337,True,90,16,518,23.92,27.72,2.36755,25.57381241608593,29.841183667272926,1679695,5.037,74.36820226529221,55.64336746925576,600.333,15.506,21.382,38.723,57.919,87.185,152.3516000000001,196.7672999999998,275.3341800000002,365.41212000000195,0.0,0.0,0.0,0.0,1067.428,1067.428,1323.6806000000001,1323.6806000000001,1553.5287200000007,1553.5287200000007,1775.283300000005,1775.283300000005
open,tcp,16,64,396500,50,2000000,4096,8900,nvme,direct-dsync,raw,good,1603760,260883.218,450683.59454213036,104564.7060728992,632278.933,265401.35076,284982.04715,369010.74575,464806.8545,532628.0345000001,589632.1168,613677.88845,627449.65672,631501.356579,100.0,100.0,100.0,100.0,1,False,363291.32364875247,363291.32364875247,363291.32364875247,396482.1417396096,4.044974114,0.0,0,0.632087295,0.632087295,0.633494446,False,227456,16,228096,110010.0,211375.92,2.042015,64.0,64.0,1603760,259692.813,449096.1247289015,104578.78380250317,631178.212,264203.82138,282489.1496,367815.88975,463084.4575,530140.71,588348.8439,612546.1547999999,626426.1292900001,630336.176738,100.0,100.0,100.0,100.0,464806.8545,464806.8545,589632.1168,589632.1168,627449.65672,627449.65672,631501.356579,631501.356579
open,tcp,64,1,3500,50,24500,4096,8900,nvme,direct-dsync,raw,good,20914,383.489,429.7118456536291,41.35205157797096,1116.986,388.52326,392.83065,403.84725000000003,418.49649999999997,440.8175,475.5204,507.22234999999995,590.6222799999999,720.5682549999991,0.01434445825762647,0.0,0.0,0.0,1,True,3474.3192021856967,3474.3192021856967,3474.3192021856967,3473.9869857769963,6.020172236,99.98565554174237,0,0.000406264,0.000406264,0.000533094,True,1,11,5,0.08,0.04,16.503510204081632,1.0,1.0,20914,0.779,3.1602629339198622,0.7017075038902552,13.446,0.928,2.4019500000000003,2.858,3.154,3.434,3.656,3.976,5.756829999999991,7.712565999999992,0.0,0.0,0.0,0.0,418.49649999999997,418.49649999999997,475.5204,475.5204,590.6222799999999,590.6222799999999,720.5682549999991,720.5682549999991
open,tcp,64,1,35100,50,245700,4096,8900,nvme,direct-dsync,raw,good,210744,404.874,678.6068009243443,103.29871040571739,1433.061,476.49858,518.7331499999999,603.7145,673.7155,746.0504999999999,814.8469000000001,856.6759499999998,927.82356,1112.503811000009,0.22586645408647457,0.0,0.0,0.0,1,True,35078.578602659276,35078.578602659276,35078.578602659276,35077.74636671503,6.00791162,99.77413354591353,0,0.000581074,0.000581074,0.000813745,True,15,64,41,0.72,0.08,11.83097273097273,1.0,1.0,210744,0.775,4.944653195346012,24.110751298515794,733.579,0.823,0.935,2.127,3.062,3.557,4.589,5.844,19.743090000000258,409.81929400000666,0.0,0.0,0.0,0.0,673.7155,673.7155,814.8469000000001,814.8469000000001,927.82356,927.82356,1112.503811000009,1112.503811000009
open,tcp,64,1,59700,50,417900,4096,8900,nvme,direct-dsync,raw,good,358469,437.147,892.9003076500339,384.7599971427641,3731.679,557.53076,601.584,682.015,758.049,916.665,1377.8976,1692.1715999999988,2552.25396,3308.974176000002,20.596202182057585,2.7243638919962394,0.0,0.0,1,True,59684.4887793087,59684.4887793087,59684.4887793087,59684.15578451258,6.006099865,79.4035188537921,0,0.000919495,0.000919495,0.001120915,True,125,64,169,14.2,11.4,10.389973677913376,1.0,1.0,358469,0.756,173.99757583779908,364.9415936041168,2882.898,0.83,0.967,2.444,4.0,160.785,630.691,938.4109999999987,1789.5989600000007,2540.893352000001,4.405680825957056,0.6287851948146144,0.0,0.0,758.049,758.049,1377.8976,1377.8976,2552.25396,2552.25396,3308.974176000002,3308.974176000002
open,tcp,64,1,73700,50,515900,4096,8900,nvme,direct-dsync,raw,good,442019,46051.411,188212.4195169506,96094.91636622931,360272.782,49937.39612,60279.457500000004,103232.987,183219.346,270750.0995,329771.4344,346957.7778,356713.64672,359839.094058,100.0,100.0,100.0,100.0,1,False,70014.29447574713,70014.29447574713,70014.29447574713,73716.64557791635,5.996189823,0.0,0,0.360169747,0.360169747,0.360377226,False,25467,64,25522,4917.56,22200.52,9.42366737739872,1.0,1.0,442019,45276.265,187410.5583719591,96083.61777471386,359548.813,49139.57304,59526.9027,102439.101,182406.622,269942.335,328958.0146,346152.6014,355880.73042,359026.19848799997,100.0,100.0,100.0,100.0,183219.346,183219.346,329771.4344,329771.4344,356713.64672,356713.64672,359839.094058,359839.094058
open,tcp,64,4,13000,50,91000,4096,8900,nvme,direct-dsync,raw,good,77783,390.411,534.7665497088052,65.11108012782167,918.367,426.24566,449.144,488.7425,523.439,569.0029999999999,622.9292,661.4019,730.0433199999998,817.2250899999967,0.0,0.0,0.0,0.0,1,True,12970.923114456427,12970.923114456427,12970.923114456427,12971.25663866194,5.996566267,100.0,0,0.000519585,0.000519585,0.000619073,True,3,16,15,0.32,0.68,9.921846153846154,1.675442795595979,2.0616458609207666,77783,1.634,42.69823182443464,16.44044926263303,72.861,3.4692800000000004,6.7292000000000005,32.286,52.953,53.79,54.541,55.0749,56.38517999999999,58.42921799999999,0.0,0.0,0.0,0.0,523.439,523.439,622.9292,622.9292,730.0433199999998,730.0433199999998,817.2250899999967,817.2250899999967
open,tcp,64,4,129600,50,907200,4096,8900,nvme,direct-dsync,raw,good,777338,464.56,632.3605078575857,51.918753604437505,851.958,525.98611,551.081,594.159,629.751,668.877,702.564,720.972,752.746,783.7331939999978,0.0,0.0,0.0,0.0,1,True,129795.1560656546,129795.1560656546,129795.1560656546,129798.66261224677,5.988798223,100.0,0,0.000606663,0.000606663,0.00069926,True,6,64,108,2.44,2.44,4.536342592592593,3.956596071316423,3.9718050577740955,777338,1.635,17.165734056485082,12.103734499833823,113.727,3.331,4.138,7.003,13.98,23.933,34.675,42.062,54.41,56.712,0.0,0.0,0.0,0.0,629.751,629.751,702.564,702.564,752.746,752.746,783.7331939999978,783.7331939999978
open,tcp,64,4,220300,50,1542100,4096,8900,nvme,direct-dsync,raw,good,1321883,146619.862,517018.40727482765,210616.45197377983,872710.456,153179.01640000002,180799.05600000004,333243.699,530172.318,700695.184,800454.1806000001,837522.8405999999,867314.2798,871686.00353,100.0,100.0,100.0,100.0,1,False,196664.8787915342,196664.8787915342,196664.8787915342,220703.1109149353,5.989417161,0.0,0,0.872554877,0.872554877,0.873000879,False,172400,64,172632,46412.56,156563.96,3.8799818429414437,4.0,4.0,1321883,145709.189,516062.19715237047,210623.67635711457,871763.188,152190.6825,179884.8133,332262.1355,529302.915,699950.4450000001,799574.311,836565.0170999999,866477.4941799999,870969.5323119999,100.0,100.0,100.0,100.0,530172.318,530172.318,800454.1806000001,800454.1806000001,867314.2798,867314.2798,871686.00353,871686.00353
open,tcp,64,4,272200,50,1905400,4096,8900,nvme,direct-dsync,raw,good,1634207,137565.211,265083.04852008406,72730.9502793924,386598.941,140517.56272000002,151251.94329999998,201533.379,268337.1,328702.30449999997,363585.6164,375439.5158,384565.99919999996,386189.13658399996,100.0,100.0,100.0,100.0,1,False,261536.0082129517,261536.0082129517,261536.0082129517,272419.9226559377,5.998852742,0.0,0,0.386473307,0.386473307,0.386644203,False,100812,64,101044,43710.2,93817.56,3.821580770441902,4.0,4.0,1634207,136636.309,264186.3949083433,72733.92037627146,385796.558,139594.0742,150353.1379,200639.1415,267488.478,327759.863,362675.1292,374567.2441,383629.92335999996,385306.096182,100.0,100.0,100.0,100.0,268337.1,268337.1,363585.6164,363585.6164,384565.99919999996,384565.99919999996,386189.13658399996,386189.13658399996
open,udp,16,1,1000,0,7000,4096,8900,nvme,direct-dsync,raw,good,5961,381.685,407.67921456131523,21.230855289915066,668.212,386.14,389.611,397.072,403.471,411.826,423.311,438.411,499.98019999999997,631.3980799999998,0.0,0.0,0.0,0.0,1,True,984.134609450462,984.134609450462,984.134609450462,984.134609450462,6.057098229,100.0,0,0.000423347,0.000423347,0.000476541,True,1,6,3,0.0,0.04,16.27057142857143,1.0,1.0,5961,0.846,3.2720431135715486,0.4757870647372436,7.762,1.6638000000000002,2.694,2.997,3.269,3.534,3.76,3.917,4.6437999999999935,6.643319999999998,0.0,0.0,0.0,0.0,403.471,403.471,423.311,423.311,499.98019999999997,499.98019999999997,631.3980799999998,631.3980799999998
open,udp,16,1,190300,50,1332100,4096,8900,nvme,direct-dsync,raw,good,1141841,8177991.895,33112670.44787199,14385606.548727134,57844715.503,8678651.5134,10669880.382,20645915.107,33125084.43,45600274.519,53071925.317,55464889.346,57367482.8482,57797535.2606,100.0,100.0,100.0,100.0,1,False,20842.562845003482,20842.562845003482,20842.562845003482,189911.0472844778,6.012504361,0.0,0,57.844698916,57.844698916,57.844774989,False,1185838,16,1185848,291140.8,1063729.08,8.691164327002477,1.0,1.0,1141841,8177436.487,33112066.208468173,14385599.878218086,57844065.586,8678036.1798,10669314.996,20645352.431,33124408.995,45599724.379,53071385.309,55464292.916,57366757.6544,57796879.46388,100.0,100.0,100.0,100.0,33125084.43,33125084.43,53071925.317,53071925.317,57367482.8482,57367482.8482,57797535.2606,57797535.2606
open,udp,16,4,190300,50,1332100,4096,8900,nvme,direct-dsync,raw,good,1141841,1460521.441,6316624.158714589,2788921.8121404937,11131880.34,1559740.7193999998,1960897.397,3910658.801,6315705.875,8747430.021,10169837.316,10643964.955,11034523.8876,11123060.083519999,100.0,100.0,100.0,100.0,1,False,73166.84921735892,73166.84921735892,73166.84921735892,189911.0472844778,6.012504361,0.0,4,11.131829491,11.131829491,11.131862396,False,813276,16,813336,192267.8,728745.64,3.7912844381052473,4.0,4.0,1141841,1459722.404,6315863.596144381,2788924.7919656313,11131110.761,1558960.6342,1960099.668,3909862.296,6314771.23,8746632.522,10169052.081,10643181.134,11033744.2326,11122260.49352,100.0,100.0,100.0,100.0,6315705.875,6315705.875,10169837.316,10169837.316,11034523.8876,11034523.8876,11123060.083519999,11123060.083519999
open,udp,16,16,190300,50,1332100,4096,8900,nvme,direct-dsync,raw,good,1141841,456.589,619.4829146422313,43.30619472499593,996.532,523.8184,550.738,589.301,618.537,648.523,675.208,692.148,722.7452000000002,768.8433199999998,0.0,0.0,0.0,0.0,1,True,189913.87472525443,189913.87472525443,189913.87472525443,189911.0472844778,6.012504361,100.0,0,0.000538111,0.000538111,0.000677692,True,17,16,155,7.72,7.56,3.63059079648675,10.912859331350816,11.714265821598628,1141841,2.633,39.731526875458144,16.81944841702128,246.344,9.673,13.749,25.469,39.85,54.25,61.509,64.021,68.427,104.06047999999765,0.0,0.0,0.0,0.0,618.537,618.537,675.208,675.208,722.7452000000002,722.7452000000002,768.8433199999998,768.8433199999998
open,udp,16,64,190300,50,1332100,4096,8900,nvme,direct-dsync,raw,good,1141841,486.711,704.8277099359718,62.424494595763456,1044.694,574.526,606.724,659.265,702.96,748.107,787.096,810.315,852.2614000000004,903.0950399999984,0.0019267130887750572,0.0,0.0,0.0,1,True,189911.8788847062,189911.8788847062,189911.8788847062,189911.0472844778,6.012504361,99.99807328691122,83438,0.000610839,0.000610839,0.000711673,True,18,16,180,8.68,6.08,3.643788003903611,12.384715507623651,11.972147610744402,1141841,2.701,40.18361892330018,17.0151555481282,232.883,9.673399999999999,13.776,25.861,40.354,54.853,61.943,64.578,69.684,108.0469199999969,0.0,0.0,0.0,0.0,702.96,702.96,787.096,787.096,852.2614000000004,852.2614000000004,903.0950399999984,903.0950399999984
open,udp,64,1,4000,50,28000,4096,8900,nvme,direct-dsync,raw,good,24016,379.573,434.4180281479014,51.544869164263254,780.544,383.7992,387.0165,398.642,421.8985,445.60825,501.0585,543.744,631.5541,698.9495650000001,0.0,0.0,0.0,0.0,1,True,4003.4737868971115,4003.4737868971115,4003.4737868971115,4003.8072152128357,5.998290804,100.0,0,0.000425105,0.000425105,0.00046954,True,1,12,7,0.0,0.12,14.806821428571428,1.0,1.0,24016,0.848,3.186579030646236,0.7277254425286531,47.775,1.00615,1.9685000000000001,2.9057500000000003,3.202,3.488,3.694,4.021,5.231099999999992,7.126565000000016,0.0,0.0,0.0,0.0,421.8985,421.8985,501.0585,501.0585,631.5541,631.5541,698.9495650000001,698.9495650000001
open,udp,64,1,40300,50,282100,4096,8900,nvme,direct-dsync,raw,good,241591,420.483,689.7528234578275,78.5150495439243,965.322,517.8056,560.9449999999999,633.895,687.4,747.335,795.784,819.354,856.9886000000001,890.27751,0.0,0.0,0.0,0.0,1,True,40180.56802676748,40180.56802676748,40180.56802676748,40182.89659261761,6.012284342,100.0,99,0.000613006,0.000613006,0.000662373,True,2,64,43,0.08,0.16,9.892662176533145,1.0,1.0,241591,0.828,2.9816642134847737,1.3073892556062225,79.485,0.909,1.019,2.042,3.106,3.6,4.359,4.813,6.896100000000006,10.179100000000036,0.0,0.0,0.0,0.0,687.4,687.4,795.784,795.784,856.9886000000001,856.9886000000001,890.27751,890.27751
open,udp,64,1,68500,50,479500,4096,8900,nvme,direct-dsync,raw,good,410993,399.654,598.3242736932259,68.68904734158487,1120.585,460.30091999999996,488.13259999999997,544.836,599.572,652.042,685.9788,702.6933999999999,735.6692400000001,872.7184799999915,0.023844688352356366,0.0,0.0,0.0,1,True,68513.56535421021,68513.56535421021,68513.56535421021,68511.89836965404,5.998855816,99.97615531164764,0,0.000592462,0.000592462,0.000624772,True,2,64,59,0.16,0.6,9.01674661105318,1.0,1.0,410993,0.827,3.968248622239308,10.676953678341071,401.515,0.9,0.988,1.611,3.007,3.847,4.974,6.648,33.07828000000026,166.32517599999596,0.0,0.0,0.0,0.0,599.572,599.572,685.9788,685.9788,735.6692400000001,735.6692400000001,872.7184799999915,872.7184799999915
open,udp,64,1,84600,50,592200,4096,8900,nvme,direct-dsync,raw,good,507373,147004.554,541550.3319991762,223511.72141592816,923665.544,155479.04799999998,190725.4722,347426.351,545903.099,735638.923,848919.4802,885938.2455999999,915108.85192,922932.667188,100.0,100.0,100.0,100.0,1,False,74803.21326296317,74803.21326296317,74803.21326296317,84661.43955598105,5.992964479,0.0,13,0.923479346,0.923479346,0.92357073,False,69350,64,69413,18346.2,62756.48,7.503596757852077,1.0,1.0,507373,146350.202,540782.2350309811,223506.22017802112,922877.117,154755.66716,190019.7504,346667.457,545118.502,734871.049,848128.9514,885180.7827999999,914318.7696,922169.794072,100.0,100.0,100.0,100.0,545903.099,545903.099,848919.4802,848919.4802,915108.85192,915108.85192,922932.667188,922932.667188
open,udp,64,4,13600,50,95200,4096,8900,nvme,direct-dsync,raw,good,81597,386.687,547.1542819711509,82.95273981440076,1021.735,409.65556,434.7638,478.421,538.483,606.743,663.4174,691.6538,747.6202399999999,830.839591999997,0.0036766057575646164,0.0,0.0,0.0,1,True,13532.03932496932,13532.03932496932,13532.03932496932,13532.205166914084,6.029837635,99.99632339424244,821,0.000447869,0.000447869,0.000627523,True,2,64,14,0.4,0.68,9.419443277310924,1.6993324051265575,2.0889616039805383,81597,1.83,42.655007488020395,16.528295882747024,232.131,3.7329600000000003,6.858,31.88,53.072,53.965,54.721,55.264,56.20407999999999,58.43927999999965,0.0,0.0,0.0,0.0,538.483,538.483,663.4174,663.4174,747.6202399999999,747.6202399999999,830.839591999997,830.839591999997
open,udp,64,4,136000,50,952000,4096,8900,nvme,direct-dsync,raw,good,815636,430.922,642.2737191860094,74.31793506733588,924.514,495.3014,523.59,583.66,642.5245,700.362,739.228,759.739,799.7739000000001,843.4298549999997,0.0,0.0,0.0,0.0,1,True,136002.3269601767,136002.3269601767,136002.3269601767,135999.6591101238,5.997338562,100.0,422,0.00047869,0.00047869,0.00101973,True,5,64,124,2.28,2.08,4.469096638655462,3.965956099532167,3.978174087460583,815636,1.94,16.89139009558185,11.680027216424461,103.155,3.654,4.324,7.203,13.8,23.338,33.578,40.777,54.14365000000002,56.368,0.0,0.0,0.0,0.0,642.5245,642.5245,739.228,739.228,799.7739000000001,799.7739000000001,843.4298549999997,843.4298549999997
open,udp,64,4,190300,0,1332100,4096,8900,nvme,direct-dsync,raw,good,1141841,480.88,798.1902673401988,86.5237489277392,1412.693,613.8844,663.389,738.502,793.783,854.288,911.117,944.312,1011.4802000000002,1153.0520399999984,1.2913356588176463,0.0,0.0,0.0,1,True,189914.70632548284,189914.70632548284,189914.70632548284,189911.0472844778,6.012504361,98.70866434118236,325,0.000673583,0.000673583,0.001031624,True,47,64,201,12.56,5.52,4.502169506793784,2.667806874894858,3.2929225697798556,1141841,0.874,35.64814895331312,41.137788713586026,468.371,1.153,2.016,7.175,17.867,52.237,92.742,119.743,175.31420000000017,303.6886399999997,0.0,0.0,0.0,0.0,793.783,793.783,911.117,911.117,1011.4802000000002,1011.4802000000002,1153.0520399999984,1153.0520399999984
open,udp,64,4,190300,100,1332100,4096,8900,nvme,direct-dsync,raw,good,1141841,498.557,750.0214159537098,121.33808553375232,3127.441,580.287,621.259,694.121,745.428,794.419,838.321,865.58,930.3974000000009,2555.5093599999686,0.5372902181652262,0.2653609390449283,0.0,0.0,1,True,189916.86848607674,189916.86848607674,189916.86848607674,189911.0472844778,6.012504361,99.46270978183477,802,0.000643361,0.000643361,0.000747475,True,6,64,197,2.68,2.28,4.187808723068839,4.0,4.0,1141841,3.347,19.18564481482098,83.6701372829176,2108.957,3.574,3.982,7.183,12.073,18.468,26.547,32.062,47.749,1668.7256799999393,0.2767460618422355,0.00823231956112979,0.0,0.0,745.428,745.428,838.321,838.321,930.3974000000009,930.3974000000009,2555.5093599999686,2555.5093599999686
open,udp,64,4,231100,50,1617700,4096,8900,nvme,direct-dsync,raw,good,1386358,531.138,816.9706687428501,81.08692823033687,1153.913,639.37414,685.115,760.871,816.57,870.095,920.974,954.733,1014.31143,1070.6587179999979,1.5919408983826688,0.0,0.0,0.0,1,True,230848.66538944872,230848.66538944872,230848.66538944872,230848.16584712447,6.005497141,98.40798697017654,408,0.000729084,0.000729084,0.000764502,True,8,64,252,2.64,3.08,3.9696049947456267,3.999456091772152,3.999632129651937,1386358,1.909,13.611881536370838,8.663603700401806,167.204,3.561,3.897,7.423,11.939,17.48,24.055,29.133,42.306429999999935,74.77457399999864,0.0,0.0,0.0,0.0,816.57,816.57,920.974,920.974,1014.31143,1014.31143,1070.6587179999979,1070.6587179999979
open,udp,64,4,285500,50,1998500,4096,8900,nvme,direct-dsync,raw,good,1713416,27926.807,182666.58639513113,96750.34144249363,347341.935,29015.025,37184.677,98034.03525,181527.3935,269074.3285,315167.67,332836.34725,343218.59880000004,346981.58640000003,100.0,100.0,100.0,100.0,1,False,271060.3773470347,271060.3773470347,271060.3773470347,285503.02292465104,6.001393549,0.0,344,0.347166507,0.347166507,0.347251272,False,94276,64,94472,14672.8,83585.4,3.6093319989992496,4.0,4.0,1713416,27236.497,181885.0117221924,96739.94448010478,346482.196,28272.493749999998,36460.853749999995,97275.23725,180752.9845,268297.24175,314392.8595,332057.8435,342338.81195,346086.26629,100.0,100.0,100.0,100.0,181527.3935,181527.3935,315167.67,315167.67,343218.59880000004,343218.59880000004,346981.58640000003,346981.58640000003
preflight,tcp,4,4,0,50,2000,4096,8900,nvme,direct-dsync,raw,good,1800,416.876,518.5659977777777,35.24030732483592,631.334,433.047,467.232,493.827,516.2745,539.29,564.0603,578.623,613.289,631.334,0.0,0.0,0.0,0.0,1,False,20069.777254713208,20069.777254713208,20069.777254713208,19936.864822562788,0.090285008,100.0,0,0.0,0.0,0.000206839,False,4,4,16,0.16,0.16,4.5505,4.0,4.0,1800,2.978,3.288606666666667,0.4321937306861871,4.394,2.99,2.996,3.01,3.113,3.144,4.1621,4.191,4.32,4.394,0.0,0.0,0.0,0.0,516.2745,516.2745,564.0603,564.0603,613.289,613.289,631.334,631.334
preflight,udp,4,4,0,50,2000,4096,8900,nvme,direct-dsync,raw,good,1800,406.894,473.1585533333333,30.607942292273677,585.371,414.745,424.7,450.229,472.323,495.351,512.6231,522.417,549.843,585.371,0.0,0.0,0.0,0.0,1,False,30454.163853115937,30454.163853115937,30454.163853115937,30252.480648790664,0.059499253,100.0,0,0.0,0.0,5.8134e-05,False,4,4,16,0.16,0.16,5.012,4.0,4.0,1800,3.157,3.4783755555555556,0.6876456185680255,16.22,3.196,3.34,3.376,3.391,3.409,3.4361,3.568,4.649,16.22,0.0,0.0,0.0,0.0,472.323,472.323,512.6231,512.6231,549.843,549.843,585.371,585.371
tail,tcp,16,1,1000,0,16000,4096,8900,nvme,direct-dsync,raw,good,44990,384.145,430.7096168926428,50.33609908610339,1415.247,390.50389,394.2848,403.23449999999997,412.9805,433.68025,494.64439999999996,525.8784499999999,632.68222,677.5349609999994,0.006668148477439431,0.0,0.0,0.0,3,True,1000.1833044767915,994.7750345440376,1004.1937209461993,1000.1833044767915,44.981754643,99.99333185152256,0,0.000429115,0.000429115,0.000530703,True,1,6,4,0.0,0.04,17.229854166666666,1.0,1.0,44990,0.779,3.2543563903089576,4.33086817661635,724.501,1.49767,2.607,2.926,3.201,3.463,3.715,3.867,4.972330000000002,7.202065999999991,0.0,0.0,0.0,0.0,409.177,430.401,447.2827,540.103,532.1792100000001,646.0717999999998,649.7280040000005,689.9456799999999
tail,tcp,16,64,264300,50,2000000,4096,8900,nvme,direct-dsync,raw,good,5206715,497.677,773.423989836394,127.30721190965207,1911.859,592.26514,625.584,689.769,747.08,821.18,931.973,1025.121,1227.5588600000003,1500.0237200000063,6.019399947951827,0.0,0.0,0.0,3,True,264148.7327186448,263947.33081441897,264271.5564001818,264146.95709937264,19.711432822,93.9805808460805,0,0.000718576,0.000718576,0.000898882,True,72,16,401,12.373333333333333,15.373333333333333,2.60762,16.783780154858345,18.354260219735476,5206715,3.196,49.273551069532324,31.489836152398105,581.802,12.045,16.764,29.935,45.214,60.168,70.015,98.375,185.53786000000034,299.50214600000345,0.0,0.0,0.0,0.0,704.124,843.196,795.84,1076.901,917.499,1358.90347,1012.34,1612.7310919999973
tail,tcp,16,64,264300,100,2000000,4096,8900,nvme,direct-dsync,raw,good,5206715,494.092,886.3965682024078,906.5419698897874,25518.389,626.128,670.926,750.508,814.831,896.873,992.9286000000005,1064.116,1349.1887200000008,19216.348232001037,9.250439096436045,0.5961340307660397,0.3341646316343414,0.253979716577535,3,True,264624.2435597207,263957.21700631327,265685.49796751566,264146.95709937264,19.711432822,90.74944566775788,0,0.000888994,0.000888994,0.000974091,True,8765,16,9533,152.92,21.46666666666667,2.41942,29.39288985994288,29.408887177423768,5206715,9.048,125.18078179159029,813.7745492524774,23208.408,23.297,30.21,52.245,79.102,105.973,121.759,127.077,138.381,16854.77155200045,0.5349438177430491,0.35135397270639934,0.2985951794941724,0.21727711234434763,758.534,911.849,856.5772,1101.0798000000002,924.63272,5060.563399999927,995.7606320000007,23293.217355999874
tail,tcp,16,64,320900,50,2000000,4096,8900,nvme,direct-dsync,raw,good,5036537,480.565,1421.7103846609286,4218.9488489884725,51793.1,605.90836,658.597,754.214,849.622,1001.516,1166.547,1286.1024000000004,27914.25859999977,48860.9962319999,25.18542006144301,2.057763101909109,1.9451857496529859,1.7636324323637451,3,True,322317.19177927653,321015.2503813951,324868.4026373767,321097.13999210036,15.685399751999999,74.81448066399592,0,0.000963274,0.000963274,0.001040815,True,18629,16,19589,929.2666666666665,21.24,2.45578,22.700273159953692,25.758012698010557,5036537,4.449,574.7310371086324,4070.496893439899,49196.812,14.957,20.358,35.361,52.398,69.044,121.681,185.134,26096.793559999915,46322.849151999966,2.0412041051222296,1.9903358200287222,1.8569505197718195,1.6660058290051278,782.584,951.358,970.7164000000001,1240.538,1239.1712799999993,43237.38271999997,1476.9176279999997,50567.19812399999
tail,tcp,64,1,3500,50,56000,4096,8900,nvme,direct-dsync,raw,good,157311,380.538,438.87445620458834,57.08306485979827,1046.558,387.2921,390.947,400.666,417.932,454.9475,515.369,560.9655,649.0622,756.8812500000017,0.000635683455066715,0.0,0.0,0.0,3,True,3500.766137575089,3487.01966035057,3522.044620515075,3500.9219210450774,44.934164071,99.99936431654493,0,0.000433691,0.000433691,0.000542612,True,1,12,8,0.0,0.05333333333333334,16.08927380952381,1.0,1.0,157311,0.774,3.1622151152811946,0.8196107672821427,85.097,0.941,2.4035,2.859,3.153,3.435,3.66,3.995,5.679899999999994,7.572590000000026,0.0,0.0,0.0,0.0,412.3555,421.77099999999996,506.8313,521.9052,641.97592,657.9557999999997,725.100537,791.8314539999998
tail,tcp,64,4,129600,50,2000000,4096,8900,nvme,direct-dsync,raw,good,5611702,459.789,693.7196200081544,80.24884407826208,2249.297,538.983,572.601,634.78925,686.98,747.697,805.56,835.591,882.101,923.3824949999982,0.009355450449792238,0.0021383886742382258,0.0,0.0,3,True,129536.71685884002,129498.83910224808,129571.98242876989,129536.43985958413,43.321416013000004,99.99064454955021,0,0.00073992,0.00073992,0.000883785,True,7,64,125,1.9466666666666665,2.026666666666667,4.528688333333333,3.955732713777685,3.9717762988840106,5611702,1.658,17.293203809646343,13.420502913848432,1395.528,3.329,4.182,7.006,14.068,24.047,34.812,42.256,54.483,56.873,0.0010691943371191129,0.0,0.0,0.0,646.609,718.355,722.687,829.234,774.073,891.21322,816.4120909999998,929.6438400000008
tail,udp,16,1,1000,0,16000,4096,8900,nvme,direct-dsync,raw,good,44990,379.344,413.4262240942432,35.78131054039697,2443.724,386.56178,389.9799,397.612,404.618,414.3115,436.2502,468.7071999999998,597.48754,664.7166509999997,0.002222716159146477,0.002222716159146477,0.0,0.0,3,True,1000.1833044767915,994.7750345440376,1004.1937209461993,1000.1833044767915,44.981754643,99.99777728384085,1,0.000408856,0.000408856,0.000505205,True,1,6,4,0.0,0.04,16.180791666666668,1.0,1.0,44990,0.838,3.3059517226050237,3.191959527212695,549.609,1.46167,2.685,2.997,3.27,3.533,3.773,3.922,4.793220000000002,7.085109999999986,0.0,0.0,0.0,0.0,403.107,407.751,424.621,474.38960000000014,486.1923,641.6601999999998,552.9992899999996,678.6023080000017
tail,udp,16,16,190300,50,2000000,4096,8900,nvme,direct-dsync,raw,good,5428624,485.789,758.7822903068991,93.20486556484057,1611.311,582.253,622.867,691.939,751.21,817.16,876.7837000000002,914.147,1021.2273099999986,1216.4451470000035,1.3062241923551898,0.0,0.0,0.0,3,True,190290.01422611217,190150.34557387678,190435.8461829563,190288.4368503981,28.528396627,98.69377580764481,462,0.000828618,0.000828618,0.000866485,True,83,16,257,7.186666666666667,8.32,3.5582766666666665,11.146076766746052,11.973534729979457,5428624,2.546,43.073800157277425,25.910327773838624,731.204,9.753,13.926,26.23,41.294,56.18,63.453,68.804,132.27,267.3240800000131,0.0,0.0,0.0,0.0,738.504,775.614,839.128,910.171,911.27506,1108.1784,960.4812240000005,1314.000600000009
tail,udp,64,1,4000,50,64000,4096,8900,nvme,direct-dsync,raw,good,180031,378.35,430.5191126194933,49.02820910413961,850.148,384.3313,387.592,397.251,414.092,444.67499999999995,494.29,532.357,624.0063000000004,680.9652900000001,0.0,0.0,0.0,0.0,3,True,3995.9443200944747,3993.2057926461566,3997.917911941711,3995.9221243497177,45.053680827,100.0,0,0.000436778,0.000436778,0.000534042,True,1,13,8,0.013333333333333334,0.05333333333333334,14.882,1.0,1.0,180031,0.826,3.221485416400509,0.9466080924841227,153.297,1.0,2.087,2.935,3.231,3.515,3.729,4.096,5.266,7.257,0.0,0.0,0.0,0.0,404.321,419.9,481.50800000000004,506.23,596.4440499999994,634.37168,678.0481120000001,685.9911760000003
tail,udp,64,4,190300,100,2000000,4096,8900,nvme,direct-dsync,raw,good,5428624,447.566,720.2992011211313,85.05634867135394,2878.869,548.088,592.868,666.394,717.944,770.992,820.574,849.727,906.8358499999978,1202.2501420001463,0.22523202933192646,0.025623436067777026,0.0,0.0,3,True,190290.08433169944,190151.71163421913,190431.6362976412,190288.4368503981,28.528396627,99.77476797066808,1478,0.000753207,0.000753207,0.000812474,True,10,64,202,2.44,2.6,4.1829833333333335,3.999997333335111,3.9999988947475456,5428624,3.329,15.187937488579058,30.73686803746331,1876.866,3.571,3.979,7.125,12.026,18.371,26.371,31.754,46.193,362.76375400000063,0.02764973223417205,0.0,0.0,0.0,698.528,737.433,780.978,844.188,856.22053,917.9600600000001,998.5552769999916,1275.6953220000037
tail,udp,64,4,231100,50,2000000,4096,8900,nvme,direct-dsync,raw,good,5306414,428.656,692.1234095266597,92.73575567190234,1609.645,517.461,551.922,626.874,686.442,747.3567499999999,812.173,857.312,944.587,1054.503327000006,0.29405922719184746,0.0,0.0,0.0,3,True,231308.85401517138,231194.70932133208,231388.0772216135,231308.85401517138,22.940816609,99.7059030825714,862,0.000656337,0.000656337,0.000842139,True,44,64,242,3.2266666666666666,3.0533333333333332,3.978435,3.999450742098085,3.999626301302537,5306414,2.237,13.996254143570404,14.729606333107148,910.627,3.571,3.908,7.327,11.856,17.32,23.872,29.087,45.407,208.19661000000872,0.0,0.0,0.0,0.0,637.376,706.1,797.4116000000001,825.475,932.0647399999998,954.618,1007.9005609999997,1144.140328000005
