suite,operation,call,provider,layout,width,repetition,cpu,logical_values,operations,values_per_operation,passes,seed,data_seed,payload_bytes,input_bytes,output_bytes,allocation_bytes,hot_metadata_bytes,trace_bytes,audit_aux_bytes,payload_alignment,page_bytes,elapsed_ns,ns_per_operation,ns_per_value,checksum0,checksum1,final_state,address_sum,trace_hash,required_unique_payload_lines,payload_lines,required_line_visits,required_line_coverage,coverage_kind,residence,minor_faults,major_faults,pmu_status,cycles_raw,instructions_raw,cache_misses_raw,pmu_time_enabled_ns,pmu_time_running_ns,capacity_mode,requested_payload_bytes
bulk,decode,opaque,selected,scan,7,0,0,262144,8388608,256,8192,124196584364,124196584364,229376,229376,262144,491520,32,0,7168,64,4096,18630807,2.220965266,0.008675645571,16658700,0,0,0,0,3584,3584,0,1,full_sequential_extent,unestablished,0,0,available,82353393,394338656,5900,18627081,18627081,not_applicable,0
bulk,decode,opaque,selected,scan,7,1,0,262144,8388608,256,8192,124196584364,124196584364,229376,229376,262144,491520,32,0,7168,64,4096,18546477,2.210912347,0.008636376355,16658700,0,0,0,0,3584,3584,0,1,full_sequential_extent,unestablished,0,0,available,82347380,394338654,4140,18554062,18554062,not_applicable,0
bulk,decode,opaque,selected,scan,7,2,0,262144,8388608,256,8192,124196584364,124196584364,229376,229376,262144,491520,32,0,7168,64,4096,18551737,2.211539388,0.008638825733,16658700,0,0,0,0,3584,3584,0,1,full_sequential_extent,unestablished,0,0,available,82261368,394338654,4255,18545072,18545072,not_applicable,0
bulk,decode,opaque,selected,scan,7,3,0,262144,8388608,256,8192,124196584364,124196584364,229376,229376,262144,491520,32,0,7168,64,4096,18570627,2.213791251,0.008647622075,16658700,0,0,0,0,3584,3584,0,1,full_sequential_extent,unestablished,0,0,available,82312498,394338656,3976,18551971,18551971,not_applicable,0
bulk,decode,opaque,selected,scan,7,4,0,262144,8388608,256,8192,124196584364,124196584364,229376,229376,262144,491520,32,0,7168,64,4096,18481997,2.203225732,0.008606350515,16658700,0,0,0,0,3584,3584,0,1,full_sequential_extent,unestablished,0,0,available,82307116,394338654,3111,18492001,18492001,not_applicable,0
bulk,encode,opaque,selected,scan,7,0,0,262144,8388608,256,8192,124196584364,124196584364,229376,262144,229376,491520,32,0,7168,64,4096,18456707,2.200210929,0.008594573941,16658700,0,0,0,0,3584,3584,0,1,full_sequential_extent,unestablished,0,0,available,81456471,318841187,5891,18413642,18413642,not_applicable,0
bulk,encode,opaque,selected,scan,7,1,0,262144,8388608,256,8192,124196584364,124196584364,229376,262144,229376,491520,32,0,7168,64,4096,18401587,2.193640113,0.008568906691,16658700,0,0,0,0,3584,3584,0,1,full_sequential_extent,unestablished,0,0,available,81375733,318841182,5130,18340740,18340740,not_applicable,0
bulk,encode,opaque,selected,scan,7,2,0,262144,8388608,256,8192,124196584364,124196584364,229376,262144,229376,491520,32,0,7168,64,4096,18351688,2.187691689,0.008545670658,16658700,0,0,0,0,3584,3584,0,1,full_sequential_extent,unestablished,0,0,available,81450480,318841184,3875,18358091,18358091,not_applicable,0
bulk,encode,opaque,selected,scan,7,3,0,262144,8388608,256,8192,124196584364,124196584364,229376,262144,229376,491520,32,0,7168,64,4096,18496778,2.204987764,0.008613233455,16658700,0,0,0,0,3584,3584,0,1,full_sequential_extent,unestablished,0,0,available,81469034,318841185,5291,18402602,18402602,not_applicable,0
bulk,encode,opaque,selected,scan,7,4,0,262144,8388608,256,8192,124196584364,124196584364,229376,262144,229376,491520,32,0,7168,64,4096,18324137,2.184407353,0.008532841224,16658700,0,0,0,0,3584,3584,0,1,full_sequential_extent,unestablished,0,0,available,81507637,318841182,3147,18330441,18330441,not_applicable,0
bulk,decode,opaque,prior,scan,7,0,0,262144,8388608,256,8192,124196584364,124196584364,229376,229376,262144,491520,32,0,7168,64,4096,15721984,1.874206543,0.007321119308,16658700,0,0,0,0,3584,3584,0,1,full_sequential_extent,unestablished,0,0,available,69871552,436281691,2412,15741868,15741868,not_applicable,0
bulk,decode,opaque,prior,scan,7,1,0,262144,8388608,256,8192,124196584364,124196584364,229376,229376,262144,491520,32,0,7168,64,4096,15813614,1.88512969,0.007363787852,16658700,0,0,0,0,3584,3584,0,1,full_sequential_extent,unestablished,0,0,available,69907140,436281691,3592,15791288,15791288,not_applicable,0
bulk,decode,opaque,prior,scan,7,2,0,262144,8388608,256,8192,124196584364,124196584364,229376,229376,262144,491520,32,0,7168,64,4096,15790454,1.882368803,0.007353003137,16658700,0,0,0,0,3584,3584,0,1,full_sequential_extent,unestablished,0,0,available,70018747,436281691,2796,15801688,15801688,not_applicable,0
bulk,decode,opaque,prior,scan,7,3,0,262144,8388608,256,8192,124196584364,124196584364,229376,229376,262144,491520,32,0,7168,64,4096,15809583,1.884649158,0.007361910772,16658700,0,0,0,0,3584,3584,0,1,full_sequential_extent,unestablished,0,0,available,70232020,436281690,2656,15829678,15829678,not_applicable,0
bulk,decode,opaque,prior,scan,7,4,0,262144,8388608,256,8192,124196584364,124196584364,229376,229376,262144,491520,32,0,7168,64,4096,15679373,1.869126916,0.007301277015,16658700,0,0,0,0,3584,3584,0,1,full_sequential_extent,unestablished,0,0,available,69576901,436281691,3260,15677508,15677508,not_applicable,0
bulk,encode,opaque,prior,scan,7,0,0,262144,8388608,256,8192,124196584364,124196584364,229376,262144,229376,491520,32,0,7168,64,4096,16329754,1.946658373,0.007604134269,16658700,0,0,0,0,3584,3584,0,1,full_sequential_extent,unestablished,0,0,available,72665342,385950043,2388,16350048,16350048,not_applicable,0
bulk,encode,opaque,prior,scan,7,1,0,262144,8388608,256,8192,124196584364,124196584364,229376,262144,229376,491520,32,0,7168,64,4096,16338845,1.947742105,0.007608367596,16658700,0,0,0,0,3584,3584,0,1,full_sequential_extent,unestablished,0,0,available,72679795,385950043,2707,16359129,16359129,not_applicable,0
bulk,encode,opaque,prior,scan,7,2,0,262144,8388608,256,8192,124196584364,124196584364,229376,262144,229376,491520,32,0,7168,64,4096,16357494,1.949965239,0.007617051713,16658700,0,0,0,0,3584,3584,0,1,full_sequential_extent,unestablished,0,0,available,72695737,385950044,3278,16353759,16353759,not_applicable,0
bulk,encode,opaque,prior,scan,7,3,0,262144,8388608,256,8192,124196584364,124196584364,229376,262144,229376,491520,32,0,7168,64,4096,16323894,1.945959806,0.007601405494,16658700,0,0,0,0,3584,3584,0,1,full_sequential_extent,unestablished,0,0,available,72676334,385950044,3649,16343269,16343269,not_applicable,0
bulk,encode,opaque,prior,scan,7,4,0,262144,8388608,256,8192,124196584364,124196584364,229376,262144,229376,491520,32,0,7168,64,4096,16306855,1.943928599,0.007593471091,16658700,0,0,0,0,3584,3584,0,1,full_sequential_extent,unestablished,0,0,available,72695446,385950043,2790,16325359,16325359,not_applicable,0
bulk,decode,opaque,plain,u8,7,0,0,262144,8388608,256,8192,124196584364,124196584364,262144,262144,262144,524288,32,0,7168,64,4096,23469115,2.797736526,0.0109286583,16658700,0,0,0,0,4096,4096,0,1,full_sequential_extent,unestablished,0,0,available,104364204,142680421,7945,23463887,23463887,not_applicable,0
bulk,decode,opaque,plain,u8,7,1,0,262144,8388608,256,8192,124196584364,124196584364,262144,262144,262144,524288,32,0,7168,64,4096,23343015,2.782704234,0.01086993841,16658700,0,0,0,0,4096,4096,0,1,full_sequential_extent,unestablished,0,0,available,103932256,142680420,7294,23351787,23351787,not_applicable,0
bulk,decode,opaque,plain,u8,7,2,0,262144,8388608,256,8192,124196584364,124196584364,262144,262144,262144,524288,32,0,7168,64,4096,23452405,2.795744538,0.0109208771,16658700,0,0,0,0,4096,4096,0,1,full_sequential_extent,unestablished,0,0,available,103989127,142680422,8073,23438597,23438597,not_applicable,0
bulk,decode,opaque,plain,u8,7,3,0,262144,8388608,256,8192,124196584364,124196584364,262144,262144,262144,524288,32,0,7168,64,4096,23653206,2.819681883,0.01101438235,16658700,0,0,0,0,4096,4096,0,1,full_sequential_extent,unestablished,0,0,available,105182300,142680421,7539,23663208,23663208,not_applicable,0
bulk,decode,opaque,plain,u8,7,4,0,262144,8388608,256,8192,124196584364,124196584364,262144,262144,262144,524288,32,0,7168,64,4096,23844386,2.842472315,0.01110340748,16658700,0,0,0,0,4096,4096,0,1,full_sequential_extent,unestablished,0,0,available,106091755,142680422,8397,23829966,23829966,not_applicable,0
bulk,encode,opaque,plain,u8,7,0,0,262144,8388608,256,8192,124196584364,124196584364,262144,262144,262144,524288,32,0,7168,64,4096,15846104,1.8890028,0.007378917187,16658700,0,0,0,0,4096,4096,0,1,full_sequential_extent,unestablished,0,0,available,70514664,142680411,6499,15855518,15855518,not_applicable,0
bulk,encode,opaque,plain,u8,7,1,0,262144,8388608,256,8192,124196584364,124196584364,262144,262144,262144,524288,32,0,7168,64,4096,15821534,1.886073828,0.00736747589,16658700,0,0,0,0,4096,4096,0,1,full_sequential_extent,unestablished,0,0,available,70490956,142680410,6435,15839688,15839688,not_applicable,0
bulk,encode,opaque,plain,u8,7,2,0,262144,8388608,256,8192,124196584364,124196584364,262144,262144,262144,524288,32,0,7168,64,4096,15896494,1.895009756,0.00740238186,16658700,0,0,0,0,4096,4096,0,1,full_sequential_extent,unestablished,0,0,available,70454736,142680412,7326,15878899,15878899,not_applicable,0
bulk,encode,opaque,plain,u8,7,3,0,262144,8388608,256,8192,124196584364,124196584364,262144,262144,262144,524288,32,0,7168,64,4096,15902704,1.895750046,0.007405273616,16658700,0,0,0,0,4096,4096,0,1,full_sequential_extent,unestablished,0,0,available,70530802,142680411,6797,15873967,15873967,not_applicable,0
bulk,encode,opaque,plain,u8,7,4,0,262144,8388608,256,8192,124196584364,124196584364,262144,262144,262144,524288,32,0,7168,64,4096,15784583,1.881668925,0.007350269239,16658700,0,0,0,0,4096,4096,0,1,full_sequential_extent,unestablished,0,0,available,70437656,142680411,6006,15802958,15802958,not_applicable,0
capacity,dependent,opaque,selected,scan,7,0,0,1024,1048576,1,1,10723128554898435005,124196584364,896,896,0,896,32,0,13320,64,4096,7863952,7.499649048,7.499649048,67027755,0,14177878401049244230,536598476,16373596347320049996,14,14,1443073,1,required_bytes_exact_trace,unestablished,0,0,available,34989926,59510520,47,7858409,7858409,fixed_logical,0
capacity,dependent,opaque,selected,scan,7,1,0,1024,1048576,1,1,12186166145150884479,124196584364,896,896,0,896,32,0,13320,64,4096,7830032,7.467300415,7.467300415,67054608,0,1565369881453362116,535815998,18068185627717645663,14,14,1441723,1,required_bytes_exact_trace,unestablished,0,0,available,35053014,59500574,6,7847979,7847979,fixed_logical,0
capacity,dependent,opaque,selected,scan,7,2,0,1024,1048576,1,1,1662609931548137281,124196584364,896,896,0,896,32,0,13320,64,4096,7838802,7.475664139,7.475664139,67004559,0,15976300648901984381,536579068,11014229483767293019,14,14,1441994,1,required_bytes_exact_trace,unestablished,0,0,available,35006544,59506094,2,7856649,7856649,fixed_logical,0
capacity,dependent,opaque,selected,scan,7,3,0,1024,1048576,1,1,1430291963782361849,124196584364,896,896,0,896,32,0,13320,64,4096,7833842,7.470933914,7.470933914,66923533,0,2705606056823114912,535734621,42514770704390360,14,14,1442009,1,required_bytes_exact_trace,unestablished,0,0,available,35016204,59508094,0,7854329,7854329,fixed_logical,0
capacity,dependent,opaque,selected,scan,7,4,0,1024,1048576,1,1,678656302332983151,124196584364,896,896,0,896,32,0,13320,64,4096,7810652,7.448818207,7.448818207,66944209,0,2043758380590945134,536096044,17648895634765120696,14,14,1441839,1,required_bytes_exact_trace,unestablished,0,0,available,34998639,59507508,1,7828259,7828259,fixed_logical,0
capacity,independent,opaque,selected,scan,7,0,0,1024,1048576,1,1,16047773564640954524,124196584364,896,896,0,896,32,0,13320,64,4096,4753717,4.53349781,4.53349781,66954605,0,2536368530834903231,536971255,12647349066912223617,14,14,1441554,1,required_bytes_exact_trace,unestablished,0,0,available,21285390,39977273,18,4772205,4772205,fixed_logical,0
capacity,independent,opaque,selected,scan,7,1,0,1024,1048576,1,1,6547916387875995305,124196584364,896,896,0,896,32,0,13320,64,4096,4759438,4.538953781,4.538953781,66960458,0,5596339621991546811,536269420,17736111691341175802,14,14,1441502,1,required_bytes_exact_trace,unestablished,0,0,available,21282099,39977258,2,4780216,4780216,fixed_logical,0
capacity,independent,opaque,selected,scan,7,2,0,1024,1048576,1,1,4924242711286987153,124196584364,896,896,0,896,32,0,13320,64,4096,4799457,4.577118874,4.577118874,66945649,0,7930023764644803916,535851351,7090894975531352993,14,14,1442013,1,required_bytes_exact_trace,unestablished,0,0,available,21268680,39978469,3,4807026,4807026,fixed_logical,0
capacity,independent,opaque,selected,scan,7,3,0,1024,1048576,1,1,15111254592760746391,124196584364,896,896,0,896,32,0,13320,64,4096,4746837,4.526936531,4.526936531,67054420,0,3890073601116800313,536744870,14691723849663732051,14,14,1441027,1,required_bytes_exact_trace,unestablished,0,0,available,21232349,39976228,1,4765306,4765306,fixed_logical,0
capacity,independent,opaque,selected,scan,7,4,0,1024,1048576,1,1,4554930173571622138,124196584364,896,896,0,896,32,0,13320,64,4096,4763117,4.542462349,4.542462349,67026534,0,4826536169582227569,536197073,8596657518342283869,14,14,1441263,1,required_bytes_exact_trace,unestablished,0,0,available,21284192,39976223,3,4782846,4782846,fixed_logical,0
capacity,get16,opaque,selected,scan,7,0,0,1024,1048576,16,1,10604474752609077526,124196584364,896,896,0,896,32,0,13320,64,4096,4355196,4.153438568,0.2595899105,6829223599854316084,7123625781168209905,2958188795243200084,527867888,3685139399635412849,14,14,1441693,1,required_bytes_exact_trace,unestablished,0,0,available,19307128,44041431,20,4360915,4360915,fixed_logical,0
capacity,get16,opaque,selected,scan,7,1,0,1024,1048576,16,1,4455807286219683008,124196584364,896,896,0,896,32,0,13320,64,4096,4314577,4.114701271,0.2571688294,15523296591661515326,1185918040022248372,11434267382186114624,528497168,13175186937165164107,14,14,1441262,1,required_bytes_exact_trace,unestablished,0,0,available,19286500,44040789,7,4332515,4332515,fixed_logical,0
capacity,get16,opaque,selected,scan,7,2,0,1024,1048576,16,1,4164539054881745388,124196584364,896,896,0,896,32,0,13320,64,4096,4316426,4.116464615,0.2572790384,17004976761067621009,2152041632346853689,10031233188605370912,528112368,15123120068108225953,14,14,1441390,1,required_bytes_exact_trace,unestablished,0,0,available,19300500,44038482,0,4334985,4334985,fixed_logical,0
capacity,get16,opaque,selected,scan,7,3,0,1024,1048576,16,1,8181310363168050951,124196584364,896,896,0,896,32,0,13320,64,4096,4306017,4.106537819,0.2566586137,2292189004604870142,16786280093046997810,10123433755141308597,528300048,9012510220687435302,14,14,1442005,1,required_bytes_exact_trace,unestablished,0,0,available,19265279,44042217,1,4323935,4323935,fixed_logical,0
capacity,get16,opaque,selected,scan,7,4,0,1024,1048576,16,1,14008095295693985892,124196584364,896,896,0,896,32,0,13320,64,4096,4317826,4.117799759,0.2573624849,13811833191239720450,4940133131367214269,11229341160422311527,528735200,4475280931718807440,14,14,1442218,1,required_bytes_exact_trace,unestablished,0,0,available,19277890,44041402,0,4337525,4337525,fixed_logical,0
capacity,dependent,opaque,prior,scan,7,0,0,1024,1048576,1,1,10723128554898435005,124196584364,896,896,0,896,32,0,13320,64,4096,10354075,9.874415398,9.874415398,67027755,0,14177878401049244230,536598476,16373596347320049996,14,14,1508728,1,required_bytes_exact_trace,unestablished,0,0,available,45882919,56371929,135,10330441,10330441,fixed_logical,0
capacity,dependent,opaque,prior,scan,7,1,0,1024,1048576,1,1,12186166145150884479,124196584364,896,896,0,896,32,0,13320,64,4096,10274945,9.798951149,9.798951149,67054608,0,1565369881453362116,535815998,18068185627717645663,14,14,1506055,1,required_bytes_exact_trace,unestablished,0,0,available,45940928,56349644,78,10296732,10296732,fixed_logical,0
capacity,dependent,opaque,prior,scan,7,2,0,1024,1048576,1,1,1662609931548137281,124196584364,896,896,0,896,32,0,13320,64,4096,10309075,9.831500053,9.831500053,67004559,0,15976300648901984381,536579068,11014229483767293019,14,14,1507040,1,required_bytes_exact_trace,unestablished,0,0,available,45853181,56359304,23,10310562,10310562,fixed_logical,0
capacity,dependent,opaque,prior,scan,7,3,0,1024,1048576,1,1,1430291963782361849,124196584364,896,896,0,896,32,0,13320,64,4096,10303495,9.826178551,9.826178551,66923533,0,2705606056823114912,535734621,42514770704390360,14,14,1508010,1,required_bytes_exact_trace,unestablished,0,0,available,45883558,56370127,27,10290912,10290912,fixed_logical,0
capacity,dependent,opaque,prior,scan,7,4,0,1024,1048576,1,1,678656302332983151,124196584364,896,896,0,896,32,0,13320,64,4096,10263215,9.787764549,9.787764549,66944209,0,2043758380590945134,536096044,17648895634765120696,14,14,1507297,1,required_bytes_exact_trace,unestablished,0,0,available,45855933,56364542,44,10280902,10280902,fixed_logical,0
capacity,independent,opaque,prior,scan,7,0,0,1024,1048576,1,1,16047773564640954524,124196584364,896,896,0,896,32,0,13320,64,4096,9070363,8.650172234,8.650172234,66954605,0,2536368530834903231,536971255,12647349066912223617,14,14,1507511,1,required_bytes_exact_trace,unestablished,0,0,available,40586775,36833476,33,9090670,9090670,fixed_logical,0
capacity,independent,opaque,prior,scan,7,1,0,1024,1048576,1,1,6547916387875995305,124196584364,896,896,0,896,32,0,13320,64,4096,9124514,8.701814651,8.701814651,66960458,0,5596339621991546811,536269420,17736111691341175802,14,14,1507275,1,required_bytes_exact_trace,unestablished,0,0,available,40644488,36832736,15,9129460,9129460,fixed_logical,0
capacity,independent,opaque,prior,scan,7,2,0,1024,1048576,1,1,4924242711286987153,124196584364,896,896,0,896,32,0,13320,64,4096,9092903,8.671668053,8.671668053,66945649,0,7930023764644803916,535851351,7090894975531352993,14,14,1507302,1,required_bytes_exact_trace,unestablished,0,0,available,40635091,36830622,34,9112841,9112841,fixed_logical,0
capacity,independent,opaque,prior,scan,7,3,0,1024,1048576,1,1,15111254592760746391,124196584364,896,896,0,896,32,0,13320,64,4096,9118134,8.695730209,8.695730209,67054420,0,3890073601116800313,536744870,14691723849663732051,14,14,1506733,1,required_bytes_exact_trace,unestablished,0,0,available,40658003,36826968,15,9126961,9126961,fixed_logical,0
capacity,independent,opaque,prior,scan,7,4,0,1024,1048576,1,1,4554930173571622138,124196584364,896,896,0,896,32,0,13320,64,4096,9195574,8.769582748,8.769582748,67026534,0,4826536169582227569,536197073,8596657518342283869,14,14,1507057,1,required_bytes_exact_trace,unestablished,0,0,available,40568853,36832163,22,9156261,9156261,fixed_logical,0
capacity,get16,opaque,prior,scan,7,0,0,1024,1048576,16,1,10604474752609077526,124196584364,896,896,0,896,32,0,13320,64,4096,9477734,9.038671494,0.5649169683,6829223599854316084,7123625781168209905,2958188795243200084,527867888,3685139399635412849,14,14,1507132,1,required_bytes_exact_trace,unestablished,0,0,available,42249240,31983422,21,9484441,9484441,fixed_logical,0
capacity,get16,opaque,prior,scan,7,1,0,1024,1048576,16,1,4455807286219683008,124196584364,896,896,0,896,32,0,13320,64,4096,9489955,9.050326347,0.5656453967,15523296591661515326,1185918040022248372,11434267382186114624,528497168,13175186937165164107,14,14,1507499,1,required_bytes_exact_trace,unestablished,0,0,available,42242816,31981781,3,9479041,9479041,fixed_logical,0
capacity,get16,opaque,prior,scan,7,2,0,1024,1048576,16,1,4164539054881745388,124196584364,896,896,0,896,32,0,13320,64,4096,9443444,9.005970001,0.5628731251,17004976761067621009,2152041632346853689,10031233188605370912,528112368,15123120068108225953,14,14,1506529,1,required_bytes_exact_trace,unestablished,0,0,available,42239352,31980459,2,9462261,9462261,fixed_logical,0
capacity,get16,opaque,prior,scan,7,3,0,1024,1048576,16,1,8181310363168050951,124196584364,896,896,0,896,32,0,13320,64,4096,9473064,9.034217834,0.5646386147,2292189004604870142,16786280093046997810,10123433755141308597,528300048,9012510220687435302,14,14,1508309,1,required_bytes_exact_trace,unestablished,0,0,available,42250369,31985516,3,9478711,9478711,fixed_logical,0
capacity,get16,opaque,prior,scan,7,4,0,1024,1048576,16,1,14008095295693985892,124196584364,896,896,0,896,32,0,13320,64,4096,9439914,9.002603531,0.5626627207,13811833191239720450,4940133131367214269,11229341160422311527,528735200,4475280931718807440,14,14,1506693,1,required_bytes_exact_trace,unestablished,0,0,available,42246097,31980641,0,9459790,9459790,fixed_logical,0
capacity,dependent,opaque,plain,u8,7,0,0,1024,1048576,1,1,10723128554898435005,124196584364,1024,1024,0,1024,32,0,13320,64,4096,5616708,5.356510162,5.356510162,67027755,0,14177878401049244230,536598476,16373596347320049996,16,16,1048576,1,required_bytes_exact_trace,unestablished,0,0,available,25172773,38797676,13,5634446,5634446,fixed_logical,0
capacity,dependent,opaque,plain,u8,7,1,0,1024,1048576,1,1,12186166145150884479,124196584364,1024,1024,0,1024,32,0,13320,64,4096,5616718,5.356519699,5.356519699,67054608,0,1565369881453362116,535815998,18068185627717645663,16,16,1048576,1,required_bytes_exact_trace,unestablished,0,0,available,25172515,38797675,3,5634447,5634447,fixed_logical,0
capacity,dependent,opaque,plain,u8,7,2,0,1024,1048576,1,1,1662609931548137281,124196584364,1024,1024,0,1024,32,0,13320,64,4096,5625028,5.364444733,5.364444733,67004559,0,15976300648901984381,536579068,11014229483767293019,16,16,1048576,1,required_bytes_exact_trace,unestablished,0,0,available,25170942,38797675,0,5647036,5647036,fixed_logical,0
capacity,dependent,opaque,plain,u8,7,3,0,1024,1048576,1,1,1430291963782361849,124196584364,1024,1024,0,1024,32,0,13320,64,4096,5616228,5.356052399,5.356052399,66923533,0,2705606056823114912,535734621,42514770704390360,16,16,1048576,1,required_bytes_exact_trace,unestablished,0,0,available,25171078,38797675,0,5634706,5634706,fixed_logical,0
capacity,dependent,opaque,plain,u8,7,4,0,1024,1048576,1,1,678656302332983151,124196584364,1024,1024,0,1024,32,0,13320,64,4096,5607078,5.347326279,5.347326279,66944209,0,2043758380590945134,536096044,17648895634765120696,16,16,1048576,1,required_bytes_exact_trace,unestablished,0,0,available,25171242,38797675,0,5624927,5624927,fixed_logical,0
capacity,independent,opaque,plain,u8,7,0,0,1024,1048576,1,1,16047773564640954524,124196584364,1024,1024,0,1024,32,0,13320,64,4096,1313652,1.252796173,1.252796173,66954605,0,2536368530834903231,536971255,12647349066912223617,16,16,1048576,1,required_bytes_exact_trace,unestablished,0,0,available,5654789,19267992,5,1300171,1300171,fixed_logical,0
capacity,independent,opaque,plain,u8,7,1,0,1024,1048576,1,1,6547916387875995305,124196584364,1024,1024,0,1024,32,0,13320,64,4096,1268551,1.209784508,1.209784508,66960458,0,5596339621991546811,536269420,17736111691341175802,16,16,1048576,1,required_bytes_exact_trace,unestablished,0,0,available,5653737,19267993,0,1288132,1288132,fixed_logical,0
capacity,independent,opaque,plain,u8,7,2,0,1024,1048576,1,1,4924242711286987153,124196584364,1024,1024,0,1024,32,0,13320,64,4096,1267451,1.208735466,1.208735466,66945649,0,7930023764644803916,535851351,7090894975531352993,16,16,1048576,1,required_bytes_exact_trace,unestablished,0,0,available,5652329,19267993,0,1285021,1285021,fixed_logical,0
capacity,independent,opaque,plain,u8,7,3,0,1024,1048576,1,1,15111254592760746391,124196584364,1024,1024,0,1024,32,0,13320,64,4096,1263132,1.204616547,1.204616547,67054420,0,3890073601116800313,536744870,14691723849663732051,16,16,1048576,1,required_bytes_exact_trace,unestablished,0,0,available,5657154,19267992,0,1280901,1280901,fixed_logical,0
capacity,independent,opaque,plain,u8,7,4,0,1024,1048576,1,1,4554930173571622138,124196584364,1024,1024,0,1024,32,0,13320,64,4096,1265792,1.20715332,1.20715332,67026534,0,4826536169582227569,536197073,8596657518342283869,16,16,1048576,1,required_bytes_exact_trace,unestablished,0,0,available,5654051,19267993,7,1283602,1283602,fixed_logical,0
capacity,get16,opaque,plain,u8,7,0,0,1024,1048576,16,1,10604474752609077526,124196584364,1024,1024,0,1024,32,0,13320,64,4096,2626354,2.504686356,0.1565428972,6829223599854316084,7123625781168209905,2958188795243200084,527867888,3685139399635412849,16,16,1048576,1,required_bytes_exact_trace,unestablished,0,0,available,11571263,23069088,4,2631473,2631473,fixed_logical,0
capacity,get16,opaque,plain,u8,7,1,0,1024,1048576,16,1,4455807286219683008,124196584364,1024,1024,0,1024,32,0,13320,64,4096,2581684,2.462085724,0.1538803577,15523296591661515326,1185918040022248372,11434267382186114624,528497168,13175186937165164107,16,16,1048576,1,required_bytes_exact_trace,unestablished,0,0,available,11568528,23069087,4,2598853,2598853,fixed_logical,0
capacity,get16,opaque,plain,u8,7,2,0,1024,1048576,16,1,4164539054881745388,124196584364,1024,1024,0,1024,32,0,13320,64,4096,2590234,2.470239639,0.1543899775,17004976761067621009,2152041632346853689,10031233188605370912,528112368,15123120068108225953,16,16,1048576,1,required_bytes_exact_trace,unestablished,0,0,available,11568130,23069087,2,2609343,2609343,fixed_logical,0
capacity,get16,opaque,plain,u8,7,3,0,1024,1048576,16,1,8181310363168050951,124196584364,1024,1024,0,1024,32,0,13320,64,4096,2577714,2.458299637,0.1536437273,2292189004604870142,16786280093046997810,10123433755141308597,528300048,9012510220687435302,16,16,1048576,1,required_bytes_exact_trace,unestablished,0,0,available,11570508,23069086,0,2596243,2596243,fixed_logical,0
capacity,get16,opaque,plain,u8,7,4,0,1024,1048576,16,1,14008095295693985892,124196584364,1024,1024,0,1024,32,0,13320,64,4096,2593534,2.473386765,0.1545866728,13811833191239720450,4940133131367214269,11229341160422311527,528735200,4475280931718807440,16,16,1048576,1,required_bytes_exact_trace,unestablished,0,0,available,11568777,23069088,0,2611223,2611223,fixed_logical,0
capacity,dependent,opaque,contiguous,lsb_bitpack,7,0,0,1024,1048576,1,1,10723128554898435005,124196584364,896,896,0,896,32,0,13320,64,4096,8031552,7.659484863,7.659484863,67027755,0,14177878401049244230,536598476,16373596347320049996,14,14,1060948,1,required_bytes_exact_trace,unestablished,0,0,available,35921696,49547046,2,8051659,8051659,fixed_logical,0
capacity,dependent,opaque,contiguous,lsb_bitpack,7,1,0,1024,1048576,1,1,12186166145150884479,124196584364,896,896,0,896,32,0,13320,64,4096,8033642,7.661478043,7.661478043,67054608,0,1565369881453362116,535815998,18068185627717645663,14,14,1060899,1,required_bytes_exact_trace,unestablished,0,0,available,35898856,49547736,0,8055000,8055000,fixed_logical,0
capacity,dependent,opaque,contiguous,lsb_bitpack,7,2,0,1024,1048576,1,1,1662609931548137281,124196584364,896,896,0,896,32,0,13320,64,4096,8055942,7.68274498,7.68274498,67004559,0,15976300648901984381,536579068,11014229483767293019,14,14,1060667,1,required_bytes_exact_trace,unestablished,0,0,available,35941732,49547226,40,8063079,8063079,fixed_logical,0
capacity,dependent,opaque,contiguous,lsb_bitpack,7,3,0,1024,1048576,1,1,1430291963782361849,124196584364,896,896,0,896,32,0,13320,64,4096,8018102,7.646657944,7.646657944,66923533,0,2705606056823114912,535734621,42514770704390360,14,14,1061173,1,required_bytes_exact_trace,unestablished,0,0,available,35932376,49545318,1,8036259,8036259,fixed_logical,0
capacity,dependent,opaque,contiguous,lsb_bitpack,7,4,0,1024,1048576,1,1,678656302332983151,124196584364,896,896,0,896,32,0,13320,64,4096,8030752,7.658721924,7.658721924,66944209,0,2043758380590945134,536096044,17648895634765120696,14,14,1060574,1,required_bytes_exact_trace,unestablished,0,0,available,35948038,49545843,6,8048599,8048599,fixed_logical,0
capacity,independent,opaque,contiguous,lsb_bitpack,7,0,0,1024,1048576,1,1,16047773564640954524,124196584364,896,896,0,896,32,0,13320,64,4096,4775307,4.554087639,4.554087639,66954605,0,2536368530834903231,536971255,12647349066912223617,14,14,1060850,1,required_bytes_exact_trace,unestablished,0,0,available,21332434,30015007,16,4796125,4796125,fixed_logical,0
capacity,independent,opaque,contiguous,lsb_bitpack,7,1,0,1024,1048576,1,1,6547916387875995305,124196584364,896,896,0,896,32,0,13320,64,4096,4890298,4.663751602,4.663751602,66960458,0,5596339621991546811,536269420,17736111691341175802,14,14,1061033,1,required_bytes_exact_trace,unestablished,0,0,available,21244780,30016597,24,4836006,4836006,fixed_logical,0
capacity,independent,opaque,contiguous,lsb_bitpack,7,2,0,1024,1048576,1,1,4924242711286987153,124196584364,896,896,0,896,32,0,13320,64,4096,4757277,4.536892891,4.536892891,66945649,0,7930023764644803916,535851351,7090894975531352993,14,14,1060972,1,required_bytes_exact_trace,unestablished,0,0,available,21283121,30014595,7,4775605,4775605,fixed_logical,0
capacity,independent,opaque,contiguous,lsb_bitpack,7,3,0,1024,1048576,1,1,15111254592760746391,124196584364,896,896,0,896,32,0,13320,64,4096,4741617,4.521958351,4.521958351,67054420,0,3890073601116800313,536744870,14691723849663732051,14,14,1060761,1,required_bytes_exact_trace,unestablished,0,0,available,21217094,30016705,8,4760255,4760255,fixed_logical,0
capacity,independent,opaque,contiguous,lsb_bitpack,7,4,0,1024,1048576,1,1,4554930173571622138,124196584364,896,896,0,896,32,0,13320,64,4096,4757947,4.537531853,4.537531853,67026534,0,4826536169582227569,536197073,8596657518342283869,14,14,1060960,1,required_bytes_exact_trace,unestablished,0,0,available,21278177,30015109,2,4776455,4776455,fixed_logical,0
capacity,get16,opaque,contiguous,lsb_bitpack,7,0,0,1024,1048576,16,1,10604474752609077526,124196584364,896,896,0,896,32,0,13320,64,4096,9315214,8.883680344,0.5552300215,6829223599854316084,7123625781168209905,2958188795243200084,527867888,3685139399635412849,14,14,1244903,1,required_bytes_exact_trace,unestablished,0,0,available,41690740,225444265,38,9333411,9333411,fixed_logical,0
capacity,get16,opaque,contiguous,lsb_bitpack,7,1,0,1024,1048576,16,1,4455807286219683008,124196584364,896,896,0,896,32,0,13320,64,4096,9350274,8.917116165,0.5573197603,15523296591661515326,1185918040022248372,11434267382186114624,528497168,13175186937165164107,14,14,1244528,1,required_bytes_exact_trace,unestablished,0,0,available,41670325,225444263,0,9368261,9368261,fixed_logical,0
capacity,get16,opaque,contiguous,lsb_bitpack,7,2,0,1024,1048576,16,1,4164539054881745388,124196584364,896,896,0,896,32,0,13320,64,4096,9321774,8.889936447,0.5556210279,17004976761067621009,2152041632346853689,10031233188605370912,528112368,15123120068108225953,14,14,1244630,1,required_bytes_exact_trace,unestablished,0,0,available,41684775,225444263,0,9339071,9339071,fixed_logical,0
capacity,get16,opaque,contiguous,lsb_bitpack,7,3,0,1024,1048576,16,1,8181310363168050951,124196584364,896,896,0,896,32,0,13320,64,4096,9310074,8.878778458,0.5549236536,2292189004604870142,16786280093046997810,10123433755141308597,528300048,9012510220687435302,14,14,1245276,1,required_bytes_exact_trace,unestablished,0,0,available,41674555,225444264,1,9327411,9327411,fixed_logical,0
capacity,get16,opaque,contiguous,lsb_bitpack,7,4,0,1024,1048576,16,1,14008095295693985892,124196584364,896,896,0,896,32,0,13320,64,4096,9314924,8.883403778,0.5552127361,13811833191239720450,4940133131367214269,11229341160422311527,528735200,4475280931718807440,14,14,1244725,1,required_bytes_exact_trace,unestablished,0,0,available,41679119,225444264,10,9332511,9332511,fixed_logical,0
capacity,dependent,opaque,selected,scan,7,0,0,1073741824,1048576,1,1,6539679214098658520,124196584364,939524096,939524096,0,939524096,32,0,1848320,64,4096,187880130,179.1764545,179.1764545,66599513,0,11827438937818901257,563439054659238,102207030626358868,1371474,14680064,1440961,0.0934242521,required_bytes_exact_trace,unestablished,0,0,available,838194796,59503962,2267098,187553607,187553607,fixed_logical,0
capacity,dependent,opaque,selected,scan,7,1,0,1073741824,1048576,1,1,7322650151751718876,124196584364,939524096,939524096,0,939524096,32,0,1848320,64,4096,185141496,176.5646896,176.5646896,66626521,0,13771200309302556924,563063001651261,3903252772910911241,1372451,14680064,1441339,0.09349080494,required_bytes_exact_trace,unestablished,0,0,available,826100705,59508255,2264640,184839723,184839723,fixed_logical,0
capacity,dependent,opaque,selected,scan,7,2,0,1073741824,1048576,1,1,3146314276787886182,124196584364,939524096,939524096,0,939524096,32,0,1848320,64,4096,184888665,176.3235712,176.3235712,66602557,0,16189480001338556352,562788759608559,10653502026812972726,1372418,14680064,1441654,0.093488557,required_bytes_exact_trace,unestablished,0,0,available,824224108,59505383,2265640,184490262,184490262,fixed_logical,0
capacity,dependent,opaque,selected,scan,7,3,0,1073741824,1048576,1,1,3263868965515624934,124196584364,939524096,939524096,0,939524096,32,0,1848320,64,4096,183767484,175.2543297,175.2543297,66603616,0,7318983888971998425,563222265416473,15888550362419859583,1372631,14680064,1441853,0.09350306647,required_bytes_exact_trace,unestablished,0,0,available,820283486,59508803,2267413,183458601,183458601,fixed_logical,0
capacity,dependent,opaque,selected,scan,7,4,0,1073741824,1048576,1,1,403493897844368270,124196584364,939524096,939524096,0,939524096,32,0,1848320,64,4096,183869854,175.3519573,175.3519573,66575101,0,13241880161187751959,563696511794689,684598102469906788,1372408,14680064,1441814,0.0934878758,required_bytes_exact_trace,unestablished,0,0,available,821334369,59506454,2257592,183647041,183647041,fixed_logical,0
capacity,independent,opaque,selected,scan,7,0,0,1073741824,1048576,1,1,15052677439875335824,124196584364,939524096,939524096,0,939524096,32,0,1848320,64,4096,24723617,23.57827854,23.57827854,66599983,0,14201190974327866015,563077556296114,17249959118208045128,1372009,14680064,1441732,0.09346069608,required_bytes_exact_trace,unestablished,0,0,available,110462789,39981053,2252325,24766029,24766029,fixed_logical,0
capacity,independent,opaque,selected,scan,7,1,0,1073741824,1048576,1,1,18179059704302071191,124196584364,939524096,939524096,0,939524096,32,0,1848320,64,4096,25104568,23.94158173,23.94158173,66609153,0,4057202138790047646,562696906133632,16763231293128074493,1372788,14680064,1442114,0.09351376125,required_bytes_exact_trace,unestablished,0,0,available,111151393,39977923,2258563,25005139,25005139,fixed_logical,0
capacity,independent,opaque,selected,scan,7,2,0,1073741824,1048576,1,1,9051163174118705862,124196584364,939524096,939524096,0,939524096,32,0,1848320,64,4096,24864917,23.71303272,23.71303272,66610976,0,15002580142960082010,562545385761764,8551044114804845983,1372600,14680064,1442152,0.09350095476,required_bytes_exact_trace,unestablished,0,0,available,111240898,39977849,2254853,24907629,24907629,fixed_logical,0
capacity,independent,opaque,selected,scan,7,3,0,1073741824,1048576,1,1,7409382581786761883,124196584364,939524096,939524096,0,939524096,32,0,1848320,64,4096,24826847,23.67672634,23.67672634,66544674,0,17789825685221351415,563159555038599,10157049565941836860,1372353,14680064,1441619,0.09348412922,required_bytes_exact_trace,unestablished,0,0,available,110812537,39973668,2252975,24828208,24828208,fixed_logical,0
capacity,independent,opaque,selected,scan,7,4,0,1073741824,1048576,1,1,6984087070661957517,124196584364,939524096,939524096,0,939524096,32,0,1848320,64,4096,24713457,23.56858921,23.56858921,66589906,0,16160130092157889685,562513856593317,5264003694568684657,1372541,14680064,1442129,0.09349693571,required_bytes_exact_trace,unestablished,0,0,available,110099161,39979878,2252394,24707819,24707819,fixed_logical,0
capacity,get16,opaque,selected,scan,7,0,0,1073741824,1048576,16,1,7447129270777980644,124196584364,939524096,939524096,0,939524096,32,0,1848320,64,4096,19042298,18.16015053,1.135009408,2663870625953404766,12864943517388952669,5131690295736724420,563188188557120,6980194255542691785,1371717,14680064,1441239,0.09344080516,required_bytes_exact_trace,unestablished,0,0,available,85236806,44039604,2279821,19084262,19084262,fixed_logical,0
capacity,get16,opaque,selected,scan,7,1,0,1073741824,1048576,16,1,252642726629488759,124196584364,939524096,939524096,0,939524096,32,0,1848320,64,4096,19121239,18.23543453,1.139714658,14619015024652792854,2236073074273013301,14821687205072091386,562775371875488,7172193342320743372,1372840,14680064,1442354,0.09351730347,required_bytes_exact_trace,unestablished,0,0,available,84881001,44042133,2280237,19104312,19104312,fixed_logical,0
capacity,get16,opaque,selected,scan,7,2,0,1073741824,1048576,16,1,11696725461000401126,124196584364,939524096,939524096,0,939524096,32,0,1848320,64,4096,19338839,18.44295406,1.152684629,9972480050217305048,4663182206188907565,15460738144769539694,562767155554384,14694125235569041023,1372375,14680064,1441272,0.09348562786,required_bytes_exact_trace,unestablished,0,0,available,85537016,44038162,2279455,19295213,19295213,fixed_logical,0
capacity,get16,opaque,selected,scan,7,3,0,1073741824,1048576,16,1,8139808336410201338,124196584364,939524096,939524096,0,939524096,32,0,1848320,64,4096,19235559,18.34445858,1.146528661,9868165312925626656,7246059490858104554,5248858052437895922,562856324601440,10637343617134620864,1372519,14680064,1441851,0.09349543708,required_bytes_exact_trace,unestablished,0,0,available,85861473,44040353,2279685,19276362,19276362,fixed_logical,0
capacity,get16,opaque,selected,scan,7,4,0,1073741824,1048576,16,1,7820328793260524268,124196584364,939524096,939524096,0,939524096,32,0,1848320,64,4096,19399879,18.50116634,1.156322896,1079067089812153497,556806990483189028,679523051000270788,562964157829408,7643914169645355905,1372056,14680064,1440603,0.09346389771,required_bytes_exact_trace,unestablished,0,0,available,85913907,44038545,2277541,19378482,19378482,fixed_logical,0
capacity,dependent,opaque,prior,scan,7,0,0,1073741824,1048576,1,1,6539679214098658520,124196584364,939524096,939524096,0,939524096,32,0,1848320,64,4096,186162358,177.5382595,177.5382595,66599513,0,11827438937818901257,563439054659238,102207030626358868,1430343,14680064,1506628,0.09743438448,required_bytes_exact_trace,unestablished,0,0,available,830784181,56353244,2352011,185981775,185981775,fixed_logical,0
capacity,dependent,opaque,prior,scan,7,1,0,1073741824,1048576,1,1,7322650151751718876,124196584364,939524096,939524096,0,939524096,32,0,1848320,64,4096,185576187,176.9792433,176.9792433,66626521,0,13771200309302556924,563063001651261,3903252772910911241,1430902,14680064,1506732,0.09747246334,required_bytes_exact_trace,unestablished,0,0,available,828110150,56361110,2352184,185348564,185348564,fixed_logical,0
capacity,dependent,opaque,prior,scan,7,2,0,1073741824,1048576,1,1,3146314276787886182,124196584364,939524096,939524096,0,939524096,32,0,1848320,64,4096,184924185,176.3574457,176.3574457,66602557,0,16189480001338556352,562788759608559,10653502026812972726,1431631,14680064,1507750,0.09752212252,required_bytes_exact_trace,unestablished,0,0,available,826063683,56362269,2351788,184755093,184755093,fixed_logical,0
capacity,dependent,opaque,prior,scan,7,3,0,1073741824,1048576,1,1,3263868965515624934,124196584364,939524096,939524096,0,939524096,32,0,1848320,64,4096,185596737,176.9988413,176.9988413,66603616,0,7318983888971998425,563222265416473,15888550362419859583,1431245,14680064,1507322,0.09749582836,required_bytes_exact_trace,unestablished,0,0,available,828517731,56362509,2346167,185379314,185379314,fixed_logical,0
capacity,dependent,opaque,prior,scan,7,4,0,1073741824,1048576,1,1,403493897844368270,124196584364,939524096,939524096,0,939524096,32,0,1848320,64,4096,187151028,178.4811287,178.4811287,66575101,0,13241880161187751959,563696511794689,684598102469906788,1431238,14680064,1507415,0.09749535152,required_bytes_exact_trace,unestablished,0,0,available,833336169,56366391,2346688,186652753,186652753,fixed_logical,0
capacity,independent,opaque,prior,scan,7,0,0,1073741824,1048576,1,1,15052677439875335824,124196584364,939524096,939524096,0,939524096,32,0,1848320,64,4096,22141683,21.1159544,21.1159544,66599983,0,14201190974327866015,563077556296114,17249959118208045128,1430997,14680064,1507891,0.0974789347,required_bytes_exact_trace,unestablished,0,0,available,98741162,36847965,2463113,22148295,22148295,fixed_logical,0
capacity,independent,opaque,prior,scan,7,1,0,1073741824,1048576,1,1,18179059704302071191,124196584364,939524096,939524096,0,939524096,32,0,1848320,64,4096,22048323,21.02691936,21.02691936,66609153,0,4057202138790047646,562696906133632,16763231293128074493,1430943,14680064,1507076,0.09747525624,required_bytes_exact_trace,unestablished,0,0,available,98555587,36825568,2462427,22089646,22089646,fixed_logical,0
capacity,independent,opaque,prior,scan,7,2,0,1073741824,1048576,1,1,9051163174118705862,124196584364,939524096,939524096,0,939524096,32,0,1848320,64,4096,22227293,21.19759846,21.19759846,66610976,0,15002580142960082010,562545385761764,8551044114804845983,1431580,14680064,1507677,0.09751864842,required_bytes_exact_trace,unestablished,0,0,available,98840618,36839669,2464234,22229606,22229606,fixed_logical,0
capacity,independent,opaque,prior,scan,7,3,0,1073741824,1048576,1,1,7409382581786761883,124196584364,939524096,939524096,0,939524096,32,0,1848320,64,4096,22167493,21.14056873,21.14056873,66544674,0,17789825685221351415,563159555038599,10157049565941836860,1430479,14680064,1506539,0.09744364875,required_bytes_exact_trace,unestablished,0,0,available,99055159,36824912,2464939,22211906,22211906,fixed_logical,0
capacity,independent,opaque,prior,scan,7,4,0,1073741824,1048576,1,1,6984087070661957517,124196584364,939524096,939524096,0,939524096,32,0,1848320,64,4096,22169443,21.1424284,21.1424284,66589906,0,16160130092157889685,562513856593317,5264003694568684657,1431585,14680064,1507932,0.09751898902,required_bytes_exact_trace,unestablished,0,0,available,97998112,36833712,2466650,22119295,22119295,fixed_logical,0
capacity,get16,opaque,prior,scan,7,0,0,1073741824,1048576,16,1,7447129270777980644,124196584364,939524096,939524096,0,939524096,32,0,1848320,64,4096,16538725,15.77255726,0.9857848287,2663870625953404766,12864943517388952669,5131690295736724420,563188188557120,6980194255542691785,1430362,14680064,1506627,0.09743567875,required_bytes_exact_trace,unestablished,0,0,available,73548560,31980281,2718064,16559019,16559019,fixed_logical,0
capacity,get16,opaque,prior,scan,7,1,0,1073741824,1048576,16,1,252642726629488759,124196584364,939524096,939524096,0,939524096,32,0,1848320,64,4096,16508565,15.74379444,0.9839871526,14619015024652792854,2236073074273013301,14821687205072091386,562775371875488,7172193342320743372,1431832,14680064,1508014,0.09753581456,required_bytes_exact_trace,unestablished,0,0,available,73455025,31982786,2725042,16532439,16532439,fixed_logical,0
capacity,get16,opaque,prior,scan,7,2,0,1073741824,1048576,16,1,11696725461000401126,124196584364,939524096,939524096,0,939524096,32,0,1848320,64,4096,16463255,15.70058346,0.9812864661,9972480050217305048,4663182206188907565,15460738144769539694,562767155554384,14694125235569041023,1431253,14680064,1507340,0.09749637331,required_bytes_exact_trace,unestablished,0,0,available,73635426,31979976,2722754,16505699,16505699,fixed_logical,0
capacity,get16,opaque,prior,scan,7,3,0,1073741824,1048576,16,1,8139808336410201338,124196584364,939524096,939524096,0,939524096,32,0,1848320,64,4096,16516715,15.75156689,0.9844729304,9868165312925626656,7246059490858104554,5248858052437895922,562856324601440,10637343617134620864,1431764,14680064,1508132,0.09753118243,required_bytes_exact_trace,unestablished,0,0,available,73880124,31983442,2717465,16559699,16559699,fixed_logical,0
capacity,get16,opaque,prior,scan,7,4,0,1073741824,1048576,16,1,7820328793260524268,124196584364,939524096,939524096,0,939524096,32,0,1848320,64,4096,16540714,15.77445412,0.9859033823,1079067089812153497,556806990483189028,679523051000270788,562964157829408,7643914169645355905,1430963,14680064,1506392,0.09747661863,required_bytes_exact_trace,unestablished,0,0,available,73866207,31980083,2715028,16582719,16582719,fixed_logical,0
capacity,dependent,opaque,plain,u8,7,0,0,1073741824,1048576,1,1,6539679214098658520,124196584364,1073741824,1073741824,0,1073741824,32,0,2110464,64,4096,187375379,178.6950865,178.6950865,66599513,0,11827438937818901257,563439054659238,102207030626358868,1016346,16777216,1048576,0.0605789423,required_bytes_exact_trace,unestablished,0,0,available,837106629,38797905,1875076,187198315,187198315,fixed_logical,0
capacity,dependent,opaque,plain,u8,7,1,0,1073741824,1048576,1,1,7322650151751718876,124196584364,1073741824,1073741824,0,1073741824,32,0,2110464,64,4096,181308080,172.9088593,172.9088593,66626521,0,13771200309302556924,563063001651261,3903252772910911241,1016607,16777216,1048576,0.06059449911,required_bytes_exact_trace,unestablished,0,0,available,809886075,38797897,1871583,181124099,181124099,fixed_logical,0
capacity,dependent,opaque,plain,u8,7,2,0,1073741824,1048576,1,1,3146314276787886182,124196584364,1073741824,1073741824,0,1073741824,32,0,2110464,64,4096,184074544,175.5471649,175.5471649,66602557,0,16189480001338556352,562788759608559,10653502026812972726,1016474,16777216,1048576,0.06058657169,required_bytes_exact_trace,unestablished,0,0,available,822502961,38797904,1867773,183885223,183885223,fixed_logical,0
capacity,dependent,opaque,plain,u8,7,3,0,1073741824,1048576,1,1,3263868965515624934,124196584364,1073741824,1073741824,0,1073741824,32,0,2110464,64,4096,186417208,177.7813034,177.7813034,66603616,0,7318983888971998425,563222265416473,15888550362419859583,1016458,16777216,1048576,0.06058561802,required_bytes_exact_trace,unestablished,0,0,available,831691452,38797910,1877945,186091175,186091175,fixed_logical,0
capacity,dependent,opaque,plain,u8,7,4,0,1073741824,1048576,1,1,403493897844368270,124196584364,1073741824,1073741824,0,1073741824,32,0,2110464,64,4096,184986855,176.4172125,176.4172125,66575101,0,13241880161187751959,563696511794689,684598102469906788,1016576,16777216,1048576,0.06059265137,required_bytes_exact_trace,unestablished,0,0,available,827879667,38797902,1877822,184916823,184916823,fixed_logical,0
capacity,independent,opaque,plain,u8,7,0,0,1073741824,1048576,1,1,15052677439875335824,124196584364,1073741824,1073741824,0,1073741824,32,0,2110464,64,4096,12089168,11.52912903,11.52912903,66599983,0,14201190974327866015,563077556296114,17249959118208045128,1016116,16777216,1048576,0.06056523323,required_bytes_exact_trace,unestablished,0,0,available,54115677,19268006,1844862,12131774,12131774,fixed_logical,0
capacity,independent,opaque,plain,u8,7,1,0,1073741824,1048576,1,1,18179059704302071191,124196584364,1073741824,1073741824,0,1073741824,32,0,2110464,64,4096,12131638,11.56963158,11.56963158,66609153,0,4057202138790047646,562696906133632,16763231293128074493,1016473,16777216,1048576,0.06058651209,required_bytes_exact_trace,unestablished,0,0,available,53911800,19268007,1845788,12131714,12131714,fixed_logical,0
capacity,independent,opaque,plain,u8,7,2,0,1073741824,1048576,1,1,9051163174118705862,124196584364,1073741824,1073741824,0,1073741824,32,0,2110464,64,4096,12032658,11.47523689,11.47523689,66610976,0,15002580142960082010,562545385761764,8551044114804845983,1016234,16777216,1048576,0.06057226658,required_bytes_exact_trace,unestablished,0,0,available,53500525,19268007,1845880,12037334,12037334,fixed_logical,0
capacity,independent,opaque,plain,u8,7,3,0,1073741824,1048576,1,1,7409382581786761883,124196584364,1073741824,1073741824,0,1073741824,32,0,2110464,64,4096,11951807,11.39813137,11.39813137,66544674,0,17789825685221351415,563159555038599,10157049565941836860,1016331,16777216,1048576,0.06057804823,required_bytes_exact_trace,unestablished,0,0,available,53512334,19268006,1845370,11993283,11993283,fixed_logical,0
capacity,independent,opaque,plain,u8,7,4,0,1073741824,1048576,1,1,6984087070661957517,124196584364,1073741824,1073741824,0,1073741824,32,0,2110464,64,4096,12197108,11.63206863,11.63206863,66589906,0,16160130092157889685,562513856593317,5264003694568684657,1016585,16777216,1048576,0.06059318781,required_bytes_exact_trace,unestablished,0,0,available,54282594,19268006,1845383,12197354,12197354,fixed_logical,0
capacity,get16,opaque,plain,u8,7,0,0,1073741824,1048576,16,1,7447129270777980644,124196584364,1073741824,1073741824,0,1073741824,32,0,2110464,64,4096,11363607,10.83718014,0.6773237586,2663870625953404766,12864943517388952669,5131690295736724420,563188188557120,6980194255542691785,1016239,16777216,1048576,0.0605725646,required_bytes_exact_trace,unestablished,0,0,available,50889382,23069098,1844729,11405973,11405973,fixed_logical,0
capacity,get16,opaque,plain,u8,7,1,0,1073741824,1048576,16,1,252642726629488759,124196584364,1073741824,1073741824,0,1073741824,32,0,2110464,64,4096,11318367,10.79403591,0.6746272445,14619015024652792854,2236073074273013301,14821687205072091386,562775371875488,7172193342320743372,1016547,16777216,1048576,0.06059092283,required_bytes_exact_trace,unestablished,0,0,available,50640126,23069098,1845182,11361923,11361923,fixed_logical,0
capacity,get16,opaque,plain,u8,7,2,0,1073741824,1048576,16,1,11696725461000401126,124196584364,1073741824,1073741824,0,1073741824,32,0,2110464,64,4096,11198617,10.67983341,0.6674895883,9972480050217305048,4663182206188907565,15460738144769539694,562767155554384,14694125235569041023,1016741,16777216,1048576,0.06060248613,required_bytes_exact_trace,unestablished,0,0,available,50067268,23069098,1845263,11242303,11242303,fixed_logical,0
capacity,get16,opaque,plain,u8,7,3,0,1073741824,1048576,16,1,8139808336410201338,124196584364,1073741824,1073741824,0,1073741824,32,0,2110464,64,4096,11452527,10.92198086,0.6826238036,9868165312925626656,7246059490858104554,5248858052437895922,562856324601440,10637343617134620864,1016487,16777216,1048576,0.06058734655,required_bytes_exact_trace,unestablished,0,0,available,50899577,23069099,1845713,11453342,11453342,fixed_logical,0
capacity,get16,opaque,plain,u8,7,4,0,1073741824,1048576,16,1,7820328793260524268,124196584364,1073741824,1073741824,0,1073741824,32,0,2110464,64,4096,11414367,10.88558865,0.6803492904,1079067089812153497,556806990483189028,679523051000270788,562964157829408,7643914169645355905,1016848,16777216,1048576,0.06060886383,required_bytes_exact_trace,unestablished,0,0,available,51038974,23069098,1845413,11457063,11457063,fixed_logical,0
capacity,dependent,opaque,contiguous,lsb_bitpack,7,0,0,1073741824,1048576,1,1,6539679214098658520,124196584364,939524096,939524096,0,939524096,32,0,1848320,64,4096,183673594,175.1647892,175.1647892,66599513,0,11827438937818901257,563439054659238,102207030626358868,1023550,14680064,1060999,0.06972381047,required_bytes_exact_trace,unestablished,0,0,available,820264409,49545458,1862506,183519962,183519962,fixed_logical,0
capacity,dependent,opaque,contiguous,lsb_bitpack,7,1,0,1073741824,1048576,1,1,7322650151751718876,124196584364,939524096,939524096,0,939524096,32,0,1848320,64,4096,183635263,175.1282339,175.1282339,66626521,0,13771200309302556924,563063001651261,3903252772910911241,1023814,14680064,1061005,0.06974179404,required_bytes_exact_trace,unestablished,0,0,available,819878190,49545213,1858250,183427612,183427612,fixed_logical,0
capacity,dependent,opaque,contiguous,lsb_bitpack,7,2,0,1073741824,1048576,1,1,3146314276787886182,124196584364,939524096,939524096,0,939524096,32,0,1848320,64,4096,181428660,173.0238533,173.0238533,66602557,0,16189480001338556352,562788759608559,10653502026812972726,1023475,14680064,1060865,0.0697187015,required_bytes_exact_trace,unestablished,0,0,available,809598605,49551280,1858417,181189358,181189358,fixed_logical,0
capacity,dependent,opaque,contiguous,lsb_bitpack,7,3,0,1073741824,1048576,1,1,3263868965515624934,124196584364,939524096,939524096,0,939524096,32,0,1848320,64,4096,184809055,176.2476492,176.2476492,66603616,0,7318983888971998425,563222265416473,15888550362419859583,1023687,14680064,1060970,0.06973314285,required_bytes_exact_trace,unestablished,0,0,available,824214903,49541614,1859233,184542844,184542844,fixed_logical,0
capacity,dependent,opaque,contiguous,lsb_bitpack,7,4,0,1073741824,1048576,1,1,403493897844368270,124196584364,939524096,939524096,0,939524096,32,0,1848320,64,4096,183083163,174.6017103,174.6017103,66575101,0,13241880161187751959,563696511794689,684598102469906788,1023210,14680064,1060898,0.06970064981,required_bytes_exact_trace,unestablished,0,0,available,817157211,49546130,1854725,182939531,182939531,fixed_logical,0
capacity,independent,opaque,contiguous,lsb_bitpack,7,0,0,1073741824,1048576,1,1,15052677439875335824,124196584364,939524096,939524096,0,939524096,32,0,1848320,64,4096,19226859,18.33616161,18.33616161,66599983,0,14201190974327866015,563077556296114,17249959118208045128,1023249,14680064,1060891,0.06970330647,required_bytes_exact_trace,unestablished,0,0,available,86041572,30014236,1826172,19271102,19271102,fixed_logical,0
capacity,independent,opaque,contiguous,lsb_bitpack,7,1,0,1073741824,1048576,1,1,18179059704302071191,124196584364,939524096,939524096,0,939524096,32,0,1848320,64,4096,19357359,18.46061611,18.46061611,66609153,0,4057202138790047646,562696906133632,16763231293128074493,1023586,14680064,1060820,0.06972626277,required_bytes_exact_trace,unestablished,0,0,available,86208084,30016379,1828908,19360652,19360652,fixed_logical,0
capacity,independent,opaque,contiguous,lsb_bitpack,7,2,0,1073741824,1048576,1,1,9051163174118705862,124196584364,939524096,939524096,0,939524096,32,0,1848320,64,4096,19364579,18.46750164,18.46750164,66610976,0,15002580142960082010,562545385761764,8551044114804845983,1023162,14680064,1060752,0.06969738007,required_bytes_exact_trace,unestablished,0,0,available,86674486,30018094,1826922,19407873,19407873,fixed_logical,0
capacity,independent,opaque,contiguous,lsb_bitpack,7,3,0,1073741824,1048576,1,1,7409382581786761883,124196584364,939524096,939524096,0,939524096,32,0,1848320,64,4096,19262039,18.36971188,18.36971188,66544674,0,17789825685221351415,563159555038599,10157049565941836860,1023322,14680064,1060853,0.0697082792,required_bytes_exact_trace,unestablished,0,0,available,86190318,30015421,1824867,19304382,19304382,fixed_logical,0
capacity,independent,opaque,contiguous,lsb_bitpack,7,4,0,1073741824,1048576,1,1,6984087070661957517,124196584364,939524096,939524096,0,939524096,32,0,1848320,64,4096,19420649,18.52097416,18.52097416,66589906,0,16160130092157889685,562513856593317,5264003694568684657,1023055,14680064,1060692,0.06969009127,required_bytes_exact_trace,unestablished,0,0,available,86128064,30014306,1825120,19407232,19407232,fixed_logical,0
capacity,get16,opaque,contiguous,lsb_bitpack,7,0,0,1073741824,1048576,16,1,7447129270777980644,124196584364,939524096,939524096,0,939524096,32,0,1848320,64,4096,114755221,109.4391069,6.839944184,2663870625953404766,12864943517388952669,5131690295736724420,563188188557120,6980194255542691785,1193010,14680064,1245015,0.08126735687,required_bytes_exact_trace,unestablished,0,0,available,510938034,225444400,2108948,114572072,114572072,fixed_logical,0
capacity,get16,opaque,contiguous,lsb_bitpack,7,1,0,1073741824,1048576,16,1,252642726629488759,124196584364,939524096,939524096,0,939524096,32,0,1848320,64,4096,112072497,106.880662,6.680041373,14619015024652792854,2236073074273013301,14821687205072091386,562775371875488,7172193342320743372,1194163,14680064,1245983,0.08134589876,required_bytes_exact_trace,unestablished,0,0,available,499731475,225444396,2112567,111927449,111927449,fixed_logical,0
capacity,get16,opaque,contiguous,lsb_bitpack,7,2,0,1073741824,1048576,16,1,11696725461000401126,124196584364,939524096,939524096,0,939524096,32,0,1848320,64,4096,111577306,106.408411,6.650525689,9972480050217305048,4663182206188907565,15460738144769539694,562767155554384,14694125235569041023,1193583,14680064,1244938,0.0813063894,required_bytes_exact_trace,unestablished,0,0,available,497861460,225444393,2106094,111452589,111452589,fixed_logical,0
capacity,get16,opaque,contiguous,lsb_bitpack,7,3,0,1073741824,1048576,16,1,8139808336410201338,124196584364,939524096,939524096,0,939524096,32,0,1848320,64,4096,111528737,106.362092,6.647630751,9868165312925626656,7246059490858104554,5248858052437895922,562856324601440,10637343617134620864,1193535,14680064,1245364,0.08130311966,required_bytes_exact_trace,unestablished,0,0,available,497963881,225444393,2106129,111481109,111481109,fixed_logical,0
capacity,get16,opaque,contiguous,lsb_bitpack,7,4,0,1073741824,1048576,16,1,7820328793260524268,124196584364,939524096,939524096,0,939524096,32,0,1848320,64,4096,111910287,106.7259665,6.670372903,1079067089812153497,556806990483189028,679523051000270788,562964157829408,7643914169645355905,1193640,14680064,1244895,0.08131027222,required_bytes_exact_trace,unestablished,0,0,available,498188573,225444399,2105572,111674748,111674748,fixed_logical,0
