scope,case,before_ns_per_value,after_ns_per_value,ratio,before_min,before_max,after_min,after_max,separated_win,separated_loss,both_edges_agree,block_medians
placement,head-placement/avx2/local/k16/h16/n257/headgap0-0/encode-bound,0.1047724286884174,0.0521716901435703,0.4979524746794181,0.09031442707096703,0.10688377459109652,0.04870369322143897,0.06818661326326031,True,False,True,"[0.1048217737992618, 0.05204273934850133, 0.05408967412839481, 0.10472308357757298]"
placement,head-placement/avx2/local/k16/h16/n257/headgap0-17/encode-bound,0.09157111145443333,0.08072889869071281,0.8815978905190452,0.09147851849631872,0.0916374617596878,0.08054278281340953,0.08086924437378624,True,False,True,"[0.09156960315813538, 0.08084237191954487, 0.0805707640626702, 0.09159003390980068]"
placement,head-placement/avx2/local/k16/h16/n257/headgap13-0/encode-bound,0.11350902346383526,0.08674100927230799,0.7641772136286967,0.11070134090229798,0.11610082720323463,0.08466023812618889,0.08886567338970695,True,False,True,"[0.1107747686544103, 0.08876426450165907, 0.08470027937431404, 0.1160381358843965]"
placement,head-placement/avx2/local/k16/h16/n257/headgap13-17/encode-bound,0.1035040450400069,0.08916890459565846,0.8615016404546552,0.10266347410086797,0.1042615707130613,0.08839824187643454,0.0899285925605627,True,False,True,"[0.10281680766756215, 0.08990821862954615, 0.08845165761099173, 0.10422922792875258]"
placement,head-placement/avx2/local/k16/h16/n8193/headgap0-0/encode-bound,0.08914105110542453,0.050247177834049625,0.5636816843748426,0.08881119029375455,0.0894484633731608,0.04995100296518703,0.050551924252905375,True,False,True,"[0.08883997325137678, 0.050011175753965985, 0.05043559076852288, 0.08944356941112559]"
placement,head-placement/avx2/local/k16/h16/n8193/headgap0-17/encode-bound,0.10821601871177625,0.07404328119711961,0.6842173836973925,0.10763497853095365,0.10878540375259889,0.07369889854903887,0.07431384743761733,True,False,True,"[0.10770427941629585, 0.07387638562636685, 0.07423120908305755, 0.10871720197928894]"
placement,head-placement/avx2/local/k16/h16/n8193/headgap13-0/encode-bound,0.09574874278726611,0.06904890179574724,0.7211468243417003,0.0954898719971236,0.09612147247558951,0.06887101514197731,0.06916809481578863,True,False,True,"[0.09554687031244213, 0.06915735563899077, 0.06897666945156308, 0.09608271673615373]"
placement,head-placement/avx2/local/k16/h16/n8193/headgap13-17/encode-bound,0.11317865380874181,0.07876617320067997,0.6959454857431441,0.11289986576493272,0.11344401404854834,0.07818071548201128,0.07931049158642635,True,False,True,"[0.11291502022370682, 0.0782036268314069, 0.07930268569500255, 0.11343897168504734]"
placement,head-placement/avx2/local/k23/h16/n257/headgap0-0/encode-bound,0.17430100456986747,0.11030029962364739,0.6328150540258889,0.1739450582199442,0.174776539438342,0.11001701439051713,0.11067063506844554,True,False,True,"[0.17412458627688748, 0.11006697493039094, 0.11061037289784408, 0.1745347947241272]"
placement,head-placement/avx2/local/k23/h16/n257/headgap0-17/encode-bound,0.17089719681849447,0.18176958834422746,1.0636194842755688,0.17060579585243896,0.171237580581626,0.1814438650496292,0.18253075593607307,False,True,True,"[0.1709571374988073, 0.18153189698872269, 0.18216665947109537, 0.17063430772388954]"
placement,head-placement/avx2/local/k23/h16/n257/headgap13-0/encode-bound,0.17319506825030276,0.18482686034101836,1.0671600652849147,0.16863109341436572,0.1764294252080403,0.18099477852885398,0.18901980886745395,False,True,True,"[0.16998769608469533, 0.1885328001233915, 0.18126271690407808, 0.1763685132724416]"
placement,head-placement/avx2/local/k23/h16/n257/headgap13-17/encode-bound,0.17901560582355733,0.17655762498138108,0.9862694605262577,0.17879780567063502,0.17965129115676493,0.17254888434608026,0.1805493044044624,False,False,False,"[0.17946641811894598, 0.18045337207321013, 0.1725802142833497, 0.17889756987388714]"
placement,head-placement/avx2/local/k23/h16/n8193/headgap0-0/encode-bound,0.150823007903369,0.10281928710967822,0.6817214995178564,0.15040741348238265,0.15103636488016572,0.1025200931720796,0.10314936866139625,True,False,True,"[0.15097149913386101, 0.10252033464379023, 0.10313295822058283, 0.15065497972587905]"
placement,head-placement/avx2/local/k23/h16/n8193/headgap0-17/encode-bound,0.1480348246427151,0.16567937768089613,1.119191906909516,0.14785876503059908,0.14870696788407264,0.16560695686161223,0.1658883384403579,False,True,True,"[0.14800519204678747, 0.1656547622216593, 0.16570399314013293, 0.1484505933373794]"
placement,head-placement/avx2/local/k23/h16/n8193/headgap13-0/encode-bound,0.14580371806914708,0.1657009898185608,1.1364661478658418,0.14512127734680855,0.14629226409577148,0.16555969927196093,0.16592616754945055,False,True,True,"[0.1462580689604973, 0.16556088232336286, 0.1657933140914923, 0.14530053049378228]"
placement,head-placement/avx2/local/k23/h16/n8193/headgap13-17/encode-bound,0.1551510399704138,0.16557434602281434,1.06718167054754,0.15509415882410363,0.15539350170482388,0.1653727419245279,0.16592484116435305,False,True,True,"[0.15512684920034858, 0.1657067581950448, 0.16555092690161158, 0.155175230740479]"
placement,head-placement/avx2/local/k56/h16/n257/headgap0-0/encode-bound,0.2509629217912459,0.19472557347053424,0.7759137169773207,0.25053161396537615,0.2531312360091914,0.19152257550684737,0.19616422502446404,True,False,True,"[0.25100198881667096, 0.19464698883944645, 0.19607108487932184, 0.25060228576516785]"
placement,head-placement/avx2/local/k56/h16/n257/headgap0-17/encode-bound,0.25782342751454446,0.253426310723322,0.9829452395633271,0.2479316320448345,0.2585152714334696,0.2517185672343821,0.2542199461535184,False,False,True,"[0.2583135524674338, 0.2532555330588804, 0.25397198420372846, 0.2576120874029103]"
placement,head-placement/avx2/local/k56/h16/n257/headgap13-0/encode-bound,0.26174553420904845,0.25889936418753345,0.989126194530441,0.2593138615962746,0.2633964403328232,0.25448666293206695,0.2629888488954682,False,False,False,"[0.2594622497729473, 0.26268907161261373, 0.25452487092915854, 0.26201390599037855]"
placement,head-placement/avx2/local/k56/h16/n257/headgap13-17/encode-bound,0.2522222426683852,0.2583329480183347,1.0242274641811968,0.2518904920593051,0.25285182561256087,0.25440308404489304,0.26234193982611775,False,True,True,"[0.25212922083076184, 0.26228586342199167, 0.25478728850514054, 0.2526367944096014]"
placement,head-placement/avx2/local/k56/h16/n8193/headgap0-0/encode-bound,0.23103623488485558,0.19187461116229448,0.8304957499758487,0.2305879925654891,0.23159367149510038,0.1915766249867259,0.19215865028556356,True,False,True,"[0.23156333383150737, 0.1916222198745605, 0.19212812500813817, 0.23060333127107438]"
placement,head-placement/avx2/local/k56/h16/n8193/headgap0-17/encode-bound,0.24018413595704563,0.23003516837955956,0.9577450544889397,0.23973922713999615,0.24056623724624523,0.22968496801014898,0.23042077960049376,True,False,True,"[0.24046608011120907, 0.23026756669742926, 0.22978410347824713, 0.23982735730196872]"
placement,head-placement/avx2/local/k56/h16/n8193/headgap13-0/encode-bound,0.23798731795234518,0.2299266032043238,0.9661296458257684,0.23763802633111564,0.23834436216511598,0.22977980162764597,0.23036886393217226,True,False,True,"[0.23816790539715052, 0.22981120872279523, 0.2301382661883606, 0.23782591281962684]"
placement,head-placement/avx2/local/k56/h16/n8193/headgap13-17/encode-bound,0.25726539036927687,0.23074139561751267,0.8969002604132182,0.2569087872530746,0.25744402471284833,0.23037613669155285,0.23089439397998918,True,False,True,"[0.2573972879164486, 0.2304247411265391, 0.2308447930063965, 0.256945040125605]"
placement,head-placement/avx2/striped/k23/h16/n257/headgap0-0/encode-bound,0.22217902880717383,0.17396685178696952,0.7830030256273782,0.2217162201915864,0.2227163065806894,0.1685714062962331,0.18075676713280298,True,False,True,"[0.221751951454116, 0.18059238515190243, 0.16873277287289276, 0.22259436659046922]"
placement,head-placement/avx2/striped/k23/h16/n257/headgap0-17/encode-bound,0.19149356513277216,0.17499844902812883,0.9138607289847759,0.19059062238636146,0.22222570009709314,0.17135962127294121,0.17925778809770906,True,False,True,"[0.19203599583051126, 0.17173987505367694, 0.177966827750464, 0.19069162525779398]"
placement,head-placement/avx2/striped/k23/h16/n257/headgap13-0/encode-bound,0.1969175324279761,0.17692295971524236,0.8984622015815331,0.19222940720382156,0.22175859042189333,0.1750682768122022,0.178088031041444,True,False,True,"[0.19242067940784024, 0.17797448588488946, 0.17576919475053707, 0.19694663429828]"
placement,head-placement/avx2/striped/k23/h16/n257/headgap13-17/encode-bound,0.2112533845405648,0.1488368887203932,0.7045420315706875,0.21058759617662898,0.22167065426853633,0.14685279774101725,0.15044430919863025,True,False,True,"[0.21122525150376018, 0.14767979853070967, 0.15009219086248082, 0.21128151757736946]"
placement,head-placement/avx2/striped/k23/h16/n8193/headgap0-0/encode-bound,0.1572847992411353,0.11905488771042871,0.7569382946403115,0.15691595102226974,0.15776942082446976,0.11882131092321,0.11938086406076938,True,False,True,"[0.15700425286736383, 0.11925603762612784, 0.1188638737930102, 0.15756084630921915]"
placement,head-placement/avx2/striped/k23/h16/n8193/headgap0-17/encode-bound,0.15592129194239784,0.11730973779952877,0.7523650961208468,0.15547728904377253,0.15637083192760307,0.11682017618597347,0.11757504795631449,True,False,True,"[0.1555194141992857, 0.11708170567480984, 0.1175353416598266, 0.1562796734570075]"
placement,head-placement/avx2/striped/k23/h16/n8193/headgap13-0/encode-bound,0.15607971002645704,0.11676301883461765,0.748098640206502,0.15581211808744205,0.1565419675141842,0.11657838085838589,0.11706952382856103,True,False,True,"[0.15583252498063094, 0.11664275173413052, 0.11696199974930417, 0.15647346778738128]"
placement,head-placement/avx2/striped/k23/h16/n8193/headgap13-17/encode-bound,0.16992171776401788,0.11719530653245419,0.6897017525164821,0.16922344264470382,0.17059562948563178,0.11696699572758892,0.11730239452992428,True,False,True,"[0.16924762320598785, 0.11723401465907543, 0.11715659840583295, 0.1705007509946117]"
placement,head-placement/avx2/striped/k28/h16/n257/headgap0-0/encode-bound,0.17766557819129314,0.12393207459440483,0.6975581643674766,0.16675349920804405,0.1886436384141335,0.11940911251066583,0.12819442260445713,True,False,True,"[0.1885723012655209, 0.12818011263859078, 0.11956916325017189, 0.16689204806805613]"
placement,head-placement/avx2/striped/k28/h16/n257/headgap0-17/encode-bound,0.17340484914399548,0.1357170778237903,0.7826602225586596,0.16359352056954385,0.18213074971575252,0.1242398971525497,0.14727584767052368,True,False,True,"[0.1820161669398472, 0.14700503293410783, 0.124351207744077, 0.16395890610805147]"
placement,head-placement/avx2/striped/k28/h16/n257/headgap13-0/encode-bound,0.17465945324661164,0.14290312667345498,0.8181814612214656,0.1616450020583477,0.1911662213402347,0.1313564007804899,0.15447563172729142,True,False,True,"[0.1908619610614734, 0.13151455223605868, 0.15427586372560573, 0.1620400942624178]"
placement,head-placement/avx2/striped/k28/h16/n257/headgap13-17/encode-bound,0.175100415667099,0.14095139110503277,0.8049746230928979,0.16448238144934396,0.18660471963495093,0.123700225581857,0.15871796328143897,True,False,True,"[0.18621492762683145, 0.15869444949457048, 0.12378076716692069, 0.16465847404864392]"
placement,head-placement/avx2/striped/k28/h16/n8193/headgap0-0/encode-bound,0.14140355217898576,0.09809336890136847,0.6937121973937674,0.13468291903472915,0.14813510349006725,0.09800984378842628,0.09844013004747958,True,False,True,"[0.13480888724292447, 0.0980405464144945, 0.09843579474591689, 0.14797001034125354]"
placement,head-placement/avx2/striped/k28/h16/n8193/headgap0-17/encode-bound,0.14925414003982235,0.09685156409140003,0.6489037025409088,0.14899051297079188,0.14986487448782906,0.09657897371706828,0.0970512647782776,True,False,True,"[0.14952968719491835, 0.09696685581073586, 0.09675738946429704, 0.1490653351225494]"
placement,head-placement/avx2/striped/k28/h16/n8193/headgap13-0/encode-bound,0.14894762372285203,0.09652575589090645,0.6480516672794502,0.14877290550524883,0.14910166654692575,0.09647297830915279,0.09657557896380733,True,False,True,"[0.14877421792904796, 0.09651184745394428, 0.09656711010467142, 0.14898508838908367]"
placement,head-placement/avx2/striped/k28/h16/n8193/headgap13-17/encode-bound,0.15040046633612358,0.09769874575204451,0.6495907102688216,0.15024153266961493,0.15079326893917694,0.09729114742251718,0.09801247755585536,True,False,True,"[0.1503839127601867, 0.09796051972251721, 0.09741891169938319, 0.15041701991206047]"
placement,head-placement/avx512/local/k16/h16/n257/headgap0-0/encode-bound,0.08542799373384,0.05227415381881269,0.6119089485078905,0.08494035312472323,0.08591078241492603,0.04889689690390443,0.05561870412851457,True,False,True,"[0.08504369452530766, 0.04891237339526064, 0.05555514129360722, 0.08588029561746756]"
placement,head-placement/avx512/local/k16/h16/n257/headgap0-17/encode-bound,0.08433008318140672,0.06415514865727885,0.7607623073164941,0.0838515996635561,0.08483219303436161,0.06315199114128842,0.0646413768894244,True,False,True,"[0.08386513497466135, 0.06323696713789392, 0.06462151176663306, 0.08477270045469795]"
placement,head-placement/avx512/local/k16/h16/n257/headgap13-0/encode-bound,0.08386767327565711,0.05774040537725521,0.6884703381179237,0.0811397786405362,0.08639982832123021,0.056777327901695714,0.05864961849819812,True,False,True,"[0.0812395054657331, 0.058558378862623696, 0.05682746358412282, 0.08635962998160521]"
placement,head-placement/avx512/local/k16/h16/n257/headgap13-17/encode-bound,0.09583186368264947,0.06417800166238417,0.6696937656864511,0.09457107839090077,0.09705958518508388,0.06381679130254857,0.06455474839667943,True,False,True,"[0.09697093280976965, 0.06393322195460657, 0.0645476587960402, 0.09466330031472076]"
placement,head-placement/avx512/local/k16/h16/n8193/headgap0-0/encode-bound,0.08946774290659516,0.050110343915092156,0.5600939767465425,0.08940827441650376,0.08953654101410738,0.04999841516450617,0.05022508130770817,True,False,True,"[0.08941327485619167, 0.05004526061292578, 0.050168324459954686, 0.08949931482867815]"
placement,head-placement/avx512/local/k16/h16/n8193/headgap0-17/encode-bound,0.10202245699133008,0.056734610226155266,0.5560992344163658,0.10150906164445762,0.10256075220568729,0.05663673298587664,0.05704265619535573,True,False,True,"[0.10246206568308822, 0.056643134096170895, 0.05693299495987738, 0.10155847268097758]"
placement,head-placement/avx512/local/k16/h16/n8193/headgap13-0/encode-bound,0.09667771534540462,0.058195355519283204,0.6019521180384348,0.09658080855771815,0.0968159855190763,0.058138514630749656,0.05827107391815444,True,False,True,"[0.09661806041602303, 0.058153863580385046, 0.058236847458181355, 0.09673737027478622]"
placement,head-placement/avx512/local/k16/h16/n8193/headgap13-17/encode-bound,0.11132879609121696,0.06593985224752694,0.5922982603126264,0.11110063611078275,0.1116691509494065,0.0658070523579418,0.06613676276967531,True,False,True,"[0.11120152801784466, 0.06606757748962043, 0.06581441417135907, 0.11164053592446442]"
placement,head-placement/avx512/local/k23/h16/n257/headgap0-0/encode-bound,0.13656672042041396,0.09977488544008868,0.7305944313002215,0.1347583086091869,0.13813383719207026,0.0972878649161026,0.1023939581802222,True,False,True,"[0.13491081947793535, 0.09730371067270636, 0.10235354024127913, 0.13808995946453909]"
placement,head-placement/avx512/local/k23/h16/n257/headgap0-17/encode-bound,0.13783365112893586,0.14714707689713985,1.0675700432508444,0.13655799952773,0.13926646732071543,0.13281811768931803,0.16181689206679292,False,False,False,"[0.13663641590865733, 0.13286027531714928, 0.161421972669772, 0.13925637346947767]"
placement,head-placement/avx512/local/k23/h16/n257/headgap13-0/encode-bound,0.13609740798567432,0.14055307431088376,1.0327388037079916,0.13458845302648303,0.13764082424962956,0.13653006476884413,0.1453064603107742,False,False,True,"[0.1346657533656145, 0.13656208182394428, 0.14485256642487007, 0.13747629856419832]"
placement,head-placement/avx512/local/k23/h16/n257/headgap13-17/encode-bound,0.13385138023892174,0.1340119863922003,1.0011998841774503,0.1332410798322671,0.1348955819003962,0.13299627981847453,0.13502515501651036,False,False,False,"[0.13326686792447404, 0.13480115007480115, 0.13303841464686766, 0.1347967702760332]"
placement,head-placement/avx512/local/k23/h16/n8193/headgap0-0/encode-bound,0.13622899095372581,0.09826081321110644,0.7212914998723261,0.13598220193909677,0.13634053250105535,0.09769280319600956,0.09862998856129329,True,False,True,"[0.13607998095860435, 0.0986207972189594, 0.0977006784903965, 0.13631492874538137]"
placement,head-placement/avx512/local/k23/h16/n8193/headgap0-17/encode-bound,0.1439787230132853,0.10403235286496004,0.7225536571494714,0.1438817299013797,0.14419465120523883,0.10386631647827319,0.10408563538218517,True,False,True,"[0.14388602218627194, 0.1040307450775635, 0.10403396065235657, 0.1439951378469996]"
placement,head-placement/avx512/local/k23/h16/n8193/headgap13-0/encode-bound,0.14123083537127845,0.10327551880495386,0.7312533309985405,0.14110868438053048,0.14155422896208925,0.10302639092661237,0.10336278354362352,True,False,True,"[0.14113781013086268, 0.1030615079011432, 0.10335501810661973, 0.14139208632687666]"
placement,head-placement/avx512/local/k23/h16/n8193/headgap13-17/encode-bound,0.1510561167842806,0.11050149934760134,0.7315261486921825,0.15097943599454464,0.15114264510931788,0.10914095887458672,0.11258996616234375,True,False,True,"[0.1510889254408576, 0.10928322546778123, 0.11174453047525117, 0.1510160019223659]"
placement,head-placement/avx512/local/k56/h16/n257/headgap0-0/encode-bound,0.149549182963565,0.10837547413991451,0.7246811516604424,0.14865619067721494,0.15051436486681677,0.10758410159901508,0.1287020316996498,True,False,True,"[0.14867594735243866, 0.10759266790158173, 0.10840497213080659, 0.15002431072491482]"
placement,head-placement/avx512/local/k56/h16/n257/headgap0-17/encode-bound,0.10761373058327037,0.13165146010156742,1.2233704694374192,0.1047598168118693,0.14346090740044787,0.1292698340817752,0.1361815583248053,False,False,True,"[0.104877555057525, 0.13497046278904526, 0.12936920167126562, 0.10766539374303064]"
placement,head-placement/avx512/local/k56/h16/n257/headgap13-0/encode-bound,0.15479423715868368,0.1529018976475891,0.9877751294503639,0.1489149153261006,0.15877881889193268,0.15125885522294402,0.15427669625833934,False,False,True,"[0.15474592609212334, 0.151729728897893, 0.15422604588274857, 0.15861815194956003]"
placement,head-placement/avx512/local/k56/h16/n257/headgap13-17/encode-bound,0.14702346854997383,0.13945991205858976,0.9485554478752268,0.14078779575244302,0.1502744429935082,0.12791198272960397,0.15006419015646105,False,False,True,"[0.14697675093355372, 0.12938525940558787, 0.14979505068902485, 0.15021803834691289]"
placement,head-placement/avx512/local/k56/h16/n8193/headgap0-0/encode-bound,0.15425279410266138,0.11479672635150015,0.7442116495802232,0.15401662654703724,0.1544294041843953,0.1144444438997972,0.11527267115183623,True,False,True,"[0.15412554363050993, 0.11500760491314212, 0.11457175515738595, 0.15439104601342135]"
placement,head-placement/avx512/local/k56/h16/n8193/headgap0-17/encode-bound,0.16653921120608206,0.12627766168369,0.758245825527714,0.16637987291332978,0.16698112598240636,0.12589616432257644,0.12670345321403595,True,False,True,"[0.16677116621861354, 0.12668568739406297, 0.12593777350751548, 0.16647076439890118]"
placement,head-placement/avx512/local/k56/h16/n8193/headgap13-0/encode-bound,0.16267340279408377,0.1259037104439335,0.7739661695237647,0.16236849730557598,0.1631726078000533,0.1257413286324551,0.1262010693184828,True,False,True,"[0.16290922138175304, 0.126110136682516, 0.12580320793033964, 0.1624430529784277]"
placement,head-placement/avx512/local/k56/h16/n8193/headgap13-17/encode-bound,0.17095091584407293,0.13279537309304523,0.7768041044844125,0.17077254434057185,0.17122817634684598,0.13256759734439685,0.13293399387156787,True,False,True,"[0.17083286384247456, 0.13280905600873388, 0.13256791291245773, 0.17109833880896294]"
placement,head-placement/avx512/striped/k23/h16/n257/headgap0-0/encode-bound,0.2044739238689176,0.17033169948961485,0.8330240661826867,0.20143458992532967,0.20727917443738084,0.16981347633762445,0.17086924281978375,True,False,True,"[0.20700115174560646, 0.17076896963262858, 0.1699430446507342, 0.2015768529875301]"
placement,head-placement/avx512/striped/k23/h16/n257/headgap0-17/encode-bound,0.20500685419074832,0.14741006242844779,0.7190494337876641,0.2041800573716184,0.20592858190829805,0.14529660260354552,0.1501891051633921,True,False,True,"[0.20540305784033114, 0.14726218141303593, 0.1500813096363604, 0.20420510196033245]"
placement,head-placement/avx512/striped/k23/h16/n257/headgap13-0/encode-bound,0.2056586633202117,0.14479613008996245,0.704060445362878,0.20554502491047794,0.20578531272604703,0.1444837752639125,0.14524207504163236,True,False,True,"[0.20569979216451326, 0.14496647150879843, 0.14455582068527248, 0.2056175344759102]"
placement,head-placement/avx512/striped/k23/h16/n257/headgap13-17/encode-bound,0.1942136147671641,0.16725616370683777,0.8611969037667896,0.1925860869820918,0.1957623473721822,0.16374483835914658,0.16980527320816122,True,False,True,"[0.19575550892957494, 0.1650216526288819, 0.1696863441837333, 0.19267979142539857]"
placement,head-placement/avx512/striped/k23/h16/n8193/headgap0-0/encode-bound,0.1922438392893238,0.11733494558475675,0.6103443731591814,0.19190717120617945,0.19246959747022513,0.11719612534096081,0.1177111990230379,True,False,True,"[0.19201641027400881, 0.11767789026466072, 0.11726062980459162, 0.1923832845683783]"
placement,head-placement/avx512/striped/k23/h16/n8193/headgap0-17/encode-bound,0.19266621483094498,0.11791655591279625,0.6120250819079108,0.19241791608320705,0.1927591730546887,0.11758221782036482,0.11828525674944973,True,False,True,"[0.1926824726935826, 0.11824319867367027, 0.11759116445140035, 0.1926574406735591]"
placement,head-placement/avx512/striped/k23/h16/n8193/headgap13-0/encode-bound,0.18656342251168068,0.11755193400957076,0.6300910029789514,0.18609949218292177,0.18687475530168698,0.1173333256899402,0.11775786966753096,True,False,True,"[0.1861442498227209, 0.11770478465299883, 0.11737601066118412, 0.1867101736533772]"
placement,head-placement/avx512/striped/k23/h16/n8193/headgap13-17/encode-bound,0.19267444627931685,0.11823200313748602,0.613636138162749,0.19245809507291306,0.1929532321124606,0.11769502982269273,0.11884122139699395,True,False,True,"[0.19250985849831578, 0.11880310749145877, 0.11775573293623434, 0.19294445805824684]"
placement,head-placement/avx512/striped/k28/h16/n257/headgap0-0/encode-bound,0.16109676085767455,0.11916707026310602,0.739723565071476,0.15281714249558745,0.16894138476203893,0.11375863876848027,0.1246806656158046,True,False,True,"[0.1689370871359455, 0.124621857913626, 0.11378018910739449, 0.15295070623204016]"
placement,head-placement/avx512/striped/k28/h16/n257/headgap0-17/encode-bound,0.1488948977837919,0.12652088941310743,0.8497328739687681,0.12713143795294132,0.16261895481696273,0.12165149860480963,0.13141871012632503,False,False,False,"[0.12848790963090728, 0.13123791783027178, 0.12184995931789218, 0.14900797080544798]"
placement,head-placement/avx512/striped/k28/h16/n257/headgap13-0/encode-bound,0.1309402637059368,0.13706191348346788,1.0467514697486708,0.11490505574007558,0.1654095012211968,0.11322774503578345,0.15995538653682542,False,False,False,"[0.13109324833717292, 0.1598814384965199, 0.11385937921038784, 0.11510165681798551]"
placement,head-placement/avx512/striped/k28/h16/n257/headgap13-17/encode-bound,0.1470261773501189,0.12058105753246079,0.820133255898483,0.1305079950527935,0.17010318757694606,0.11991643960975773,0.12114167246523963,True,False,True,"[0.13121675808823513, 0.12103049712261786, 0.1201281686890847, 0.14703682965430512]"
placement,head-placement/avx512/striped/k28/h16/n8193/headgap0-0/encode-bound,0.13309648198068075,0.09673919757538775,0.7268351209270104,0.13294410189351294,0.13318116081199444,0.09636070240308758,0.09722360040791093,True,False,True,"[0.1330563612878782, 0.09717720953126559, 0.09640439490699752, 0.13317031137145796]"
placement,head-placement/avx512/striped/k28/h16/n8193/headgap0-17/encode-bound,0.13478618761618505,0.09950391024422815,0.7382352153736543,0.13437419607455478,0.13484539972262458,0.09889505539367381,0.1000254144176938,True,False,True,"[0.13479512828756043, 0.10001539294088296, 0.09900612633844932, 0.13464772263724845]"
placement,head-placement/avx512/striped/k28/h16/n8193/headgap13-0/encode-bound,0.13398989614751716,0.10032098490535904,0.7487205213959559,0.13391543052082175,0.13409065363501607,0.09909391484067091,0.10171741528011456,True,False,True,"[0.1339728202143485, 0.10159882207051964, 0.09913166369399358, 0.13400697208068582]"
placement,head-placement/avx512/striped/k28/h16/n8193/headgap13-17/encode-bound,0.13503500990519626,0.10190732085420831,0.7546733319437245,0.13471010685186838,0.1359070521069911,0.10072512980216873,0.10316773395133155,True,False,True,"[0.13543608993581774, 0.10074045296294502, 0.10315588780949468, 0.13477980700111875]"
small-repeat,bulk/calico/local/k43/h0/u64/encode,0.10806490186337225,0.11160247369036716,1.0327356224453663,0.10795640109213121,0.10823718017303317,0.11107327933501125,0.11220478254954912,False,True,True,"[0.10801252383563253, 0.11214932419439107, 0.11114001170804946, 0.1081816260806302]"
small-repeat,bulk/calico/local/k44/h0/u64/encode,0.1148957056601567,0.11167564119288191,0.9719740224512896,0.11394362498937931,0.11567086023075933,0.11150374579691798,0.11193080299198495,True,False,True,"[0.11412563650160287, 0.1118228359715917, 0.11152706847064588, 0.1156363047130231]"
small-repeat,bulk/calico/local/k51/h0/u64/encode,0.0921504128754634,0.08946591154625898,0.970868265855386,0.0916052815520036,0.09266928833018902,0.08925620241922134,0.08959192401771306,True,False,True,"[0.09168989426920746, 0.08933030272786419, 0.08955791454038829, 0.09262863629567172]"
small-repeat,bulk/calico/striped/k43/h0/u64/encode,0.10625267510896245,0.1093539593036151,1.0291878222498612,0.1059667935518508,0.10638953509235372,0.10914226762665447,0.1094586732043556,False,True,True,"[0.1061118997658973, 0.1094068042626507, 0.10920708346232144, 0.1063579204903568]"
small-repeat,bulk/calico/striped/k44/h0/u64/encode,0.10783943309720335,0.1081279537906178,1.0026754655985106,0.10700529633868354,0.10875447232014084,0.10802653377823764,0.10824352108942806,False,False,False,"[0.10704774117082207, 0.10821338609454156, 0.10802730755474152, 0.10871680723873008]"
small-repeat,bulk/calico/striped/k51/h0/u64/encode,0.08738748601159138,0.0868532693459256,0.9938868058797925,0.08711910664757873,0.08760605430113654,0.08654377134988242,0.08720106608078373,False,False,True,"[0.08715254744428742, 0.08655791498735177, 0.08714695070436902, 0.08748765098294758]"
small-repeat,bulk/series/avx2/local/k17/h16/u64/encode,0.14070631844028758,0.10104855215226423,0.7181522000744184,0.14028043470300583,0.1411216311335503,0.09967073698300319,0.10239300683663037,True,False,True,"[0.14033360071812737, 0.09973028217190412, 0.10236483026668257, 0.14105901879578658]"
small-repeat,bulk/series/avx2/local/k24/h8/u64/encode,0.11576649549260241,0.10895148555747486,0.9411314136605005,0.11509444757457729,0.11676276029012507,0.10885117798294688,0.10909752676369937,True,False,True,"[0.11509587191168627, 0.10886258960436322, 0.10899662104144502, 0.1164892271066525]"
small-repeat,bulk/series/avx2/local/k25/h16/u64/encode,0.2095544561518462,0.1726274857034092,0.8237834158884257,0.20906806892340035,0.20997142636646546,0.17224704205897026,0.17293042020432595,True,False,True,"[0.20909375530582622, 0.17233201796028194, 0.1728899202011643, 0.20993864351226674]"
small-repeat,bulk/series/avx2/local/k26/h16/u64/encode,0.1990720474374446,0.15910912900497914,0.7992539939841468,0.19883795617008324,0.1997902743074088,0.15902671112066558,0.1592076292376702,True,False,True,"[0.19901861665039747, 0.15910987906744276, 0.1591083789425155, 0.19939597256925906]"
small-repeat,bulk/series/avx2/local/k28/h16/u64/encode,0.19552857229584936,0.15984646737715785,0.8175095102484469,0.19543653513943537,0.19566864114489102,0.15883128057951304,0.16067901960212486,True,False,True,"[0.19544807989841237, 0.1606423412702684, 0.15904307360347703, 0.19556488422544782]"
small-repeat,bulk/series/avx2/local/k33/h16/u64/encode,0.21151595341204665,0.17309930696559497,0.8183747096767988,0.21140253359743777,0.2117173846606411,0.1727182777466634,0.17316922319932504,True,False,True,"[0.2116355750567724, 0.17297318347266497, 0.1731358788436455, 0.21145684691997835]"
small-repeat,bulk/series/avx2/local/k34/h16/u64/encode,0.20007061092260262,0.15976972093254516,0.7985666670171369,0.19987564752624107,0.20055974261453072,0.15910034929972694,0.1606107412411147,True,False,True,"[0.2000078103601746, 0.15911806219062138, 0.16052538083578638, 0.2003861809715541]"
small-repeat,bulk/series/avx2/local/k36/h16/u64/encode,0.19825249115476573,0.15895318841994843,0.8017714556527902,0.1978705452090559,0.19848554007992858,0.15842498188304216,0.15918341176393827,True,False,True,"[0.198243941867689, 0.15866050307788948, 0.1591277935684887, 0.1982716844235864]"
small-repeat,bulk/series/avx2/local/k39/h16/u64/encode,0.1984201204577608,0.15865599093367977,0.7995962837219125,0.19834536551347418,0.19867768141203507,0.15856413260723262,0.1588180968267286,True,False,True,"[0.198602699229885, 0.15861202963237195, 0.1586702180606738, 0.19841543377580098]"
small-repeat,bulk/series/avx2/local/k40/h16/u64/encode,0.2379604716179088,0.19886141277131686,0.8356909507669283,0.23763169757692917,0.2382228913309772,0.1987015519687246,0.19934357948642337,True,False,True,"[0.23783225724791965, 0.19886328551606786, 0.19885954002656586, 0.23803328269279175]"
small-repeat,bulk/series/avx2/local/k41/h16/u64/encode,0.30160441542436767,0.2622344601385932,0.8694649240118729,0.30143443756507454,0.30212232054158916,0.2619252718436428,0.26301966484569556,True,False,True,"[0.30170593256675476, 0.26218254778246464, 0.26228637249472175, 0.3015064520070218]"
small-repeat,bulk/series/avx2/local/k42/h16/u64/encode,0.3021588332966244,0.2620291808557025,0.8671902058824562,0.30196055107910635,0.3022257430110144,0.2618153387378311,0.26262266083977936,True,False,True,"[0.3022131719579794, 0.2619955209551625, 0.2621795035337497, 0.3020981216948464]"
small-repeat,bulk/series/avx2/local/k43/h16/u64/encode,0.29318476332761423,0.2541271833344589,0.866781685549221,0.29301080804576746,0.2933612801339039,0.253803063846739,0.25436865408464004,True,False,True,"[0.29311313836147246, 0.2538890674279647, 0.25435442421717813, 0.2931912691031002]"
small-repeat,bulk/series/avx2/local/k44/h16/u64/encode,0.29149034726427864,0.25186450133940397,0.8640577765378006,0.2912943699872595,0.2922117954109352,0.2515828792049522,0.2520895786573355,True,False,True,"[0.291382170523665, 0.2519290573142032, 0.2517999453646048, 0.2915985240048923]"
small-repeat,bulk/series/avx2/local/k45/h16/u64/encode,0.29293656681665503,0.2542896695994415,0.8680707648171418,0.29261900736533564,0.2932013893470585,0.2537881811667188,0.2547655564125391,True,False,True,"[0.29292436348892803, 0.2543579093610115, 0.25424848957249896, 0.29308387509740436]"
small-repeat,bulk/series/avx2/local/k49/h16/u64/encode,0.20724918994814345,0.1736322223781872,0.8377944561406119,0.2071014657650839,0.20740863072968127,0.17334326777815437,0.17397686808548973,True,False,True,"[0.20726730059846035, 0.17396410150604358, 0.1733470549686105, 0.20723107929782658]"
small-repeat,bulk/series/avx2/local/k50/h16/u64/encode,0.19715238872230711,0.1596832353287472,0.8099482657228367,0.19691049234807698,0.197280638470557,0.15896091134468995,0.15994868096476406,True,False,True,"[0.19717242312201197, 0.15978973927977502, 0.15936266769092466, 0.1969495062921649]"
small-repeat,bulk/series/avx2/local/k51/h16/u64/encode,0.1960416222376274,0.1603934861288817,0.8181603697120217,0.19597643852788318,0.1963444981896936,0.16021459949585048,0.1604885847752147,True,False,True,"[0.1960530410812725, 0.16024947000195486, 0.16042689536596574, 0.1960302033939823]"
small-repeat,bulk/series/avx2/local/k52/h16/u64/encode,0.1954353068537047,0.16064790466598478,0.8220004217878584,0.19434972462167888,0.19660293684207095,0.1595816540843351,0.16206096070442572,True,False,True,"[0.19647931852457057, 0.16176552473547776, 0.15969727893226235, 0.19444617077814208]"
small-repeat,bulk/series/avx2/local/k56/h8/u64/encode,0.21585966515082072,0.21675954564950672,1.004168821896658,0.21554600303586455,0.2159820749227907,0.21609727692460498,0.21723889973863722,False,True,True,"[0.21587552616572245, 0.21709430376127895, 0.21646031227245535, 0.215843804135919]"
small-repeat,bulk/series/avx2/local/k61/h16/u64/encode,0.3122263208081222,0.272682278312094,0.8733481456858666,0.3120819747101961,0.3124570702486182,0.27241473238015473,0.27329519884105086,True,False,True,"[0.3123739059539692, 0.27308918190922277, 0.27248565247002005, 0.3121170159181216]"
small-repeat,bulk/series/avx2/striped/k17/h16/u64/encode,0.14157623245283735,0.10019244142285186,0.7076925249881085,0.1412218721418774,0.142117157075843,0.09956241501123766,0.10095520879335514,True,False,True,"[0.14122661659825123, 0.09957255980994077, 0.10092773704419823, 0.1420866449682058]"
small-repeat,bulk/series/avx2/striped/k18/h16/u64/encode,0.14072279262202572,0.09750143693738306,0.692861725671313,0.14033619606671596,0.14102451990685197,0.09740280389830541,0.09784551495596701,True,False,True,"[0.14098624912915617, 0.09746927905213577, 0.09751295130560424, 0.14034644256560133]"
small-repeat,bulk/series/avx2/striped/k20/h16/u64/encode,0.13990613929556608,0.09794219239408104,0.7000564298838102,0.13936752201022629,0.14033149418232257,0.09711154366759278,0.0985974322584616,True,False,True,"[0.1394497432812452, 0.09857785676408896, 0.09730633403117746, 0.14027068210930804]"
small-repeat,bulk/series/avx2/striped/k22/h16/u64/encode,0.14016730139054198,0.09789452179271607,0.6984119749866402,0.13998187021802086,0.14027871899689723,0.09780231536893366,0.09810414892726392,True,False,True,"[0.14027731753701417, 0.0979190393816972, 0.09785422256911978, 0.14007958468692128]"
small-repeat,bulk/series/avx2/striped/k26/h16/u64/encode,0.1492978208009307,0.10900919925045005,0.7301459503270291,0.14864263190141558,0.15020273789922067,0.108880730042264,0.10905290903834541,True,False,True,"[0.1486746726849653, 0.10889536370015968, 0.10901822662793326, 0.15000306416743128]"
small-repeat,bulk/series/avx2/striped/k28/h16/u64/encode,0.14862752611876065,0.10751385419317785,0.7233778089481826,0.14798451507848245,0.14924710026622398,0.10704548075353028,0.1080053787787448,True,False,True,"[0.149037121996451, 0.10796065204150784, 0.10705760164094986, 0.1481086848603277]"
small-repeat,bulk/series/avx2/striped/k30/h16/u64/encode,0.14972571125638184,0.10894638155266156,0.7276397663331713,0.14905999541736978,0.1503120472377377,0.10802881077383533,0.10979597042354192,True,False,True,"[0.15018456493433988, 0.10975748247497996, 0.10809106217979085, 0.1490773101131619]"
small-repeat,bulk/series/avx2/striped/k31/h16/u64/encode,0.14943880905838866,0.10936056519046106,0.7318083293057545,0.14919132384672443,0.14972682409536006,0.10902260607717905,0.10946469326486528,True,False,True,"[0.14919781285203743, 0.10934077190614626, 0.10938035847477585, 0.14971820910744874]"
small-repeat,bulk/series/avx2/striped/k36/h16/u64/encode,0.15749926592825078,0.1153326591766935,0.7322742648796446,0.15641719080089145,0.1587392628347513,0.11472136994368562,0.11563747034958506,True,False,True,"[0.1586875504525779, 0.11556151618338158, 0.11474490698816173, 0.1564411585298741]"
small-repeat,bulk/series/avx512/local/k17/h16/u64/encode,0.10125479839021266,0.10225626583657911,1.0098905677783983,0.10111278535017565,0.1014136298757718,0.10211858938545756,0.1022872412220024,False,True,True,"[0.10125067384235277, 0.10226807015639659, 0.10224938316903703, 0.10125892293807255]"
small-repeat,bulk/series/avx512/local/k24/h8/u64/encode,0.0771899988755102,0.07339443653272433,0.9508283145734042,0.0758978114492529,0.07853080955686727,0.07290147222598889,0.07390140592634867,True,False,True,"[0.07591186070498168, 0.07387285155731002, 0.07292849434161079, 0.07851618117734181]"
small-repeat,bulk/series/avx512/local/k25/h16/u64/encode,0.14749678104205116,0.15057624463459937,1.0208781749051883,0.1469123010721668,0.14808347006872902,0.1505325732214827,0.15069011082904346,False,True,True,"[0.14714612162519355, 0.15057624050473983, 0.1505762487644589, 0.14784115284306043]"
small-repeat,bulk/series/avx512/local/k26/h16/u64/encode,0.13379580193964324,0.1364947101561699,1.020171845285132,0.1336490168279817,0.13405466656338424,0.13631971634729007,0.1365464529797186,False,True,True,"[0.13375930958028803, 0.1364938031362443, 0.1364956171760955, 0.13383229429899846]"
small-repeat,bulk/series/avx512/local/k28/h16/u64/encode,0.13113783074511778,0.13631144070918405,1.0394516970020786,0.13093760690694867,0.1315432979859939,0.13619405284028208,0.13661762207832231,False,True,True,"[0.13095418622630817, 0.13627786199712852, 0.13638930113413703, 0.13144317266178385]"
small-repeat,bulk/series/avx512/local/k33/h16/u64/encode,0.14796265261489294,0.15099617676068638,1.020501958380598,0.14767581257546303,0.1483435631564914,0.1508472646049196,0.1511285486849897,False,True,True,"[0.1477910128444257, 0.15096968857415954, 0.1510251043995096, 0.1481531563569692]"
small-repeat,bulk/series/avx512/local/k34/h16/u64/encode,0.1334997467908983,0.1373338484020557,1.0287199167288519,0.13328689109823197,0.13423812744434227,0.13681512849492594,0.13780514991441054,False,True,True,"[0.1333485226342034, 0.1368809151958954, 0.13777808229665925, 0.13391116592597968]"
small-repeat,bulk/series/avx512/local/k36/h16/u64/encode,0.13081166518789572,0.13596371173513072,1.0393852225627942,0.13061445001679425,0.13091040027144252,0.13582657972765136,0.13604608086835732,False,True,True,"[0.13073976076256885, 0.13594179582272867, 0.1359856276475328, 0.13089768757557704]"
small-repeat,bulk/series/avx512/local/k39/h16/u64/encode,0.14151688767233825,0.1360718742242277,0.9615239316121926,0.1413908107232242,0.14160156334058882,0.13605207272258754,0.13617361312602885,True,False,True,"[0.1415545205858111, 0.13609831638311834, 0.13606180408703492, 0.14147925475886539]"
small-repeat,bulk/series/avx512/local/k40/h16/u64/encode,0.10018933826022342,0.09940031067893848,0.9921246352657248,0.1001130637456021,0.1004302608880577,0.09874878714650866,0.10014823562080392,False,False,True,"[0.10011363613814873, 0.09997020500132953, 0.0987818555612293, 0.10035977194370331]"
small-repeat,bulk/series/avx512/local/k41/h16/u64/encode,0.1482689300041217,0.15013996721541611,1.012619213015447,0.14809578787048255,0.14848036938923917,0.15011033888915135,0.15045544884314122,False,True,True,"[0.14830429238489778, 0.15013646471122477, 0.1503501525055716, 0.1482335676233456]"
small-repeat,bulk/series/avx512/local/k42/h16/u64/encode,0.13481211729272685,0.13646499759064476,1.0122606211601062,0.1344312799382568,0.1352171847853127,0.13635896300032158,0.13657551823471162,False,True,True,"[0.13484323821940475, 0.13644657090018777, 0.13653843082674552, 0.1347677722111607]"
small-repeat,bulk/series/avx512/local/k43/h16/u64/encode,0.14859224110542596,0.13881172535833397,0.934178826065671,0.13974595286963468,0.15740619286681695,0.13822474944148758,0.13931011043670266,True,False,True,"[0.15717686122173266, 0.13867286847299515, 0.13895058224367277, 0.13981727045089162]"
small-repeat,bulk/series/avx512/local/k44/h16/u64/encode,0.13739280837529283,0.1365018419914043,0.993515189081405,0.13121910517575655,0.14381738334175845,0.13639396025050277,0.13660291350840592,False,False,False,"[0.1433041960028543, 0.13651742064284866, 0.13646533721939963, 0.1312522054298053]"
small-repeat,bulk/series/avx512/local/k45/h16/u64/encode,0.14765246410895533,0.1417984821483673,0.9603529680597251,0.14752952271586003,0.1487518193962834,0.13968367746454796,0.1445169869962206,True,False,True,"[0.14826560021304278, 0.14339276724939828, 0.13990412566146576, 0.1475322311508143]"
small-repeat,bulk/series/avx512/local/k49/h16/u64/encode,0.1480116308648491,0.1505520872196861,1.0171638967829273,0.14779381468330097,0.14833846359379332,0.1499074300778033,0.15131955903130784,False,True,True,"[0.14827977797495948, 0.1512263730928194, 0.15002893334249204, 0.14782701332266565]"
small-repeat,bulk/series/avx512/local/k50/h16/u64/encode,0.13350837414165634,0.137114621171609,1.0270113920054658,0.13323970722911,0.13373493051301194,0.1370362546704695,0.13727653167230877,False,True,True,"[0.13373239466301054, 0.13711324508180373, 0.1371159972614143, 0.13325314201655034]"
small-repeat,bulk/series/avx512/local/k51/h16/u64/encode,0.13644394449143465,0.13708295950584304,1.00468335195666,0.13634453457488677,0.13649187265577414,0.13640555687086064,0.13784461675501047,False,False,False,"[0.13641970482576943, 0.13771563301312356, 0.13640983700821638, 0.13647783863712998]"
small-repeat,bulk/series/avx512/local/k52/h16/u64/encode,0.1317946716589422,0.13746153099180736,1.042997636107246,0.1314104700292715,0.1322145561134,0.1369522791300266,0.13788901448403243,False,True,True,"[0.1321844976157366, 0.1378658616749062, 0.13700110566497997, 0.13146252405164421]"
small-repeat,bulk/series/avx512/local/k56/h8/u64/encode,0.09787509950903242,0.10612605555964832,1.0843008701089951,0.09782274753518302,0.09804093346398268,0.10380444081135987,0.10845885925318888,False,True,True,"[0.09798179593117824, 0.10843807116315007, 0.10390976492943899, 0.09785224558830283]"
small-repeat,bulk/series/avx512/local/k61/h16/u64/encode,0.15308832618042867,0.18476473333075286,1.2069158892820517,0.15281583641621463,0.15391428061463783,0.18435327574572696,0.18545100385530647,False,True,True,"[0.15308832618042542, 0.1847642790559984, 0.1847651876055073, 0.15343606291940803]"
small-repeat,bulk/series/avx512/striped/k17/h16/u64/encode,0.10326534287202327,0.10278334981072404,0.995332479921201,0.10162380030635101,0.10463804233594387,0.10185823469132141,0.10404155999466635,False,False,False,"[0.10463144313302002, 0.10340515553973319, 0.1019392891621014, 0.10175718078206517]"
small-repeat,bulk/series/avx512/striped/k18/h16/u64/encode,0.10047769793051622,0.10163542347339219,1.0115222140506899,0.09975281476281353,0.10137855148560893,0.10154697442951127,0.10174871191496264,False,True,True,"[0.09976170214675102, 0.10165281078104917, 0.1016180361657352, 0.10129374004724893]"
small-repeat,bulk/series/avx512/striped/k20/h16/u64/encode,0.100418565546157,0.1003299559818909,0.9991175977889729,0.10016771460467765,0.10063318856364127,0.10029155018765895,0.10040979341845346,False,False,False,"[0.10058353695363541, 0.10034210248247966, 0.10031780948130216, 0.10025049434743839]"
small-repeat,bulk/series/avx512/striped/k22/h16/u64/encode,0.10084698880928936,0.10164431379627678,1.0079062845247193,0.10008732090367677,0.10162343772727117,0.10151133517816655,0.10194523618539994,False,False,False,"[0.10021117932677466, 0.10179680898927619, 0.10151592676901741, 0.10151886874201141]"
small-repeat,bulk/series/avx512/striped/k26/h16/u64/encode,0.11095027256809176,0.11409865042015012,1.0283764769494024,0.11021974132705492,0.11184007874345903,0.11376264916826827,0.11426677158894535,False,True,True,"[0.11182988027606378, 0.11423150216060368, 0.11377056651775444, 0.11023962701829125]"
small-repeat,bulk/series/avx512/striped/k28/h16/u64/encode,0.10930895096156867,0.11411222865417917,1.0439422174520663,0.1087101358942815,0.10996511234802633,0.11386597960899358,0.1142085379707524,False,True,True,"[0.10877335191292657, 0.11407836880166197, 0.11413467743309098, 0.10983093370063925]"
small-repeat,bulk/series/avx512/striped/k30/h16/u64/encode,0.11181624763706835,0.11335075261275142,1.013723452611858,0.11056358135609927,0.11299215087424826,0.1132331189174664,0.1133907728935352,False,True,True,"[0.11293149989891654, 0.11334961043373408, 0.11335189479176876, 0.11057754820352493]"
small-repeat,bulk/series/avx512/striped/k31/h16/u64/encode,0.1110079688819947,0.11255377338363223,1.0139251669695963,0.11089117940298178,0.1111346988911227,0.11220210791943787,0.1129223444572039,False,True,True,"[0.11107236355429234, 0.11280921489517862, 0.11234839139196302, 0.11098421600256544]"
small-repeat,bulk/series/avx512/striped/k36/h16/u64/encode,0.12029405567121913,0.12433926201769008,1.0336276495451036,0.12015293446391437,0.12050556722828126,0.12424139341959592,0.12437704137141646,False,True,True,"[0.12019603014169497, 0.12434517822266504, 0.12433334581271512, 0.12049990844841148]"
