input,case,threads,repetitions,cpu_ns,median_cpu_ns,real_ns,median_real_ns,ns_per_item,median_ns_per_item,counter:values_per_item,counter:logical_values,counter:encoded_bytes,counter:query_bytes,counter:io_bytes_per_value,counter:bulk_input_output_bytes
large,resident/predecessor/local/k1/h0/u64/dependent,1,3,"[49216.84462616797,49719.93808411194,49344.343457943774]",49344.343457943774,"[49262.579439264555,49875.505841134145,49408.31074765607]",49408.31074765607,"[192.25329932096864,194.21850814106227,192.7513416325929]",192.7513416325929,1.0,8589934592.0,1073741824.0,536870912.0,8.0,0.0
large,resident/predecessor/local/k1/h0/u64/get16,1,3,"[4786.999884352932,4810.394934659444,4902.288539377866]",4810.394934659444,"[4792.769284145634,4819.385451601751,4914.871631779145]",4819.385451601751,"[18.69921829825364,18.79060521351345,19.14956460694479]",18.79060521351345,16.0,8589934592.0,1073741824.0,536870912.0,8.0,0.0
large,resident/predecessor/local/k1/h0/u64/point,1,3,"[4239.928878822209,4354.217214042974,4283.013816534533]",4283.013816534533,"[4251.118459794887,4354.010532273552,4287.580520950941]",4287.580520950941,"[16.56222218289926,17.008660992355363,16.73052272083802]",16.73052272083802,1.0,8589934592.0,1073741824.0,536870912.0,8.0,0.0
large,resident/predecessor/local/k56/h0/u64/dependent,1,3,"[48972.92289442606,49704.80427046388,49584.90391459202]",49584.90391459202,"[49026.64175563037,49823.231316689584,49590.11150651817]",49590.11150651817,"[191.30048005635183,194.15939168149956,193.69103091637507]",193.69103091637507,1.0,153391616.0,1073741312.0,536870656.0,8.0,0.0
large,resident/predecessor/local/k56/h0/u64/get16,1,3,"[6635.90247827469,6575.014161570613,6572.700997747126]",6575.014161570613,"[6643.531702614906,6582.899903435356,6581.260701642565]",6582.899903435356,"[25.921494055760512,25.68364906863521,25.67461327244971]",25.68364906863521,16.0,153391616.0,1073741312.0,536870656.0,8.0,0.0
large,resident/predecessor/local/k56/h0/u64/point,1,3,"[4747.9787581695255,4768.693438914164,4813.750754147803]",4768.693438914164,"[4754.005907491583,4775.4821518391955,4825.963423829224]",4775.4821518391955,"[18.54679202409971,18.627708745758454,18.803713883389854]",18.627708745758454,1.0,153391616.0,1073741312.0,536870656.0,8.0,0.0
large,resident/series/avx2/local/k1/h0/u64/admitted-region/get16,1,3,"[6555.743686868661,6526.028566918997,6544.153724747601]",6544.153724747601,"[6586.682922978894,6530.236742427672,6557.033933075954]",6557.033933075954,"[25.608373776830707,25.492299089527332,25.563100487295312]",25.563100487295312,16.0,8589934592.0,1073741824.0,536870912.0,8.0,0.0
large,resident/series/avx2/local/k1/h0/u64/dependent,1,3,"[48147.596449703786,48105.53372781125,49300.46745562271]",48147.596449703786,"[48211.21420118504,48162.06745563896,49364.1952663204]",48211.21420118504,"[188.0765486316554,187.91224112426272,192.57995099852621]",188.0765486316554,1.0,8589934592.0,1073741824.0,536870912.0,8.0,0.0
large,resident/series/avx2/local/k1/h0/u64/get16,1,3,"[9781.508735632111,9825.079310344816,9819.885977011376]",9819.885977011376,"[9790.82390804199,9834.468965517844,9819.570114937103]",9819.570114937103,"[38.209018498562926,38.37921605603444,38.35892959770069]",38.35892959770069,16.0,8589934592.0,1073741824.0,536870912.0,8.0,0.0
large,resident/series/avx2/local/k1/h0/u64/point,1,3,"[4045.781596925772,4030.061806148599,4021.653287788403]",4030.061806148599,"[4056.7920580749105,4039.2653714800263,4027.8552519197683]",4039.2653714800263,"[15.8038343629913,15.742428930267964,15.70958315542345]",15.742428930267964,1.0,8589934592.0,1073741824.0,536870912.0,8.0,0.0
large,resident/series/avx2/local/k1/h0/u64/raw-dense/get16,1,3,"[6522.662831021588,6593.296815889181,6669.632723833385]",6593.296815889181,"[6544.991960907856,6599.341424970068,6669.341582601203]",6599.341424970068,"[25.47915168367808,25.755065687067113,26.05325282747416]",25.755065687067113,16.0,8589934592.0,1073741824.0,536870912.0,8.0,0.0
large,resident/series/avx2/local/k56/h0/u64/admitted-region/get16,1,3,"[9493.457014589869,9440.97081930395,9560.382267115732]",9493.457014589869,"[9512.503030307416,9453.156004486951,9615.685072954175]",9512.503030307416,"[37.083816463241675,36.87879226290606,37.34524323092083]",37.083816463241675,16.0,153391616.0,1073741312.0,536870656.0,8.0,0.0
large,resident/series/avx2/local/k56/h0/u64/dependent,1,3,"[49890.24561403502,53790.88888888935,52666.30409356701]",52666.30409356701,"[50000.60467836464,53845.416374243585,52715.51345029163]",52715.51345029163,"[194.8837719298243,210.12065972222402,205.72775036549612]",205.72775036549612,1.0,153391616.0,1073741312.0,536870656.0,8.0,0.0
large,resident/series/avx2/local/k56/h0/u64/get16,1,3,"[12832.412162162325,13019.149262898656,13005.058353808276]",13005.058353808276,"[12852.56941031251,13031.468366087476,13018.619164605247]",13018.619164605247,"[50.12661000844658,50.85605180819787,50.80100919456357]",50.80100919456357,16.0,153391616.0,1073741312.0,536870656.0,8.0,0.0
large,resident/series/avx2/local/k56/h0/u64/point,1,3,"[4688.861986688318,4659.353886726274,4647.111641341207]",4659.353886726274,"[4693.603541380695,4664.021348733883,4654.221022223104]",4664.021348733883,"[18.31586713550124,18.20060112002451,18.15277984898909]",18.20060112002451,1.0,153391616.0,1073741312.0,536870656.0,8.0,0.0
large,resident/series/avx2/local/k56/h0/u64/raw-dense/get16,1,3,"[8547.415359206934,8541.113748967531,8641.285094963081]",8547.415359206934,"[8554.462221303627,8550.956440961574,8664.951073486505]",8554.462221303627,"[33.38834124690209,33.36372558190441,33.755019902199535]",33.38834124690209,16.0,153391616.0,1073741312.0,536870656.0,8.0,0.0
large,resident/series/avx512/local/k1/h0/u64/admitted-region/get16,1,3,"[5271.986212083282,5241.997994484939,5174.158059664039]",5241.997994484939,"[5277.115567811778,5255.617824018419,5180.534219096129]",5255.617824018419,"[20.59369614095032,20.476554665956794,20.21155492056265]",20.476554665956794,16.0,8589934592.0,1073741824.0,536870912.0,8.0,0.0
large,resident/series/avx512/local/k1/h0/u64/dependent,1,3,"[48213.94392523441,48431.136682241195,49554.82126168424]",48431.136682241195,"[48368.39953270555,48527.13434584564,49667.47546734708]",48527.13434584564,"[188.3357184579469,189.18412766500467,193.5735205534541]",189.18412766500467,1.0,8589934592.0,1073741824.0,536870912.0,8.0,0.0
large,resident/series/avx512/local/k1/h0/u64/get16,1,3,"[9003.633434256151,9031.033520761504,9177.721669550307]",9031.033520761504,"[9026.049307960466,9039.347318342672,9177.303633214271]",9039.347318342672,"[35.17044310256309,35.27747469047463,35.850475271680885]",35.27747469047463,16.0,8589934592.0,1073741824.0,536870912.0,8.0,0.0
large,resident/series/avx512/local/k1/h0/u64/point,1,3,"[4115.770326999639,4065.2251436146767,4036.8704153777817]",4065.2251436146767,"[4120.220061866657,4070.212328767276,4041.1634997815886]",4070.212328767276,"[16.07722783984234,15.87978571724483,15.769025060069458]",15.87978571724483,1.0,8589934592.0,1073741824.0,536870912.0,8.0,0.0
large,resident/series/avx512/local/k1/h0/u64/raw-dense/get16,1,3,"[5052.391615170161,5068.582939537309,5135.058524173014]",5068.582939537309,"[5057.88210348145,5079.627287050448,5140.173270323814]",5079.627287050448,"[19.73590474675844,19.799152107567615,20.058822360050836]",19.799152107567615,16.0,8589934592.0,1073741824.0,536870912.0,8.0,0.0
large,resident/series/avx512/local/k56/h0/u64/admitted-region/get16,1,3,"[6695.593367675634,6687.931745009577,6692.507405022442]",6692.507405022442,"[6715.025434642394,6687.731326464827,6699.449613651677]",6699.449613651677,"[26.15466159248294,26.12473337894366,26.142607050868914]",26.142607050868914,16.0,153391616.0,1073741312.0,536870656.0,8.0,0.0
large,resident/series/avx512/local/k56/h0/u64/dependent,1,3,"[49945.312354312664,50785.153846153866,49825.515151516214]",49945.312354312664,"[50044.03263401909,50835.95920743523,49872.932400989375]",50044.03263401909,"[195.09887638403384,198.3795072115385,194.6309185606102]",195.09887638403384,1.0,153391616.0,1073741312.0,536870656.0,8.0,0.0
large,resident/series/avx512/local/k56/h0/u64/get16,1,3,"[12011.640228245355,12011.833380885219,12003.264479315552]",12011.640228245355,"[12023.779743214773,12041.29415120507,12015.794579179814]",12023.779743214773,"[46.92046964158341,46.921224144082885,46.88775187232638]",46.92046964158341,16.0,153391616.0,1073741312.0,536870656.0,8.0,0.0
large,resident/series/avx512/local/k56/h0/u64/point,1,3,"[4835.348234696732,4643.526543053206,4663.3187706378885]",4663.3187706378885,"[4840.565532131666,4644.316230635204,4676.8970027966]",4676.8970027966,"[18.888079041784113,18.138775558801587,18.216088947804252]",18.216088947804252,1.0,153391616.0,1073741312.0,536870656.0,8.0,0.0
large,resident/series/avx512/local/k56/h0/u64/raw-dense/get16,1,3,"[6472.822274881222,6460.529699841622,6535.143285939933]",6472.822274881222,"[6482.043443920026,6478.546761454737,6549.626224334225]",6482.043443920026,"[25.284462011254778,25.236444140006334,25.52790346070286]",25.284462011254778,16.0,153391616.0,1073741312.0,536870656.0,8.0,0.0
small,resident/calico/local/k1/h0/u64/get16,1,5,"[691.7870591485937,692.3696342931571,692.0166620616135,691.1002338708114,694.0436657522303]",692.0166620616135,"[691.8843622333428,692.5350411493108,692.1426365232917,691.5499220429898,697.6511131066958]",692.1426365232917,"[2.7022931997991946,2.7045688839576454,2.7031900861781777,2.699610288557857,2.7111080693446494]",2.7031900861781777,16.0,32768.0,4096.0,65536.0,8.0,0.0
small,resident/calico/local/k2/h0/u64/get16,1,5,"[688.0943498216126,688.205186291755,690.0500201476209,690.2138743378265,689.9130900549252]",689.9130900549252,"[688.3573204648895,688.2859929826769,690.2467886661528,690.3053199539366,690.0034644074867]",690.0034644074867,"[2.687868553990674,2.688301508952168,2.695507891201644,2.6961479466321348,2.6949730080270515]",2.6949730080270515,16.0,16384.0,4096.0,65536.0,8.0,0.0
small,resident/calico/local/k3/h0/u64/get16,1,5,"[750.543415064005,751.3408185965725,750.1561534452,751.1888833363173,751.256616102145]",751.1888833363173,"[751.0075658653396,751.5375579663954,750.2703292332574,751.4022912536074,751.3864233554569]",751.3864233554569,"[2.9318102150937695,2.9349250726428613,2.9302974743953123,2.934331575532489,2.934596156649004]",2.934331575532489,16.0,10752.0,4032.0,65536.0,8.0,0.0
small,resident/calico/local/k4/h0/u64/get16,1,5,"[687.3017665369077,691.4824456250977,689.5365615426649,691.2214510169367,689.5532550946468]",689.5532550946468,"[687.4215615180867,691.7072758035746,689.9604021447375,691.3840750221946,689.6119883777553]",689.9604021447375,"[2.6847725255347954,2.7011033032230385,2.6935021935260353,2.700083793034909,2.6935674027134637]",2.6935674027134637,16.0,8192.0,4096.0,65536.0,8.0,0.0
small,resident/calico/local/k5/h0/u64/get16,1,5,"[748.0727460220927,747.5797294264709,746.371087530334,749.1670139667988,748.2068199061792]",748.0727460220927,"[748.1801045108124,747.6769467509986,746.5841428096721,749.2630397846056,749.4617008091881]",748.1801045108124,"[2.922159164148799,2.9202333180721514,2.9155120606653666,2.926433648307808,2.9226828902585122]",2.922159164148799,16.0,6400.0,4000.0,65536.0,8.0,0.0
small,resident/calico/local/k56/h0/u64/get16,1,5,"[1526.0361046524447,1530.5993828636338,1527.426215259038,1531.4877441926196,1530.0375931681428]",1530.0375931681428,"[1526.5986331735733,1531.0195897345436,1527.6655729156216,1531.7161715813702,1530.5011299677199]",1530.5011299677199,"[5.961078533798611,5.97890383931107,5.966508653355616,5.98237400075242,5.976709348313058]",5.976709348313058,16.0,512.0,3584.0,65536.0,8.0,0.0
small,resident/calico/local/k6/h0/u64/get16,1,5,"[742.460129082713,741.2580861537698,740.400573583464,740.2206764693716,739.6686367093076]",740.400573583464,"[742.5988982549388,741.4953152066952,740.5020915197682,740.4190011407146,739.7703923186593]",740.5020915197682,"[2.9002348792293478,2.8955393990381633,2.8921897405604065,2.891487017458483,2.889330612145733]",2.8921897405604065,16.0,5376.0,4032.0,65536.0,8.0,0.0
small,resident/calico/local/k7/h0/u64/get16,1,5,"[744.3460012584914,746.8635127497095,745.3467317925691,743.9233312359314,748.7504292554821]",745.3467317925691,"[744.5181140486432,746.9539283544013,745.4388697516553,744.0706698519098,749.023121140649]",745.4388697516553,"[2.9076015674159814,2.917435596678553,2.911510671064723,2.905950512640357,2.9248063642792275]",2.911510671064723,16.0,4608.0,4032.0,65536.0,8.0,0.0
small,resident/calico/striped/k1/h0/u64/get16,1,5,"[894.4249625676603,894.0155104234643,893.9118132606447,892.7228791543528,893.1660651898428]",893.9118132606447,"[894.8684173482019,904.1795856208009,894.6749465709221,892.8613403973983,893.307617000071]",894.6749465709221,"[3.493847510029923,3.4922480875916575,3.491843020549394,3.4871987466966905,3.488929942147824]",3.491843020549394,16.0,32768.0,4096.0,65536.0,8.0,0.0
small,resident/calico/striped/k10/h0/u64/get16,1,5,"[1341.3163924261748,1348.7986264129215,1338.4361711260308,1345.0378594935423,1342.166804979279]",1342.166804979279,"[1341.9509801117333,1349.2456717698255,1338.6069537845271,1346.0036628987598,1342.655458577827]",1342.655458577827,"[5.2395171579147455,5.268744634425475,5.228266293461058,5.25405413864665,5.242839081950309]",5.242839081950309,16.0,3072.0,3840.0,65536.0,8.0,0.0
small,resident/calico/striped/k12/h0/u64/get16,1,5,"[1339.7911710383687,1337.04322612144,1337.395398911024,1340.3434165573783,1336.3347368824052]",1337.395398911024,"[1339.996535785539,1337.1617175616022,1337.7954965215738,1340.9638649917456,1336.7312650124338]",1337.7954965215738,"[5.233559261868629,5.222825102036876,5.224200776996187,5.23571647092726,5.220057565946894]",5.224200776996187,16.0,2560.0,3840.0,65536.0,8.0,0.0
small,resident/calico/striped/k14/h0/u64/get16,1,5,"[1577.6735954988892,1551.311292513648,1520.7238125007668,1515.9051082604406,1507.9821589585374]",1520.7238125007668,"[1577.9347912335597,1551.5128337679837,1520.8745957514363,1516.2537779970244,1508.4183748302053]",1520.8745957514363,"[6.162787482417536,6.059809736381437,5.94032739258112,5.921504329142346,5.890555308431787]",5.94032739258112,16.0,2304.0,4032.0,65536.0,8.0,0.0
small,resident/calico/striped/k15/h0/u64/get16,1,5,"[2960.470525643837,2960.070504362807,2947.067737816598,2920.4192806981996,2919.731453500793]",2947.067737816598,"[2961.1829112570877,2960.367950627857,2947.4060864008948,2920.9371781227887,2920.617748457539]",2947.4060864008948,"[11.564337990796238,11.562775407667212,11.511983350846084,11.407887815227344,11.405200990237471]",11.511983350846084,16.0,2048.0,3840.0,65536.0,8.0,0.0
small,resident/calico/striped/k2/h0/u64/get16,1,5,"[899.3307901418228,898.7020619085538,895.7730297745658,902.1588169671451,898.1636832251854]",898.7020619085538,"[930.440046931342,899.4014438489133,895.9168055805997,902.2674839074047,898.9079386041624]",899.4014438489133,"[3.5130108989914954,3.5105549293302882,3.4991133975568975,3.5240578787779104,3.5084518875983806]",3.5105549293302882,16.0,16384.0,4096.0,65536.0,8.0,0.0
small,resident/calico/striped/k20/h0/u64/get16,1,5,"[1647.419508223667,1643.0479033438305,1645.0326828232521,1659.3245746514194,1655.7188333293818]",1647.419508223667,"[1647.9586450198296,1643.3182504660329,1645.2481534789722,1660.3512164617705,1655.9985369416079]",1647.9586450198296,"[6.435232453998698,6.418155872436838,6.425908917278329,6.481736619732107,6.467651692692898]",6.435232453998698,16.0,1536.0,3840.0,65536.0,8.0,0.0
small,resident/calico/striped/k3/h0/u64/get16,1,5,"[1728.2159587756903,1653.7923042890056,1625.526376743784,1616.584894857374,1603.7378331251282]",1625.526376743784,"[1728.5066104523821,1654.5215099939164,1626.1577269416673,1617.0558244850065,1603.894857380526]",1626.1577269416673,"[6.75084358896754,6.460126188628928,6.349712409155407,6.314784745536617,6.264600910645033]",6.349712409155407,16.0,10752.0,4032.0,65536.0,8.0,0.0
small,resident/calico/striped/k4/h0/u64/get16,1,5,"[900.298919961418,898.76805528773,898.7475924140301,898.8684538733186,898.1739890710544]",898.76805528773,"[900.5682160078098,898.8485053035153,899.1175249116453,899.3516875605006,898.3983735132614]",899.1175249116453,"[3.516792656099289,3.510812715967695,3.510732782867305,3.5112048979426507,3.5084921448088062]",3.510812715967695,16.0,8192.0,4096.0,65536.0,8.0,0.0
small,resident/calico/striped/k5/h0/u64/get16,1,5,"[2981.714066037411,2972.5216351288695,2960.654350519016,2952.7714535901514,2954.5016445260126]",2960.654350519016,"[2983.619836829083,2973.8789030799876,2961.0716543502485,2952.9585664854217,2955.221882875536]",2961.0716543502485,"[11.647320570458637,11.611412637222148,11.565056056714907,11.534263490586527,11.541022048929737]",11.565056056714907,16.0,6400.0,4000.0,65536.0,8.0,0.0
small,resident/calico/striped/k6/h0/u64/get16,1,5,"[1199.910731592857,1155.1878717390368,1146.2745896204733,1143.4242646834452,1142.8319611502716]",1146.2745896204733,"[1200.0625899063189,1155.2777012623942,1146.5884675417572,1143.739111804912,1143.0371764655054]",1146.5884675417572,"[4.687151295284598,4.512452623980613,4.477635115704974,4.466501033919708,4.464187348243248]",4.477635115704974,16.0,5376.0,4032.0,65536.0,8.0,0.0
small,resident/calico/striped/k7/h0/u64/get16,1,5,"[2920.0598331896854,2879.445744658359,2871.5415239815125,2862.788335889151,2863.064560179742]",2871.5415239815125,"[2920.310930901102,2880.363558058431,2871.9450198533714,2863.04928675023,2863.551019979785]",2871.9450198533714,"[11.406483723397209,11.247834940071716,11.216959078052783,11.182766937066996,11.183845938202117]",11.216959078052783,16.0,4608.0,4032.0,65536.0,8.0,0.0
small,resident/predecessor/local/k1/h0/u64/get16,1,5,"[1589.1060115252158,1587.9177777020043,1586.9730396335572,1587.689273820484,1587.6248053557015]",1587.689273820484,"[1590.8918743820864,1588.6016526294723,1587.0685488911101,1588.097532421783,1587.8293836170303]",1588.097532421783,"[6.207445357520374,6.2028038191484525,6.199113436068583,6.201911225861266,6.201659395920709]",6.201911225861266,16.0,32768.0,4096.0,65536.0,8.0,0.0
small,resident/predecessor/local/k2/h0/u64/get16,1,5,"[1606.1405987996318,1607.5098354399502,1605.0289570154814,1604.2423184115155,1608.4448440553565]",1606.1405987996318,"[1606.7671758817157,1608.0721496881204,1605.5979785599,1604.4392469326633,1608.7747158071847]",1606.7671758817157,"[6.273986714061062,6.279335294687305,6.269644363341724,6.266571556294982,6.282987672091236]",6.273986714061062,16.0,16384.0,4096.0,65536.0,8.0,0.0
small,resident/predecessor/local/k3/h0/u64/get16,1,5,"[1668.5279924984561,1662.4671266965674,1673.437433129352,1672.1583256194049,1671.3777694961518]",1671.3777694961518,"[1668.7638940649676,1663.2074342115882,1674.0160249093021,1672.8437180672868,1671.711743986132]",1671.711743986132,"[6.517687470697094,6.4940122136584675,6.536864973161532,6.5318684594508,6.528819412094343]",6.528819412094343,16.0,10752.0,4032.0,65536.0,8.0,0.0
small,resident/predecessor/local/k4/h0/u64/get16,1,5,"[1597.3922056384638,1600.9419568822138,1599.3912969399812,1593.4772825370376,1600.9450123809459]",1599.3912969399812,"[1597.66411095222,1601.375644607412,1599.5287603081467,1594.1074308821117,1601.5003861968269]",1599.5287603081467,"[6.23981330327525,6.253679519071147,6.247622253671801,6.224520634910303,6.253691454613071]",6.247622253671801,16.0,8192.0,4096.0,65536.0,8.0,0.0
small,resident/predecessor/local/k5/h0/u64/get16,1,5,"[1672.1086992839657,1672.8121837708798,1672.7703341288466,1671.8910501192977,1670.7390095465319]",1672.1086992839657,"[1672.4277804294545,1673.0073747020892,1673.0750357993497,1672.088233890555,1671.2807398566363]",1672.4277804294545,"[6.531674606577992,6.534422592854999,6.534259117690806,6.530824414528507,6.52632425604114]",6.531674606577992,16.0,6400.0,4000.0,65536.0,8.0,0.0
small,resident/predecessor/local/k56/h0/u64/get16,1,5,"[1613.7910212805496,1609.0210851679597,1609.5933147951982,1610.6539619433956,1610.1492048535983]",1610.1492048535983,"[1616.2465528338143,1609.6710713796372,1609.8049133608451,1610.882876775321,1610.2893781308012]",1610.2893781308012,"[6.303871176877147,6.285238613937342,6.287473885918743,6.291617038841388,6.2896453314593685]",6.2896453314593685,16.0,512.0,3584.0,65536.0,8.0,0.0
small,resident/predecessor/local/k6/h0/u64/get16,1,5,"[1671.4454156325105,1668.2503267269146,1664.9317530544618,1671.3927196863488,1669.5175952903758]",1669.5175952903758,"[1671.6209009266709,1669.744997182041,1665.6416675662686,1672.0500821315518,1669.824155006601]",1669.824155006601,"[6.529083654814493,6.516602838777009,6.503639660368992,6.5288778112748,6.521553106603032]",6.521553106603032,16.0,5376.0,4032.0,65536.0,8.0,0.0
small,resident/predecessor/local/k7/h0/u64/get16,1,5,"[1672.988148836385,1671.1029919720654,1672.1239905666594,1671.451225612945,1669.2615712617703]",1671.451225612945,"[1673.790919269588,1671.6378189093755,1675.729781557287,1671.699039995928,1669.400747992872]",1671.699039995928,"[6.535109956392129,6.5277460623908805,6.531734338151013,6.529106350050568,6.520553012741289]",6.529106350050568,16.0,4608.0,4032.0,65536.0,8.0,0.0
small,resident/predecessor/striped/k1/h0/u64/get16,1,5,"[1589.1654468915588,1588.8942710283552,1588.5299837741557,1589.1202301119934,1603.694443498884]",1589.1202301119934,"[1589.8800649034542,1589.6571694411186,1588.945047713009,1589.479967321518,1603.8450601942461]",1589.6571694411186,"[6.2076775269201505,6.206618246204512,6.2051952491177955,6.207500898874973,6.264431419917515]",6.207500898874973,16.0,32768.0,4096.0,65536.0,8.0,0.0
small,resident/predecessor/striped/k2/h0/u64/get16,1,5,"[1600.90743653627,1608.1078223130473,1603.1666073458305,1605.839833748575,1607.211465377689]",1605.839833748575,"[1601.1331389140305,1608.559881511187,1603.4101289368823,1606.1673306771766,1607.5786881292067]",1606.1673306771766,"[6.253544673969806,6.281671180910341,6.262369559944649,6.272811850580371,6.278169786631597]",6.272811850580371,16.0,16384.0,4096.0,65536.0,8.0,0.0
small,resident/predecessor/striped/k3/h0/u64/get16,1,5,"[1729.8020014384515,1724.269809776538,1718.6126708167055,1716.6600158726196,1717.4457602737873]",1718.6126708167055,"[1730.0900275291158,1724.492138091216,1720.6187346542577,1718.2789241337998,1718.2049304333366]",1720.6187346542577,"[6.757039068118951,6.735428944439603,6.713330745377756,6.70570318700242,6.708772501069481]",6.713330745377756,16.0,10752.0,4032.0,65536.0,8.0,0.0
small,resident/predecessor/striped/k4/h0/u64/get16,1,5,"[1606.7315799763503,1607.0140184228565,1601.4950837770464,1599.34919557944,1596.707165610541]",1601.4950837770464,"[1607.1909104503684,1607.111537886969,1601.6997941512038,1599.8198764901317,1596.8445323549909]",1601.6997941512038,"[6.2762952342826175,6.277398509464283,6.255840171004087,6.247457795232188,6.237137365666176]",6.255840171004087,16.0,8192.0,4096.0,65536.0,8.0,0.0
small,resident/predecessor/striped/k5/h0/u64/get16,1,5,"[1786.0812320623268,1777.7073851989023,1782.0407954079492,1782.457180196836,1779.509635096307]",1782.0407954079492,"[1786.3775112748706,1778.1298431734776,1782.3038386633873,1782.611879868887,1779.8462100251384]",1782.3038386633873,"[6.976879812743465,6.944169473433211,6.961096857062301,6.962723360143889,6.951209512094948]",6.961096857062301,16.0,6400.0,4000.0,65536.0,8.0,0.0
small,resident/predecessor/striped/k6/h0/u64/get16,1,5,"[1787.0541728811188,1773.2734323325888,1782.4252123727977,1785.0374294793326,1788.8436417871742]",1785.0374294793326,"[1787.2218403473341,1773.622787108099,1782.6427209656028,1785.6444199465996,2138.4953115878275]",1785.6444199465996,"[6.98068036281687,6.926849345049176,6.96259848583124,6.972802458903643,6.987670475731148]",6.972802458903643,16.0,5376.0,4032.0,65536.0,8.0,0.0
small,resident/predecessor/striped/k7/h0/u64/get16,1,5,"[1755.6436780164263,1752.359741990646,1753.876527686901,1752.1572951767857,1749.84323291253]",1752.359741990646,"[1756.5425866316925,1752.5852487045981,1755.9170648295217,1753.7176356688033,1751.6442186796173]",1753.7176356688033,"[6.857983117251664,6.84515524215096,6.851080186276957,6.844364434284319,6.835325128564571]",6.84515524215096,16.0,4608.0,4032.0,65536.0,8.0,0.0
small,resident/series/avx2/local/k1/h0/u64/admitted-region/get16,1,5,"[551.7308440539692,551.5690971132719,551.4933675870728,551.8999764668972,552.0463876686542]",551.7308440539692,"[551.8151984625528,551.6352996548519,551.6502549419808,551.9675556949717,552.4327855349113]",551.8151984625528,"[2.1551986095858173,2.1545667855987185,2.1542709671370033,2.1558592830738172,2.1564312018306806]",2.1551986095858173,16.0,32768.0,4096.0,65536.0,8.0,0.0
small,resident/series/avx2/local/k1/h0/u64/get16,1,5,"[2636.442601369143,2637.5305800045135,2645.3957345971603,2625.5532235010874,2614.78701196118]",2636.442601369143,"[2637.0463401794827,2637.8978221623092,2647.214868727615,2625.9995674415054,2617.0700368615812]",2637.0463401794827,"[10.298603911598217,10.302853828142633,10.33357708827016,10.256067279301122,10.214011765473359]",10.298603911598217,16.0,32768.0,4096.0,65536.0,8.0,0.0
small,resident/series/avx2/local/k1/h0/u64/raw-dense/get16,1,5,"[502.420832900315,502.4907202677658,503.05454955939723,502.6403964895044,502.84868965665476]",502.6403964895044,"[502.62896122186874,502.6318066003361,503.1254618364395,502.7369386739177,502.90938509010925]",502.7369386739177,"[1.9625813785168555,1.9628543760459602,1.9650568342163954,1.9634390487871263,1.9642526939713079]",1.9634390487871263,16.0,32768.0,4096.0,65536.0,8.0,0.0
small,resident/series/avx2/local/k2/h0/u64/admitted-region/get16,1,5,"[548.2128893013647,547.5646731271424,545.9239764314814,546.1910517341884,545.6529730429655]",546.1910517341884,"[548.368329268354,547.638879416264,545.989925107215,546.3320613815603,545.6892322964395]",546.3320613815603,"[2.141456598833456,2.1389245044029006,2.132515532935474,2.1335587958366737,2.131456925949084]",2.1335587958366737,16.0,16384.0,4096.0,65536.0,8.0,0.0
small,resident/series/avx2/local/k2/h0/u64/get16,1,5,"[2646.3684687234427,2646.4716860080853,2641.7414473063777,2641.5058213039038,2642.2947636569374]",2642.2947636569374,"[2646.7393150295443,2647.028247948053,2641.9988300780806,2642.29297103471,2642.7756580811765]",2642.7756580811765,"[10.337376830950948,10.337780023469083,10.319302528540538,10.318382114468374,10.321463920534912]",10.321463920534912,16.0,16384.0,4096.0,65536.0,8.0,0.0
small,resident/series/avx2/local/k2/h0/u64/raw-dense/get16,1,5,"[492.1988792153069,492.7598121660973,494.5920089323576,492.7897504028026,491.7882946547196]",492.7598121660973,"[492.36998614920685,492.9302724934292,494.7477775107963,492.8607675892493,491.8346029906218]",492.8607675892493,"[1.9226518719347923,1.9248430162738175,1.9320000348920219,1.9249599625109477,1.9210480259949982]",1.9248430162738175,16.0,16384.0,4096.0,65536.0,8.0,0.0
small,resident/series/avx2/local/k3/h0/u64/admitted-region/get16,1,5,"[545.4221542002476,545.5833454024498,545.2646385332274,547.7788572569433,547.911818470053]",545.5833454024498,"[545.5031490606486,546.0472730974959,545.4713335657293,561.5778105709086,559.2480653532629]",546.0472730974959,"[2.130555289844717,2.131184942978319,2.1299399942704196,2.1397611611599348,2.1402805408986447]",2.131184942978319,16.0,10752.0,4032.0,65536.0,8.0,0.0
small,resident/series/avx2/local/k3/h0/u64/get16,1,5,"[2633.3246584132567,2638.8340567675277,2641.49303615911,2633.9218691024685,2638.049501773999]",2638.049501773999,"[2634.4505359698624,2641.752000452683,2645.906714727958,2634.3469653501124,2638.2876122897105]",2638.2876122897105,"[10.286424446926784,10.307945534248153,10.318332172496524,10.28875730118152,10.304880866304684]",10.304880866304684,16.0,10752.0,4032.0,65536.0,8.0,0.0
small,resident/series/avx2/local/k3/h0/u64/raw-dense/get16,1,5,"[492.3438643704802,492.1869696468095,491.1370807809938,493.7742232053854,492.4125245252574]",492.3438643704802,"[509.19221461763397,500.45755941535685,491.6104772606777,494.03834922556206,492.4803850775418]",494.03834922556206,"[1.9232182201971886,1.9226053501828497,1.918504221800757,1.9288055593960365,1.9234864239267868]",1.9232182201971886,16.0,10752.0,4032.0,65536.0,8.0,0.0
small,resident/series/avx2/local/k4/h0/u64/admitted-region/get16,1,5,"[549.9051066849112,549.5981999004283,549.3498982740136,550.0180989976294,549.5304766422117]",549.5981999004283,"[549.9912503872052,549.6658839576718,549.6185686228447,550.3652767379534,549.6295173992768]",549.6658839576718,"[2.148066822987934,2.146867968361048,2.1458980401328653,2.1485081992094894,2.14660342438364]",2.146867968361048,16.0,8192.0,4096.0,65536.0,8.0,0.0
small,resident/series/avx2/local/k4/h0/u64/get16,1,5,"[2634.063551577913,2626.530513424394,2621.769345266114,2635.4716721620293,2628.8095713612825]",2628.8095713612825,"[2635.1195854924763,2627.6354780976844,2622.3179651440564,2635.7751295338808,2629.345925576076]",2629.345925576076,"[10.289310748351223,10.259884818064037,10.241286504945759,10.294811219382927,10.268787388130008]",10.268787388130008,16.0,8192.0,4096.0,65536.0,8.0,0.0
small,resident/series/avx2/local/k4/h0/u64/raw-dense/get16,1,5,"[496.7022147644042,497.0746449742894,496.64906112862553,495.6506043330187,495.25847432070515]",496.64906112862553,"[496.7462971963195,497.2124300679681,496.79638925645486,495.7988016221333,495.4959504188126]",496.7462971963195,"[1.9402430264234538,1.941697831930818,1.9400353950336935,1.9361351731758543,1.9346034153152547]",1.9400353950336935,16.0,8192.0,4096.0,65536.0,8.0,0.0
small,resident/series/avx2/local/k5/h0/u64/admitted-region/get16,1,5,"[548.5935980980131,548.7613743806235,546.0012868144728,547.6035944494517,547.5148434833483]",547.6035944494517,"[548.7221971573712,548.8204893819166,546.0917208398397,547.7936428226653,547.7934858939474]",547.7936428226653,"[2.1429437425703632,2.1435991186743104,2.132817526619034,2.139076540818171,2.138729857356829]",2.139076540818171,16.0,6400.0,4000.0,65536.0,8.0,0.0
small,resident/series/avx2/local/k5/h0/u64/get16,1,5,"[2629.6970502308345,2620.997455470656,2635.619564602777,2630.885270002714,2634.741117708083]",2630.885270002714,"[2630.1519932148744,2622.249439261261,2636.0909622092,2631.4086702479926,2635.1060409008564]",2631.4086702479926,"[10.272254102464197,10.238271310432248,10.295388924229597,10.276895585948104,10.291957491047201]",10.276895585948104,16.0,6400.0,4000.0,65536.0,8.0,0.0
small,resident/series/avx2/local/k5/h0/u64/raw-dense/get16,1,5,"[495.2722425988135,496.6884404463611,496.9864213909223,496.3989798307189,494.70996119383705]",496.3989798307189,"[496.34182410242323,496.81872131209866,497.1222926140118,496.4476542490776,494.9064643826918]",496.4476542490776,"[1.9346571976516151,1.9401892204935978,1.9413532085582903,1.9390585149637456,1.932460785913426]",1.9390585149637456,16.0,6400.0,4000.0,65536.0,8.0,0.0
small,resident/series/avx2/local/k56/h0/u64/admitted-region/get16,1,5,"[642.8689031534772,643.0893844223618,642.9301208916169,642.8793703160702,643.2237436418144]",642.9301208916169,"[642.929688971757,643.2094581244949,643.1329393980666,642.9676473696329,645.2777060464223]",643.1329393980666,"[2.51120665294327,2.512067907899851,2.5114457847328784,2.5112475402971497,2.5125927486008375]",2.5114457847328784,16.0,512.0,3584.0,65536.0,8.0,0.0
small,resident/series/avx2/local/k56/h0/u64/get16,1,5,"[2594.3142443855145,2598.8865790108184,2605.009810285092,2598.6376314373847,2605.197800567603]",2598.8865790108184,"[2595.48587801133,2599.2732229291664,2605.652689947711,2599.3807837102195,2605.5022532129988]",2599.3807837102195,"[10.134040017130914,10.15190069926101,10.175819571426139,10.150928247802284,10.1765539084672]",10.15190069926101,16.0,512.0,3584.0,65536.0,8.0,0.0
small,resident/series/avx2/local/k56/h0/u64/raw-dense/get16,1,5,"[622.3535765594704,623.7632003689062,619.7815487486977,621.3792234972434,623.5583662936152]",622.3535765594704,"[622.4523820081453,623.9905863677245,619.8446418120326,621.6431643638363,769.0618914174223]",622.4523820081453,"[2.431068658435431,2.4365750014410397,2.4210216747996,2.4272625917861066,2.4357748683344345]",2.431068658435431,16.0,512.0,3584.0,65536.0,8.0,0.0
small,resident/series/avx2/local/k6/h0/u64/admitted-region/get16,1,5,"[546.5013380944613,546.8080957646116,546.1705064443528,547.8026300881802,546.8674212087034]",546.8080957646116,"[546.611893999449,547.1337977269444,546.2447951055416,547.8736369995044,546.9330718352404]",546.9330718352404,"[2.134770851931489,2.135969124080514,2.133478540798253,2.139854023781954,2.1362008640964976]",2.135969124080514,16.0,5376.0,4032.0,65536.0,8.0,0.0
small,resident/series/avx2/local/k6/h0/u64/get16,1,5,"[2643.3753456529225,2628.14074031687,2632.5465606346174,2643.4815492876724,2632.947384480477]",2632.947384480477,"[3070.660182695009,2629.2287506912717,2633.642141998579,2644.0495260971693,2633.6461849459592]",2633.6461849459592,"[10.325684943956727,10.266174766862772,10.283385002478974,10.326099801904968,10.284950720626862]",10.284950720626862,16.0,5376.0,4032.0,65536.0,8.0,0.0
small,resident/series/avx2/local/k6/h0/u64/raw-dense/get16,1,5,"[495.0352079345038,495.66795117229407,494.74935892455306,494.2288127211995,492.36778657661216]",494.74935892455306,"[495.3010228951467,495.8845605012946,495.1373773479848,494.36501388102766,492.63862770991375]",495.1373773479848,"[1.9337312809941554,1.9362029342667735,1.9326146832990352,1.9305812996921856,1.9233116663148915]",1.9326146832990352,16.0,5376.0,4032.0,65536.0,8.0,0.0
small,resident/series/avx2/local/k7/h0/u64/admitted-region/get16,1,5,"[543.7338546529745,546.3253579209138,545.7234204793068,545.691946778682,546.6474712106777]",545.7234204793068,"[543.8725373481255,546.4098467164703,546.04454948665,545.8745720511133,546.8676898538466]",546.04454948665,"[2.1239603697381817,2.1340834293785695,2.131732111247292,2.131609167104227,2.13534168441671]",2.131732111247292,16.0,4608.0,4032.0,65536.0,8.0,0.0
small,resident/series/avx2/local/k7/h0/u64/get16,1,5,"[2627.6089624498873,2629.3091069450647,2628.0103023139877,2628.4199741033585,2630.3724971380784]",2628.4199741033585,"[2628.006868208371,2629.833999511906,2629.57062433143,2629.3344780350153,2633.362776558122]",2629.57062433143,"[10.264097509569872,10.27073869900416,10.265665243414016,10.267265523841244,10.274892566945619]",10.267265523841244,16.0,4608.0,4032.0,65536.0,8.0,0.0
small,resident/series/avx2/local/k7/h0/u64/raw-dense/get16,1,5,"[492.4175380734314,492.2102905776411,491.5025906373662,489.1791400411404,490.162624946265]",491.5025906373662,"[492.489495952523,492.69527955481584,491.569465067478,489.31067733900414,490.36641010681683]",491.569465067478,"[1.9235060080993411,1.9226964475689106,1.9199319946772118,1.9108560157857049,1.9146977536963479]",1.9199319946772118,16.0,4608.0,4032.0,65536.0,8.0,0.0
small,resident/series/avx2/striped/k1/h0/u64/admitted-region/get16,1,5,"[509.28498754606323,509.7866080142163,509.6296374521121,510.44848367878774,511.2810001019643]",509.7866080142163,"[509.3555634859169,510.1251948203114,510.3217120883997,510.8114831108051,511.35188192794374]",510.3217120883997,"[1.9893944826018097,1.9913539375555327,1.9907407712973129,1.9939393893702646,1.9971914066482983]",1.9913539375555327,16.0,32768.0,4096.0,65536.0,8.0,0.0
small,resident/series/avx2/striped/k1/h0/u64/get16,1,5,"[2510.6706553424324,2519.824594234706,2518.7225861014185,2511.7820743513207,2517.2003814733444]",2517.2003814733444,"[2511.080937128545,2521.293050706924,2519.3601684243727,2511.9975348181974,2517.7396804259806]",2517.7396804259806,"[9.807307247431376,9.84306482122932,9.838760101958666,9.811648727934847,9.832813990130251]",9.832813990130251,16.0,32768.0,4096.0,65536.0,8.0,0.0
small,resident/series/avx2/striped/k1/h0/u64/raw-dense/get16,1,5,"[551.1635657666924,548.8555186073634,548.4586649182781,549.4347672460149,550.2111176980973]",549.4347672460149,"[551.3295735165791,548.9047390963897,548.5177083046171,550.0492950834347,550.500677238023]",550.0492950834347,"[2.1529826787761417,2.1439668695600127,2.142416659837024,2.1462295595547456,2.1492621785081925]",2.1462295595547456,16.0,32768.0,4096.0,65536.0,8.0,0.0
small,resident/series/avx2/striped/k10/h0/u64/admitted-region/get16,1,5,"[981.2135989879976,981.0278937381707,978.8231850446062,976.2821210205132,977.1588867804923]",978.8231850446062,"[981.3355611778458,981.1810316956999,979.1654719235727,976.5286597795106,977.6229460960951]",979.1654719235727,"[3.832865621046866,3.83214020991473,3.8235280665804936,3.8136020352363795,3.8170269014862983]",3.8235280665804936,16.0,3072.0,3840.0,65536.0,8.0,0.0
small,resident/series/avx2/striped/k10/h0/u64/get16,1,5,"[2454.3585216324623,2452.582361184137,2460.133526011599,2448.569872131766,2461.7906113153954]",2454.3585216324623,"[2454.896847084298,2453.264880013337,2461.581117533987,2449.4218251877674,2462.134419337388]",2454.896847084298,"[9.587337975126806,9.580399848375535,9.609896585982808,9.56472606301471,9.616369575450763]",9.587337975126806,16.0,3072.0,3840.0,65536.0,8.0,0.0
small,resident/series/avx2/striped/k10/h0/u64/raw-dense/get16,1,5,"[975.8527863205319,978.1662796292733,977.5296903003729,977.6639608918674,976.535938687723]",977.5296903003729,"[975.9744485591386,978.2547542836159,977.7544927719014,977.9925730662477,976.6532772650868]",977.7544927719014,"[3.8119249465645777,3.8209620298018487,3.8184753527358315,3.8189998472338575,3.814593510498918]",3.8184753527358315,16.0,3072.0,3840.0,65536.0,8.0,0.0
small,resident/series/avx2/striped/k12/h0/u64/admitted-region/get16,1,5,"[769.6961794294577,772.7144631960609,772.834852399553,772.2560002199165,776.5301137925536]",772.7144631960609,"[770.0920730032465,772.8347809356167,772.9103347809266,772.5081798692399,776.6400032981882]",772.8347809356167,"[3.006625700896319,3.018415871859613,3.0188861421857536,3.0166250008590487,3.0333207570021625]",3.018415871859613,16.0,2560.0,3840.0,65536.0,8.0,0.0
small,resident/series/avx2/striped/k12/h0/u64/get16,1,5,"[2480.6577703001453,2475.6348003187804,2473.5967413439985,2472.4738687683425,2482.4791286638683]",2475.6348003187804,"[2482.0479057821817,2476.468980784995,2474.142442220561,2472.7739307534916,2482.770548126638]",2476.468980784995,"[9.690069415234943,9.670448438745236,9.662487270874994,9.658101049876338,9.697184096343236]",9.670448438745236,16.0,2560.0,3840.0,65536.0,8.0,0.0
small,resident/series/avx2/striped/k12/h0/u64/raw-dense/get16,1,5,"[756.9238160530145,760.1163191164876,761.3535349718801,759.4971902682098,760.7989840700726]",760.1163191164876,"[757.0223375024474,760.3220422242579,761.6169695922628,759.5984323801739,760.94371359642]",760.3220422242579,"[2.956733656457088,2.96920437154878,2.974037245983906,2.966785899485194,2.971871031523721]",2.96920437154878,16.0,2560.0,3840.0,65536.0,8.0,0.0
small,resident/series/avx2/striped/k14/h0/u64/admitted-region/get16,1,5,"[1317.0850828258224,1269.427915939119,1262.1770323213286,1257.0685282971622,1256.0746710386752]",1262.1770323213286,"[1317.6093982882608,1269.6000830388982,1262.4980624279606,1257.3279393605787,1256.2257164758919]",1262.4980624279606,"[5.14486360478837,4.9587027966371835,4.93037903250519,4.91042393866079,4.906541683744825]",4.93037903250519,16.0,2304.0,4032.0,65536.0,8.0,0.0
small,resident/series/avx2/striped/k14/h0/u64/get16,1,5,"[2684.5957336408123,2683.756510041174,2684.2786009415095,2689.1630056693166,2684.801345248396]",2684.5957336408123,"[2685.8070337276977,2684.0996252527593,2684.5098107049334,2689.482867300066,2685.303334293776]",2685.303334293776,"[10.486702084534423,10.483423867348336,10.485463284927771,10.504542990895768,10.487505254876549]",10.486702084534423,16.0,2304.0,4032.0,65536.0,8.0,0.0
small,resident/series/avx2/striped/k14/h0/u64/raw-dense/get16,1,5,"[1395.4388641414257,1380.1534110843063,1376.0560699969992,1373.8775369175783,1379.1158503523313]",1379.1158503523313,"[1395.5707360115387,1380.3411296921497,1376.4831120230504,1375.5568726675858,1379.899331285496]",1379.899331285496,"[5.450933063052444,5.391224262048072,5.375219023425778,5.36670912858429,5.387171290438794]",5.387171290438794,16.0,2304.0,4032.0,65536.0,8.0,0.0
small,resident/series/avx2/striped/k15/h0/u64/admitted-region/get16,1,5,"[1201.4405082403152,1180.3803798159072,1175.3800432931569,1164.1599756248597,1167.0510059301537]",1175.3800432931569,"[1201.713337213741,1180.729071924997,1176.011114344957,1164.4318768871208,1167.2824517047668]",1176.011114344957,"[4.693126985313732,4.610860858655888,4.591328294113895,4.547499904784608,4.558792991914664]",4.591328294113895,16.0,2048.0,3840.0,65536.0,8.0,0.0
small,resident/series/avx2/striped/k15/h0/u64/get16,1,5,"[2652.1133740279115,2647.0421206762653,2646.552075607946,2646.240896039046,2648.4037119441746]",2647.0421206762653,"[2652.604864319374,2647.9439024853514,2646.9086466241165,2646.4797383379687,2648.721071748312]",2647.9439024853514,"[10.35981786729653,10.340008283891661,10.33809404534354,10.336878500152526,10.345326999781932]",10.340008283891661,16.0,2048.0,3840.0,65536.0,8.0,0.0
small,resident/series/avx2/striped/k15/h0/u64/raw-dense/get16,1,5,"[1261.7581746769324,1230.164431932428,1222.2113420014093,1227.713054330234,1221.4326097051924]",1227.713054330234,"[1261.9705518147966,1230.2455692285205,1222.3839099136092,1228.1726743287027,1221.6368605369205]",1228.1726743287027,"[4.928742869831767,4.805329812236047,4.774263054693006,4.795754118477477,4.771221131660907]",4.795754118477477,16.0,2048.0,3840.0,65536.0,8.0,0.0
small,resident/series/avx2/striped/k2/h0/u64/admitted-region/get16,1,5,"[507.4082048594469,510.42331964886546,508.96356873534063,508.5264554308433,510.19684165320047]",508.96356873534063,"[507.5224811109665,510.4642929932782,509.0392518672183,508.7089611447716,510.3784629719785]",509.0392518672183,"[1.9820633002322146,1.9938410923783807,1.9881389403724241,1.986431466526732,1.9929564127078145]",1.9881389403724241,16.0,16384.0,4096.0,65536.0,8.0,0.0
small,resident/series/avx2/striped/k2/h0/u64/get16,1,5,"[2511.1568465919063,2511.445306063958,2509.289247465883,2512.2158386761594,2503.31795551415]",2511.1568465919063,"[2511.490382893015,2512.3230416569345,2510.662147641032,2512.9392528378417,2503.638364554758]",2511.490382893015,"[9.809206431999634,9.810333226812336,9.801911122913607,9.813343119828748,9.778585763727149]",9.809206431999634,16.0,16384.0,4096.0,65536.0,8.0,0.0
small,resident/series/avx2/striped/k2/h0/u64/raw-dense/get16,1,5,"[547.2857676562228,546.6481770597718,553.1722974434467,548.8064391809269,549.7651157943521]",548.8064391809269,"[547.3382516604727,546.7177677191606,553.2615391270214,548.8594108231451,549.9506935076397]",548.8594108231451,"[2.1378350299071203,2.1353444416397336,2.1608292868884638,2.1437751530504956,2.147519983571688]",2.1437751530504956,16.0,16384.0,4096.0,65536.0,8.0,0.0
small,resident/series/avx2/striped/k20/h0/u64/admitted-region/get16,1,5,"[988.0287387829632,971.959755604895,982.9150027411573,988.5789234498236,985.7657976743584]",985.7657976743584,"[988.1559713764821,972.3255907895043,983.2317136509178,988.7931153879738,985.9542444529001]",985.9542444529001,"[3.8594872608709503,3.796717795331621,3.8395117294576457,3.8616364197258735,3.850647647165463]",3.850647647165463,16.0,1536.0,3840.0,65536.0,8.0,0.0
small,resident/series/avx2/striped/k20/h0/u64/get16,1,5,"[2466.2243708608544,2470.3430640176225,2472.0755496687575,2472.6100662252934,2471.3410507725334]",2471.3410507725334,"[2467.8097483444694,2471.3335452545916,2472.63618543018,2472.9570684319588,2471.572626931624]",2471.572626931624,"[9.633688948675212,9.64977759381884,9.656545115893584,9.65863307119255,9.653675979580209]",9.653675979580209,16.0,1536.0,3840.0,65536.0,8.0,0.0
small,resident/series/avx2/striped/k20/h0/u64/raw-dense/get16,1,5,"[934.6870174454349,934.0054633860234,934.8548996820219,935.7527517299035,935.0502992171989]",934.8548996820219,"[934.7795744166621,934.1257647405985,935.0340359591935,936.0152948090857,935.1536760971939]",935.0340359591935,"[3.65112116189623,3.648458841351654,3.651776951882899,3.6552841864449355,3.652540231317183]",3.651776951882899,16.0,1536.0,3840.0,65536.0,8.0,0.0
small,resident/series/avx2/striped/k3/h0/u64/admitted-region/get16,1,5,"[803.0048763454299,791.1139325030501,783.050589020868,781.4483113509692,782.1133627792892]",783.050589020868,"[803.2158701765972,791.2851559389554,783.1567107945878,781.5716228549879,782.3683784925187]",783.1567107945878,"[3.1367377982243356,3.090288798840039,3.0587913633627655,3.0525324662147235,3.0551303233565985]",3.0587913633627655,16.0,10752.0,4032.0,65536.0,8.0,0.0
small,resident/series/avx2/striped/k3/h0/u64/get16,1,5,"[2517.858784038461,2529.343409502957,2527.7559281265417,2526.9802365865494,2531.2965230034697]",2527.7559281265417,"[2518.268448544616,2529.6813261775765,2528.6467716167454,2528.458184494972,2532.035990593883]",2528.6467716167454,"[9.835385875150239,9.880247693370926,9.874046594244303,9.871016549166209,9.887877042982305]",9.874046594244303,16.0,10752.0,4032.0,65536.0,8.0,0.0
small,resident/series/avx2/striped/k3/h0/u64/raw-dense/get16,1,5,"[802.5330702821404,793.2817337645001,785.5464206248038,779.0241374195261,778.8096419141433]",785.5464206248038,"[802.7233037648984,793.3872608063231,785.6537811137525,779.1768653394683,778.920325154875]",785.6537811137525,"[3.1348948057896107,3.0987567725175786,3.06854070556564,3.0430630367950235,3.0422251637271227]",3.06854070556564,16.0,10752.0,4032.0,65536.0,8.0,0.0
small,resident/series/avx2/striped/k4/h0/u64/admitted-region/get16,1,5,"[507.1737197317858,507.01117707431354,506.43831756381655,507.4680408931454,505.83478093733515]",507.01117707431354,"[507.6593204541393,507.21042782593935,506.48184360071036,507.6079030110313,505.89725940443907]",507.21042782593935,"[1.9811473427022883,1.980512410446537,1.9782746779836584,1.9822970347388493,1.9759171130364654]",1.980512410446537,16.0,8192.0,4096.0,65536.0,8.0,0.0
small,resident/series/avx2/striped/k4/h0/u64/get16,1,5,"[2517.6257359276374,2495.9549648190964,2515.649931792109,2509.552609850616,2513.771413699099]",2513.771413699099,"[2517.7787909249946,2496.4468516654947,2519.326967260737,2509.796901923944,2514.794371050576]",2514.794371050576,"[9.834475530967335,9.749824081324594,9.826757546062925,9.80293988222897,9.819419584762107]",9.819419584762107,16.0,8192.0,4096.0,65536.0,8.0,0.0
small,resident/series/avx2/striped/k4/h0/u64/raw-dense/get16,1,5,"[545.2351688422467,545.5758442112598,547.7114921349126,547.411901390679,547.0487460480725]",547.0487460480725,"[545.4401730123853,545.80001163767,547.8403824893302,547.4772698178491,547.0957891267094]",547.0957891267094,"[2.1298248782900266,2.131155641450234,2.1394980161520025,2.13832773980734,2.1369091642502833]",2.1369091642502833,16.0,8192.0,4096.0,65536.0,8.0,0.0
small,resident/series/avx2/striped/k5/h0/u64/admitted-region/get16,1,5,"[1274.5913238302437,1181.4771785130936,1151.8515548051096,1138.9487179487303,1132.8850104447743]",1151.8515548051096,"[1275.0554599473476,1184.0549295930368,1152.3421004210063,1139.3178339886804,1133.0689569328688]",1152.3421004210063,"[4.9788723587118895,4.615145228566771,4.49942013595746,4.449018429487228,4.425332072049899]",4.49942013595746,16.0,6400.0,4000.0,65536.0,8.0,0.0
small,resident/series/avx2/striped/k5/h0/u64/get16,1,5,"[2565.1080035758087,2566.291117070803,2570.784594895354,2577.414481965903,2567.3850728841726]",2567.3850728841726,"[2565.549486435363,2566.705836206347,2571.090270555927,2577.837173663296,2567.7843029936002]",2567.7843029936002,"[10.019953138968003,10.024574676057824,10.042127323809977,10.06802532017931,10.0288479409538]",10.0288479409538,16.0,6400.0,4000.0,65536.0,8.0,0.0
small,resident/series/avx2/striped/k5/h0/u64/raw-dense/get16,1,5,"[1284.199767168721,1214.0886733813384,1197.8412589520744,1195.7629486419899,1192.9722577359664]",1197.8412589520744,"[1284.337439063678,1214.5409169812351,1197.9274896838447,1195.974409346505,1193.5156589435032]",1197.9274896838447,"[5.016405340502817,4.742533880395853,4.679067417781542,4.670949018132772,4.660047881781118]",4.679067417781542,16.0,6400.0,4000.0,65536.0,8.0,0.0
small,resident/series/avx2/striped/k6/h0/u64/admitted-region/get16,1,5,"[1153.8377074708678,1073.9807056857467,1055.3358559003398,1053.976423335476,1054.7831098788174]",1055.3358559003398,"[1154.1427893201264,1074.0585760948013,1055.4637566939964,1054.0693626803284,1055.0316286227642]",1055.4637566939964,"[4.507178544808077,4.195237131584948,4.122405687110702,4.117095403654203,4.1202465229641305]",4.122405687110702,16.0,5376.0,4032.0,65536.0,8.0,0.0
small,resident/series/avx2/striped/k6/h0/u64/get16,1,5,"[2524.055414437463,2528.813201462908,2529.967014358025,2522.275216631549,2525.5515141688525]",2525.5515141688525,"[2524.3095894357016,2529.2661190077156,2530.8000324272243,2522.515357869935,2526.521609108355]",2526.521609108355,"[9.859591462646337,9.878176568214483,9.882683649836036,9.852637564966988,9.865435602222082]",9.865435602222082,16.0,5376.0,4032.0,65536.0,8.0,0.0
small,resident/series/avx2/striped/k6/h0/u64/raw-dense/get16,1,5,"[1242.2872129481832,1220.9722984653686,1217.1478750110361,1206.142317121902,1210.147972689128]",1217.1478750110361,"[1242.7122400539638,1221.8485304317824,1217.4565966965047,1206.5469783251308,1210.2851226347777]",1217.4565966965047,"[4.852684425578841,4.769423040880346,4.75448388676186,4.711493426257429,4.727140518316905]",4.75448388676186,16.0,5376.0,4032.0,65536.0,8.0,0.0
small,resident/series/avx2/striped/k7/h0/u64/admitted-region/get16,1,5,"[997.987842302301,985.7436549813325,980.9472592337044,976.0512846607726,975.9959996242559]",980.9472592337044,"[998.0983654044644,986.0968623278634,981.1725641548888,976.2440464075967,976.2631166919944]",981.1725641548888,"[3.8983900089933634,3.85056115227083,3.8318252313816576,3.812700330706143,3.81248437353225]",3.8318252313816576,16.0,4608.0,4032.0,65536.0,8.0,0.0
small,resident/series/avx2/striped/k7/h0/u64/get16,1,5,"[2570.494446699236,2570.781705472015,2574.2636803069836,2574.724069222467,2573.3808531049426]",2573.3808531049426,"[2571.391295524207,2571.5053134563336,2574.8097118185574,2575.0455518252943,2573.7931626146346]",2573.7931626146346,"[10.04099393241889,10.04211603700006,10.055717501199155,10.057515895400263,10.052268957441182]",10.052268957441182,16.0,4608.0,4032.0,65536.0,8.0,0.0
small,resident/series/avx2/striped/k7/h0/u64/raw-dense/get16,1,5,"[874.8599787562274,864.1203836837124,856.8612611562977,856.9829725773761,856.4282050286232]",856.9829725773761,"[874.9619360355731,864.2396987009082,856.9822730864842,857.3113900440142,856.5393463646427]",857.3113900440142,"[3.4174217920165133,3.375470248764502,3.3471143013917883,3.347589736630375,3.345422675893059]",3.347589736630375,16.0,4608.0,4032.0,65536.0,8.0,0.0
small,resident/series/avx512/local/k1/h0/u64/admitted-region/get16,1,5,"[1664.08561418613,1668.0365773457274,1666.5902715500197,1663.411258982918,1670.2522868314368]",1666.5902715500197,"[1664.323743588111,1668.269828173666,1667.931568437451,1663.8856524495186,1670.6540875990772]",1667.931568437451,"[6.50033443041457,6.515767880256748,6.510118248242264,6.497700230402024,6.524422995435299]",6.510118248242264,16.0,32768.0,4096.0,65536.0,8.0,0.0
small,resident/series/avx512/local/k1/h0/u64/get16,1,5,"[3415.1811038945243,3412.834440146931,3420.0004865114765,3443.958524897229,3441.596219805871]",3420.0004865114765,"[3417.682137731526,3414.122527913381,3420.7536305918534,3444.7857890001983,3442.0351261281057]",3420.7536305918534,"[13.340551187087986,13.331384531823948,13.359376900435455,13.452962987879799,13.443735233616684]",13.359376900435455,16.0,32768.0,4096.0,65536.0,8.0,0.0
small,resident/series/avx512/local/k1/h0/u64/raw-dense/get16,1,5,"[1596.1552231346766,1600.0679569745917,1599.3628195954132,1595.658477300348,1603.2553696573202]",1599.3628195954132,"[1596.6033098215114,1600.20335979813,1599.6250951261225,1595.8567485604924,1603.9920945923275]",1599.6250951261225,"[6.23498134036983,6.250265456931999,6.247511014044582,6.233040926954484,6.262716287723906]",6.247511014044582,16.0,32768.0,4096.0,65536.0,8.0,0.0
small,resident/series/avx512/local/k2/h0/u64/admitted-region/get16,1,5,"[1607.1122230491726,1606.7393255853651,1605.1871414667776,1601.1232839067754,1605.3950878800122]",1605.3950878800122,"[1607.4819488173584,1606.9392797845778,1605.675433674908,1601.368386099951,1605.9807064749607]",1605.9807064749607,"[6.2777821212858305,6.276325490567832,6.2702622713546,6.254387827760842,6.271074562031298]",6.271074562031298,16.0,16384.0,4096.0,65536.0,8.0,0.0
small,resident/series/avx512/local/k2/h0/u64/get16,1,5,"[3449.135515975679,3451.948439386101,3446.8642869460273,3451.5847067228456,3438.548468947837]",3449.135515975679,"[3449.985884266078,3452.276353066325,3448.0858276066506,3452.5887714630044,3446.7844948628667]",3449.985884266078,"[13.473185609279994,13.484173591351956,13.464313620882917,13.482752760636115,13.431829956827489]",13.473185609279994,16.0,16384.0,4096.0,65536.0,8.0,0.0
small,resident/series/avx512/local/k2/h0/u64/raw-dense/get16,1,5,"[1605.588902209272,1607.417240395052,1602.7727693098293,1605.2403151224803,1606.068424958606]",1605.588902209272,"[1606.271690358201,1607.836307587199,1602.9582006055987,1605.4279271566543,1606.3278301083008]",1606.271690358201,"[6.271831649254968,6.278973595293171,6.260831130116522,6.270469980947189,6.273704784994556]",6.271831649254968,16.0,16384.0,4096.0,65536.0,8.0,0.0
small,resident/series/avx512/local/k3/h0/u64/admitted-region/get16,1,5,"[1606.0824609124782,1605.343501417195,1606.8355696260448,1606.2529258480326,1607.4751417207801]",1606.2529258480326,"[1606.5675802325247,1605.522058151617,1607.1657218614437,1606.6199026239433,1607.7109925023922]",1606.6199026239433,"[6.273759612939368,6.270873052410919,6.276701443851737,6.274425491593877,6.279199772346797]",6.274425491593877,16.0,10752.0,4032.0,65536.0,8.0,0.0
small,resident/series/avx512/local/k3/h0/u64/get16,1,5,"[3436.9985942239487,3438.714676794838,3436.628480528774,3441.5046242631715,3438.4700224430953]",3438.4700224430953,"[3438.3558093067704,3439.0549732411428,3437.055417170042,3443.003872048969,3439.0204454084896]",3439.0204454084896,"[13.4257757586873,13.432479206229836,13.424330002065522,13.443377438528012,13.431523525168341]",13.431523525168341,16.0,10752.0,4032.0,65536.0,8.0,0.0
small,resident/series/avx512/local/k3/h0/u64/raw-dense/get16,1,5,"[1606.3004898916458,1608.0961268658382,1598.1270958393563,1607.254214678344,1600.4190758756838]",1606.3004898916458,"[1606.9792773525319,1608.4426734742117,1598.5828445911773,1607.459796683137,1600.6039697321387]",1606.9792773525319,"[6.274611288639241,6.28162549556968,6.242683968122486,6.27833677608728,6.251637015139389]",6.274611288639241,16.0,10752.0,4032.0,65536.0,8.0,0.0
small,resident/series/avx512/local/k4/h0/u64/admitted-region/get16,1,5,"[1587.451410160476,1600.4083112109147,1596.2039343815632,1596.7297551789748,1600.739364236601]",1596.7297551789748,"[1587.9158101330208,1600.7347922766703,1596.6138338666883,1596.8670160864808,1600.9412111725426]",1596.8670160864808,"[6.200982070939359,6.251594965667635,6.23517161867798,6.23722560616787,6.252888141549223]",6.23722560616787,16.0,8192.0,4096.0,65536.0,8.0,0.0
small,resident/series/avx512/local/k4/h0/u64/get16,1,5,"[3426.340931372644,3435.375563725564,3421.3216911765385,3411.214362745076,3425.988553921678]",3425.988553921678,"[3427.2642156856127,3435.860245098596,3421.650563726298,3411.901691177154,3426.3769607833847]",3426.3769607833847,"[13.384144263174392,13.419435795802984,13.364537856158353,13.325056104472951,13.382767788756556]",13.382767788756556,16.0,8192.0,4096.0,65536.0,8.0,0.0
small,resident/series/avx512/local/k4/h0/u64/raw-dense/get16,1,5,"[1600.5795253680774,1597.0626646443752,1603.9683654733992,1597.0009579309162,1599.1577164752596]",1599.1577164752596,"[1600.92800693384,1597.3393127983225,1604.5112956011326,1597.2559956207253,1599.448003740636]",1599.448003740636,"[6.252263770969052,6.238526033767091,6.265501427630466,6.2382849919176415,6.246709829981483]",6.246709829981483,16.0,8192.0,4096.0,65536.0,8.0,0.0
small,resident/series/avx512/local/k5/h0/u64/admitted-region/get16,1,5,"[1602.4163708834387,1601.4988455839518,1597.646392593388,1601.0765016024097,1603.018436196997]",1601.4988455839518,"[1602.5143526657614,1602.1468807793606,1598.289947965026,1601.440814638641,1603.319595207295]",1602.1468807793606,"[6.2594389487634325,6.255854865562311,6.240806221067923,6.254205084384413,6.26179076639452]",6.255854865562311,16.0,6400.0,4000.0,65536.0,8.0,0.0
small,resident/series/avx512/local/k5/h0/u64/get16,1,5,"[3436.492247204763,3431.0683622066463,3438.105614940452,3438.8699840274276,3442.9021255682883]",3438.105614940452,"[3438.238383093337,3432.1155670230064,3438.5596756346763,3439.253421795968,3443.5014375226374]",3438.5596756346763,"[13.423797840643607,13.402610789869712,13.430100058361141,13.433085875107135,13.448836428001124]",13.430100058361141,16.0,6400.0,4000.0,65536.0,8.0,0.0
small,resident/series/avx512/local/k5/h0/u64/raw-dense/get16,1,5,"[1608.2398346598443,1605.5796384895455,1605.3311600077604,1603.0005709261727,1605.7453897713588]",1605.5796384895455,"[1608.5508866487626,1605.8529750964121,1605.5158888752849,1603.6305993582555,1606.083800541522]",1605.8529750964121,"[6.282186854140018,6.271795462849787,6.270824843780315,6.261720980180362,6.272442928794369]",6.271795462849787,16.0,6400.0,4000.0,65536.0,8.0,0.0
small,resident/series/avx512/local/k56/h0/u64/admitted-region/get16,1,5,"[1610.2396688560084,1605.806171319107,1609.5983625249742,1609.4300880314033,1605.956360609291]",1609.4300880314033,"[1611.0203087940313,1606.2929095962713,1610.0703566872717,1609.7006590947783,1606.097621328483]",1609.7006590947783,"[6.289998706468783,6.272680356715263,6.28749360361318,6.286836281372668,6.273267033630044]",6.286836281372668,16.0,512.0,3584.0,65536.0,8.0,0.0
small,resident/series/avx512/local/k56/h0/u64/get16,1,5,"[3484.58805501591,3485.9594109734344,3476.7388996860377,3473.375018687188,3479.9127921462623]",3479.9127921462623,"[3486.199755818439,3488.3428763631186,3477.1978372452113,3473.9300343844047,3480.2363831166404]",3480.2363831166404,"[13.611672089905898,13.617028949114978,13.581011326898583,13.567871166746828,13.593409344321337]",13.593409344321337,16.0,512.0,3584.0,65536.0,8.0,0.0
small,resident/series/avx512/local/k56/h0/u64/raw-dense/get16,1,5,"[1619.4136050351897,1616.0939488431152,1614.9105271030808,1619.8702896132445,1615.885431888434]",1616.0939488431152,"[1619.5813897295911,1616.2874961165674,1615.4405182429825,1621.0413881183065,1616.2386404168913]",1616.2874961165674,"[6.325834394668711,6.312866987668419,6.308244246496409,6.327618318801736,6.312052468314195]",6.312866987668419,16.0,512.0,3584.0,65536.0,8.0,0.0
small,resident/series/avx512/local/k6/h0/u64/admitted-region/get16,1,5,"[1605.6821036378433,1606.9391009760539,1604.7208669900403,1600.6983395365473,1604.4274800363753]",1604.7208669900403,"[1606.6801677750009,1607.5640275168862,1604.8887224456942,1600.8502586912632,1604.7074196554681]",1604.8887224456942,"[6.272195717335326,6.2771058631877095,6.268440886679844,6.252727888814638,6.267294843892092]",6.268440886679844,16.0,5376.0,4032.0,65536.0,8.0,0.0
small,resident/series/avx512/local/k6/h0/u64/get16,1,5,"[3438.2136800313638,3437.4211841976125,3438.50573473193,3432.1274629936684,3430.8887363983968]",3437.4211841976125,"[3438.7587981564307,3437.8776345453357,3444.344892658315,3433.731251837297,3432.140721497528]",3437.8776345453357,"[13.430522187622513,13.427426500771924,13.431663026296603,13.406747902319015,13.401909126556236]",13.427426500771924,16.0,5376.0,4032.0,65536.0,8.0,0.0
small,resident/series/avx512/local/k6/h0/u64/raw-dense/get16,1,5,"[1599.2362033961122,1606.6560077518764,1606.142234219156,1606.2274017165082,1603.2209302326155]",1606.142234219156,"[1600.1358319490535,1606.8782299740433,1606.5024340159737,1606.543950719834,1603.4205887781673]",1606.5024340159737,"[6.247016419516062,6.276000030280768,6.273993102418578,6.27432578795511,6.262581758721154]",6.273993102418578,16.0,5376.0,4032.0,65536.0,8.0,0.0
small,resident/series/avx512/local/k7/h0/u64/admitted-region/get16,1,5,"[1606.0564380168967,1603.9596756620867,1602.2585987407613,1602.396534125446,1603.8243207597086]",1603.8243207597086,"[1606.7852121160568,1604.2224031745152,1602.9945523148724,1602.7089559939873,1604.3534916796602]",1604.2224031745152,"[6.2736579610035035,6.265467483055026,6.258822651331098,6.259361461427522,6.264938752967613]",6.264938752967613,16.0,4608.0,4032.0,65536.0,8.0,0.0
small,resident/series/avx512/local/k7/h0/u64/get16,1,5,"[3438.3541896973643,3441.071658437059,3444.861841943602,3436.140884860071,3432.7177635297394]",3438.3541896973643,"[3441.581497038826,3442.0319601048504,3447.0951924735455,3438.0765224661873,3433.889109981252]",3441.581497038826,"[13.431071053505331,13.441686165769761,13.456491570092197,13.42242533148465,13.409053763788044]",13.431071053505331,16.0,4608.0,4032.0,65536.0,8.0,0.0
small,resident/series/avx512/local/k7/h0/u64/raw-dense/get16,1,5,"[1601.1072568463128,1602.6058881657236,1606.5423495870016,1605.3307322723285,1607.4266080576522]",1605.3307322723285,"[1601.5479265338374,1602.8239570204164,1606.996569780082,1605.4800717845287,1608.0128122122103]",1605.4800717845287,"[6.254325222055909,6.260179250647358,6.275556053074225,6.270823172938783,6.279010187725204]",6.270823172938783,16.0,4608.0,4032.0,65536.0,8.0,0.0
small,resident/series/avx512/striped/k1/h0/u64/admitted-region/get16,1,5,"[1609.4844037957396,1604.5689953182607,1608.414601481222,1605.641831022991,1599.686633623701]",1605.641831022991,"[1614.320097068242,1605.6528771420897,1609.8417371596192,1605.7985943383255,1600.0696191664574]",1605.7985943383255,"[6.287048452327109,6.267847637961956,6.2828695370360235,6.272038402433559,6.248775912592583]",6.272038402433559,16.0,32768.0,4096.0,65536.0,8.0,0.0
small,resident/series/avx512/striped/k1/h0/u64/get16,1,5,"[3436.3373523561563,3429.9111067455915,3440.6734032365257,3446.5714706676895,3426.18412199494]",3436.3373523561563,"[3438.2765267779178,3431.149424158437,3441.9344105295663,3447.3481079491007,3427.9598506981956]",3438.2765267779178,"[13.423192782641236,13.398090260724967,13.440130481392679,13.463169807295662,13.383531726542735]",13.423192782641236,16.0,32768.0,4096.0,65536.0,8.0,0.0
small,resident/series/avx512/striped/k1/h0/u64/raw-dense/get16,1,5,"[1599.5588108280076,1607.6782621542498,1606.3084983066908,1605.8521490101598,1608.185262631535]",1606.3084983066908,"[1600.171761710947,1608.5075118758377,1607.0910062048804,1606.91692615418,1608.732106734387]",1607.0910062048804,"[6.248276604796905,6.279993211540037,6.274642571510511,6.272859957070936,6.281973682154433]",6.274642571510511,16.0,32768.0,4096.0,65536.0,8.0,0.0
small,resident/series/avx512/striped/k10/h0/u64/admitted-region/get16,1,5,"[1811.326806046917,1807.3445609520074,1806.8887487937075,1808.6545384367876,1808.6218076552202]",1808.6218076552202,"[1812.220495336065,1807.5283499515804,1807.6112061760857,1809.0889803792334,1808.8855451908757]",1808.8855451908757,"[7.0754953361207695,7.05993969121878,7.05815917497542,7.065056790768701,7.064928936153204]",7.064928936153204,16.0,3072.0,3840.0,65536.0,8.0,0.0
small,resident/series/avx512/striped/k10/h0/u64/get16,1,5,"[3384.009506301035,3386.3729227642402,3369.8788369899494,3384.968384896497,3376.348878836973]",3384.009506301035,"[3384.8028591466928,3444.506494763608,3370.088411021069,3385.4669698360467,3376.750054425308]",3384.8028591466928,"[13.21878713398842,13.228019229547813,13.163589206991988,13.22253275350194,13.188862807956928]",13.21878713398842,16.0,3072.0,3840.0,65536.0,8.0,0.0
small,resident/series/avx512/striped/k10/h0/u64/raw-dense/get16,1,5,"[1807.4673316900219,1810.4584403349927,1806.7970603037752,1802.8016156716035,1804.4222425829678]",1806.7970603037752,"[1807.7025719113542,1811.0208798436863,1807.308151914385,1803.968551186741,1804.9164290045649]",1807.308151914385,"[7.060419264414148,7.072103282558566,7.057801016811622,7.042193811217201,7.048524385089718]",7.057801016811622,16.0,3072.0,3840.0,65536.0,8.0,0.0
small,resident/series/avx512/striped/k12/h0/u64/admitted-region/get16,1,5,"[1737.0756433035156,1738.6777580359073,1734.2504876807452,1734.2779468956228,1735.5418162842334]",1735.5418162842334,"[1737.9158207324142,1739.3035796376776,1734.4973099915608,1734.4852950318127,1735.6910776189593]",1735.6910776189593,"[6.785451731654358,6.791709992327764,6.774415967502911,6.774523230061028,6.779460219860287]",6.779460219860287,16.0,2560.0,3840.0,65536.0,8.0,0.0
small,resident/series/avx512/striped/k12/h0/u64/get16,1,5,"[3452.7765502581315,3452.8201725118442,3457.492746101228,3450.633671931006,3454.000247151532]",3452.8201725118442,"[3453.146832752993,3453.2365734902464,3457.8947628581773,3451.1754776201324,3455.104643979308]",3453.2365734902464,"[13.487408399445824,13.487578798874392,13.50583103945792,13.479037780980493,13.492188465435676]",13.487578798874392,16.0,2560.0,3840.0,65536.0,8.0,0.0
small,resident/series/avx512/striped/k12/h0/u64/raw-dense/get16,1,5,"[1737.071627121946,1739.7599647573115,1733.5039089646405,1732.7797453590028,1735.104921572457]",1735.104921572457,"[1741.896890201413,1741.1242057977313,1734.1448798772865,1734.0270897444982,1735.3621810784985]",1735.3621810784985,"[6.785436043445102,6.795937362333248,6.771499644393127,6.768670880308605,6.77775359989241]",6.77775359989241,16.0,2560.0,3840.0,65536.0,8.0,0.0
small,resident/series/avx512/striped/k14/h0/u64/admitted-region/get16,1,5,"[1825.6814636521792,1827.5566165540936,1830.0577674307654,1829.222296755133,1824.9457706928822]",1827.5566165540936,"[1825.8416525274133,1828.2533770007524,1830.8104275999447,1829.3958752577153,1825.1704349658569]",1828.2533770007524,"[7.131568217391324,7.138893033414427,7.148663154026427,7.145399596699738,7.128694416769073]",7.138893033414427,16.0,2304.0,4032.0,65536.0,8.0,0.0
small,resident/series/avx512/striped/k14/h0/u64/get16,1,5,"[3578.774910780652,3585.114483041687,3584.0771008240963,3587.7449228478663,3587.5727746539687]",3585.114483041687,"[3580.133661968332,3585.4990372028788,3584.56864104362,3588.0988472110453,3588.175716962315]",3585.4990372028788,"[13.979589495236922,14.004353449381588,14.00030117509413,14.014628604874476,14.013956150992067]",14.004353449381588,16.0,2304.0,4032.0,65536.0,8.0,0.0
small,resident/series/avx512/striped/k14/h0/u64/raw-dense/get16,1,5,"[1824.7051548006336,1820.2576095606692,1823.4970318473743,1823.7483919788256,1820.2051221834402]",1823.4970318473743,"[1824.9554581393072,1820.8579983559503,1823.928960038067,1824.2458152304107,1820.6789306816684]",1823.928960038067,"[7.127754510939975,7.110381287346364,7.123035280653806,7.124017156167287,7.110176258529063]",7.123035280653806,16.0,2304.0,4032.0,65536.0,8.0,0.0
small,resident/series/avx512/striped/k15/h0/u64/admitted-region/get16,1,5,"[1884.0801014519766,1879.2009313186968,1879.360637698276,1877.3727153170114,1877.8369118869964]",1879.2009313186968,"[1884.9211734076816,1879.4074183416492,1879.8919187316199,1879.352921441973,1878.0282482085202]",1879.4074183416492,"[7.3596878962967835,7.3406286379636585,7.341252491008889,7.333487169207076,7.33530043705858]",7.3406286379636585,16.0,2048.0,3840.0,65536.0,8.0,0.0
small,resident/series/avx512/striped/k15/h0/u64/get16,1,5,"[3511.8264837893275,3504.8341566160325,3507.6363431205887,3499.0481181516825,3503.748451643793]",3504.8341566160325,"[3512.4830621090146,3505.6919585767523,3508.0958100352595,3499.5004638795244,3504.164088162618]",3505.6919585767523,"[13.718072202302062,13.690758424281377,13.701704465314798,13.66815671153001,13.686517389233567]",13.690758424281377,16.0,2048.0,3840.0,65536.0,8.0,0.0
small,resident/series/avx512/striped/k15/h0/u64/raw-dense/get16,1,5,"[1884.9780623307101,1884.9945121951255,1886.2448373985221,1885.652317073204,1887.4121002708735]",1885.652317073204,"[1885.2373170729975,1885.2397154470355,1886.9633875336392,1885.9761924126626,1887.871111110786]",1885.9761924126626,"[7.363195555979337,7.36325981326221,7.368143896087978,7.365829363567202,7.372703516683099]",7.365829363567202,16.0,2048.0,3840.0,65536.0,8.0,0.0
small,resident/series/avx512/striped/k2/h0/u64/admitted-region/get16,1,5,"[1597.9432455761876,1596.0494059923185,1590.7911659814472,1595.677759353099,1601.4409967516797]",1596.0494059923185,"[1598.0856029803087,1596.577709379237,1591.0398882403476,1598.2680303476625,1603.1133725551665]",1598.0856029803087,"[6.241965803031984,6.234567992157493,6.214027992115028,6.233116247473043,6.255628893561249]",6.234567992157493,16.0,16384.0,4096.0,65536.0,8.0,0.0
small,resident/series/avx512/striped/k2/h0/u64/get16,1,5,"[3424.3418309651365,3413.240154383259,3421.0279512266643,3411.419563400352,3419.6139682383555]",3419.6139682383555,"[3424.9852991792272,3414.35547470353,3421.3555484535223,3411.8270809767278,3420.218643984271]",3420.218643984271,"[13.376335277207565,13.332969353059609,13.363390434479156,13.325857669532624,13.357867063431074]",13.357867063431074,16.0,16384.0,4096.0,65536.0,8.0,0.0
small,resident/series/avx512/striped/k2/h0/u64/raw-dense/get16,1,5,"[1606.7827146585191,1595.032866980144,1601.1940404888182,1602.7003920125958,1603.3275546920586]",1602.7003920125958,"[1607.1007161989476,1595.5683492931773,1601.446583972516,1603.3511329279995,1604.3823674796827]",1603.3511329279995,"[6.2764949791348394,6.230597136641188,6.254664220659446,6.260548406299202,6.262998260515853]",6.260548406299202,16.0,16384.0,4096.0,65536.0,8.0,0.0
small,resident/series/avx512/striped/k20/h0/u64/admitted-region/get16,1,5,"[1741.4556370164596,1746.2544699634243,1735.3015884890867,1737.134086431818,1736.878431959294]",1737.134086431818,"[1741.6248347921664,1746.4910850103845,1735.8360265327267,1737.298920226836,1737.0559961100205]",1737.298920226836,"[6.802561082095544,6.821306523294626,6.778521830035494,6.78568002512429,6.784681374840991]",6.78568002512429,16.0,1536.0,3840.0,65536.0,8.0,0.0
small,resident/series/avx512/striped/k20/h0/u64/get16,1,5,"[3389.607764065675,3398.1280001946066,3392.762705276319,3401.7007093576167,3399.886988630873]",3398.1280001946066,"[3390.8379652122535,3398.422432223133,3393.2055922649142,3402.1562287434617,3400.518778544448]",3398.422432223133,"[13.240655328381541,13.273937500760184,13.252979317485622,13.287893395928188,13.280808549339348]",13.273937500760184,16.0,1536.0,3840.0,65536.0,8.0,0.0
small,resident/series/avx512/striped/k20/h0/u64/raw-dense/get16,1,5,"[1740.35912317839,1736.1399925272067,1738.3937476648462,1741.7615518743407,1740.0541536929409]",1740.0541536929409,"[1740.572412505283,1736.6219454477457,1738.6988541538024,1742.8474156183777,1744.8213974340363]",1740.572412505283,"[6.798277824915586,6.781796845809402,6.790600576815805,6.8037560620091435,6.79708653786305]",6.79708653786305,16.0,1536.0,3840.0,65536.0,8.0,0.0
small,resident/series/avx512/striped/k3/h0/u64/admitted-region/get16,1,5,"[1691.6468670684562,1688.1210229391506,1696.0184403305723,1690.7193412964236,1686.0803411400634]",1690.7193412964236,"[1692.1251127708663,1688.3912285130154,1696.7393814733275,1691.1982846759365,1686.592532447953]",1691.1982846759365,"[6.607995574486156,6.594222745856057,6.625072032541297,6.604372426939154,6.586251332578373]",6.604372426939154,16.0,10752.0,4032.0,65536.0,8.0,0.0
small,resident/series/avx512/striped/k3/h0/u64/get16,1,5,"[3467.83755055736,3455.649551149289,3459.5735671303123,3463.8235178060877,3449.7622324157946]",3459.5735671303123,"[3469.3216928090915,3467.6782578672655,3461.470010850447,3464.3892177181992,3450.6245930752366]",3464.3892177181992,"[13.546240431864687,13.498631059176908,13.513959246602784,13.53056061643003,13.475633720374196]",13.513959246602784,16.0,10752.0,4032.0,65536.0,8.0,0.0
small,resident/series/avx512/striped/k3/h0/u64/raw-dense/get16,1,5,"[1704.3063419534712,1700.3905624089612,1702.267128909415,1695.4737170928183,1693.0572699097202]",1700.3905624089612,"[1704.540995455166,1700.7274074799598,1702.679031250833,1695.6565275449277,1693.618392522791]",1700.7274074799598,"[6.657446648255747,6.642150634410004,6.649480972302403,6.6229442073938225,6.613504960584844]",6.642150634410004,16.0,10752.0,4032.0,65536.0,8.0,0.0
small,resident/series/avx512/striped/k4/h0/u64/admitted-region/get16,1,5,"[1606.4619474754927,1605.6126780100212,1601.1653643425334,1605.4758877380855,1609.1827260957932]",1605.6126780100212,"[1606.6922854632487,1605.762217958495,1601.4737493068935,1605.732753837403,1609.6231389869154]",1605.762217958495,"[6.2752419823261425,6.271924523476645,6.254552204463021,6.271390186476896,6.285870023811692]",6.271924523476645,16.0,8192.0,4096.0,65536.0,8.0,0.0
small,resident/series/avx512/striped/k4/h0/u64/get16,1,5,"[3436.7861513133666,3432.286556748766,3439.0292896281485,3433.320490453776,3432.218173329857]",3433.320490453776,"[3437.576922131287,3432.8493746467557,3440.0970833235438,3434.105511463049,3433.018822026222]",3434.105511463049,"[13.424945903567838,13.407369362299868,13.433708162609953,13.411408165835065,13.407102239569754]",13.411408165835065,16.0,8192.0,4096.0,65536.0,8.0,0.0
small,resident/series/avx512/striped/k4/h0/u64/raw-dense/get16,1,5,"[1604.8140251616123,1605.0706777984265,1599.3157041330626,1604.7831021872364,1604.4868442236225]",1604.7831021872364,"[1605.1760735065543,1605.452850801525,1599.468743531472,1604.9691345250853,1604.7376089607792]",1604.9691345250853,"[6.268804785787547,6.269807335150103,6.247326969269777,6.268683992918892,6.267526735248526]",6.268683992918892,16.0,8192.0,4096.0,65536.0,8.0,0.0
small,resident/series/avx512/striped/k5/h0/u64/admitted-region/get16,1,5,"[1763.913642464557,1748.364588345496,1747.5902702155158,1743.2596804011891,1741.3519132879233]",1747.5902702155158,"[1764.363929900982,1748.9978727171972,1748.528743637287,1743.8493934715218,1741.5162205282]",1748.528743637287,"[6.890287665877175,6.829549173224593,6.826524493029359,6.809608126567145,6.802155911280951]",6.826524493029359,16.0,6400.0,4000.0,65536.0,8.0,0.0
small,resident/series/avx512/striped/k5/h0/u64/get16,1,5,"[3549.7106761564783,3539.4586426028486,3541.634646670106,3544.535078800108,3536.8806304016193]",3541.634646670106,"[3551.5817996947108,3540.6279867813823,3542.0725978641194,3545.206634468122,3537.460625317048]",3542.0725978641194,"[13.866057328736245,13.82601032266738,13.834510338555102,13.84584015156292,13.815939962506322]",13.834510338555102,16.0,6400.0,4000.0,65536.0,8.0,0.0
small,resident/series/avx512/striped/k5/h0/u64/raw-dense/get16,1,5,"[1757.644134427646,1759.0356235720922,1750.99749830876,1757.4496407009794,1761.4450329942024]",1757.644134427646,"[1758.0922690081352,1759.3543594524683,1751.2142264534937,1758.0300330579223,1762.3183784955145]",1758.0922690081352,"[6.865797400107991,6.871232904578486,6.839833977768595,6.8650376589882,6.880644660133603]",6.865797400107991,16.0,6400.0,4000.0,65536.0,8.0,0.0
small,resident/series/avx512/striped/k6/h0/u64/admitted-region/get16,1,5,"[1726.8571340141955,1714.8629650262485,1714.2923181678887,1712.1093160012601,1712.0078242030143]",1714.2923181678887,"[1727.3569297432132,1715.0815227488943,1714.5123491173076,1712.3724543484336,1712.5517548742478]",1714.5123491173076,"[6.74553567974295,6.698683457133783,6.696454367843315,6.687927015629922,6.687530563293025]",6.696454367843315,16.0,5376.0,4032.0,65536.0,8.0,0.0
small,resident/series/avx512/striped/k6/h0/u64/get16,1,5,"[3405.256255329632,3405.580363016042,3403.213302472848,3412.7000852723463,3401.315409915793]",3405.256255329632,"[3405.732902911523,3406.1628456571157,3404.303764161619,3414.1944938478255,3402.0456328416794]",3405.732902911523,"[13.301782247381375,13.303048293031413,13.293801962784563,13.330859708095105,13.286388319983569]",13.301782247381375,16.0,5376.0,4032.0,65536.0,8.0,0.0
small,resident/series/avx512/striped/k6/h0/u64/raw-dense/get16,1,5,"[1731.9018052685103,1729.9841868868093,1733.0267140153624,1732.9549115925704,1730.701778047201]",1731.9018052685103,"[1732.1405486333294,1730.282953266369,1733.4288100568638,1733.1633650502683,1730.8625941920818]",1732.1405486333294,"[6.765241426830119,6.757750730026599,6.769635601622509,6.769355123408477,6.760553820496879]",6.765241426830119,16.0,5376.0,4032.0,65536.0,8.0,0.0
small,resident/series/avx512/striped/k7/h0/u64/admitted-region/get16,1,5,"[1747.2279540172233,1741.393404108283,1742.880909604833,1737.50593630246,1740.1035994722718]",1741.393404108283,"[1747.9311137628788,1741.8757082730754,1743.3244550534096,1737.8815377846197,1740.2590363715808]",1741.8757082730754,"[6.825109195379779,6.80231798479798,6.80812855314388,6.787132563681484,6.7972796854385615]",6.80231798479798,16.0,4608.0,4032.0,65536.0,8.0,0.0
small,resident/series/avx512/striped/k7/h0/u64/get16,1,5,"[3478.586833059622,3489.062197977511,3483.734220096553,3480.5663577940577,3471.5007223632792]",3480.5663577940577,"[3479.4078114878785,3489.7961191653703,3484.1733423011783,3480.973272555928,3471.9164300297352]",3480.973272555928,"[13.588229816639148,13.629149210849652,13.608336797252159,13.595962335133036,13.560549696731558]",13.595962335133036,16.0,4608.0,4032.0,65536.0,8.0,0.0
small,resident/series/avx512/striped/k7/h0/u64/raw-dense/get16,1,5,"[1751.168807455093,1743.8242160935736,1750.2930613272842,1743.6613398815443,1746.1884271502224]",1746.1884271502224,"[1751.4568064476018,1744.0475506861956,1750.9604331943708,1743.9271754188826,1746.540372748606]",1746.540372748606,"[6.840503154121457,6.811813344115522,6.837082270809704,6.811177108912283,6.8210485435555555]",6.8210485435555555,16.0,4608.0,4032.0,65536.0,8.0,0.0
